recorded_at,zone_id,location,hour,day_of_week,is_weekend,weather_code,weather_label,temperature_c,humidity_pct,area_m2,exits_count,event_flag,event_intensity,prev_density,current_density,predicted_density_30m,duration_min,movement_speed_mps,occupancy_ratio,camera_count,noise_db,risk_label,anomaly_label,anomaly_reason,sensor_value,rolling_mean_1h,z_score
2025-06-01T00:00:00,1,zone1,0,6,1,0,clear,31.31,58.77,520,3,0,0.04,103.56,72.33,90.42,59.63,1.279,0.1391,6,61.94,Aman,0,normal,66.37,108.34,2.332
2025-06-01T00:15:00,3,zone3,0,6,1,1,cloudy,27.55,79.17,430,2,1,0.893,92.54,140.43,194.23,154.16,0.956,0.3266,2,84.95,Waspada,1,density_spike,152.8,80.63,4.01
2025-06-01T00:30:00,1,zone1,0,6,1,3,storm,26.09,98,520,3,0,0.099,47.09,4,4,34.72,1.369,0.0077,4,65.18,Aman,1,density_spike,-11.23,51.11,3.464
2025-06-01T00:45:00,2,zone2,0,6,1,0,clear,29.15,68.49,680,4,0,0.048,132.58,121.19,95.9,69.86,1.368,0.1782,3,75.37,Aman,0,normal,108.08,121.59,0.75
2025-06-01T01:00:00,1,zone1,1,6,1,0,clear,29.0,60.93,520,3,1,0.623,181.81,267.2,303.8,115.9,0.797,0.5138,7,85.08,Waspada,1,density_spike,253.45,168.01,4.238
2025-06-01T01:15:00,5,zone5,1,6,1,0,clear,29.63,57.23,360,2,0,0.18,64.61,81.92,92.07,83.73,1.237,0.2275,8,64.64,Aman,0,normal,98.86,63.43,1.968
2025-06-01T01:30:00,5,zone5,1,6,1,2,rain,28.45,85.45,360,2,1,0.846,55.87,93.82,130.14,122.02,0.869,0.2606,7,82.44,Waspada,1,density_spike,112.01,55.32,3.149
2025-06-01T01:45:00,3,zone3,1,6,1,2,rain,27.19,82.42,430,2,0,0.036,138.4,146.44,186.76,93.3,0.8,0.3406,6,80.0,Aman,0,normal,129.62,148.95,1.073
2025-06-01T02:00:00,1,zone1,2,6,1,0,clear,26.1,65.47,520,3,0,0.014,172.55,128.02,113.01,51.65,0.847,0.2462,3,79.38,Aman,0,normal,133.65,167.38,1.679
2025-06-01T02:15:00,2,zone2,2,6,1,1,cloudy,27.72,70.95,680,4,0,0.121,149.1,164.5,151.01,67.86,1.129,0.2419,2,69.99,Aman,0,normal,171.67,152.69,1.036
2025-06-01T02:30:00,1,zone1,2,6,1,2,rain,28.12,78.03,520,3,1,0.581,148.11,180.13,229.99,103.98,0.702,0.3464,8,82.41,Waspada,0,normal,168.21,152.75,0.844
2025-06-01T02:45:00,1,zone1,2,6,1,1,cloudy,30.17,77.93,520,3,0,0.018,157.57,130.78,161.9,54.34,1.195,0.2515,5,55.53,Aman,0,normal,139.78,138.6,0.066
2025-06-01T03:00:00,5,zone5,3,6,1,0,clear,31.56,67.27,360,2,0,0.097,119.65,143.1,144.55,81.43,0.588,0.3975,2,71.24,Waspada,1,density_spike,172.93,115.05,3.216
2025-06-01T03:15:00,5,zone5,3,6,1,1,cloudy,26.75,69.23,360,2,0,0.034,45.93,66.72,78.23,63.13,1.166,0.1853,2,69.08,Aman,0,normal,57.84,50.98,0.381
2025-06-01T03:30:00,2,zone2,3,6,1,0,clear,32.73,48.5,680,4,1,0.924,196.85,253.15,288.58,151.47,1.192,0.3723,6,86.8,Waspada,1,density_spike,250.19,179.75,3.266
2025-06-01T03:45:00,3,zone3,3,6,1,0,clear,30.47,85.53,430,2,0,0.168,77.28,72.27,59.98,80.08,1.252,0.1681,6,78.75,Aman,0,normal,45.68,73.89,1.567
2025-06-01T04:00:00,5,zone5,4,6,1,1,cloudy,28.72,84.14,360,2,0,0.178,139.61,144.7,139.24,96.28,1.032,0.4019,2,66.43,Waspada,0,normal,142.11,125.7,0.911
2025-06-01T04:15:00,3,zone3,4,6,1,0,clear,29.78,62.27,430,2,0,0.163,127.75,116.66,91.45,82.04,0.497,0.2713,3,86.96,Aman,1,density_spike,22.23,124.07,6.03
2025-06-01T04:30:00,1,zone1,4,6,1,2,rain,26.42,77.27,520,3,0,0.027,99.13,119.01,127.64,19.54,1.193,0.2289,3,62.48,Aman,1,density_spike,155.21,99.68,3.085
2025-06-01T04:45:00,2,zone2,4,6,1,2,rain,25.51,69.58,680,4,0,0.146,46.03,67.3,77.95,38.81,1.535,0.099,8,68.44,Aman,0,normal,78.48,47.98,1.695
2025-06-01T05:00:00,1,zone1,5,6,1,2,rain,29.41,93.49,520,3,0,0.147,119.88,142.32,145.36,71.68,1.119,0.2737,8,74.89,Aman,0,normal,113.71,114.04,0.018
2025-06-01T05:15:00,3,zone3,5,6,1,2,rain,27.98,72.66,430,2,1,0.984,115.51,180.14,223.2,166.43,1.049,0.4189,7,93.64,Bahaya,0,normal,179.21,126.35,2.936
2025-06-01T05:30:00,1,zone1,5,6,1,1,cloudy,30.71,65.56,520,3,1,0.959,211.17,240.22,273.79,140.75,1.175,0.462,4,84.45,Bahaya,1,density_spike,258.5,188.45,3.098
2025-06-01T05:45:00,3,zone3,5,6,1,0,clear,27.22,75.43,430,2,0,0.023,86.79,113.59,98.75,73.2,0.904,0.2642,4,66.31,Aman,0,normal,125.9,92.37,1.863
2025-06-01T06:00:00,3,zone3,6,6,1,0,clear,30.67,83.42,430,2,0,0.038,163.76,147.75,148.2,64.66,0.733,0.3436,4,77.15,Aman,0,normal,134.99,150.83,0.876
2025-06-01T06:15:00,1,zone1,6,6,1,0,clear,29.9,69.67,520,3,0,0.153,232.2,221.11,235.84,86.61,1.22,0.4252,5,67.63,Waspada,0,normal,184.01,251.64,2.239
2025-06-01T06:30:00,4,zone4,6,6,1,0,clear,31.65,50.83,810,5,0,0.125,43.26,37.83,51.31,60.73,0.995,0.0467,6,59.02,Aman,0,normal,14.81,47.24,1.801
2025-06-01T06:45:00,5,zone5,6,6,1,0,clear,29.66,62.42,360,2,1,0.924,89.96,155.02,159.45,137.67,1.228,0.4306,5,93.85,Bahaya,1,density_spike,162.32,83.72,4.366
2025-06-01T07:00:00,5,zone5,7,6,1,0,clear,32.73,75.76,360,2,1,0.661,120.71,185.14,202.65,138.98,1.171,0.5143,5,80.24,Bahaya,1,density_spike,205.26,125.64,4.423
2025-06-01T07:15:00,1,zone1,7,6,1,2,rain,25.49,81.47,520,3,0,0.07,110.9,109.28,86.35,53.68,0.785,0.2102,3,62.13,Aman,0,normal,110.98,114.66,0.205
2025-06-01T07:30:00,2,zone2,7,6,1,2,rain,29.49,88.42,680,4,0,0.177,164.47,145.55,144.89,64.55,0.759,0.214,3,72.28,Aman,0,normal,130.62,150.49,1.1
2025-06-01T07:45:00,4,zone4,7,6,1,0,clear,31.58,67.5,810,5,1,0.461,181.84,230.82,246.93,89.02,0.76,0.285,7,77.76,Waspada,1,density_spike,267.14,185.76,3.651
2025-06-01T08:00:00,4,zone4,8,6,1,1,cloudy,32.13,75.42,810,5,0,0.039,114.06,96.94,67.97,33.83,1.401,0.1197,4,67.15,Aman,0,normal,75.84,107.35,1.75
2025-06-01T08:15:00,2,zone2,8,6,1,0,clear,31.45,59.77,680,4,0,0.113,83.46,96.31,58.15,52.05,1.087,0.1416,6,62.99,Aman,0,normal,104.26,82.75,1.195
2025-06-01T08:30:00,4,zone4,8,6,1,2,rain,26.99,93.09,810,5,1,0.978,163.09,188.71,203.56,163.43,1.197,0.233,8,83.3,Waspada,0,normal,200.37,159.97,2.105
2025-06-01T08:45:00,2,zone2,8,6,1,2,rain,26.14,89.24,680,4,1,0.935,127.15,150.49,202.24,140.4,1.109,0.2213,8,84.39,Waspada,0,normal,162.11,118.6,2.418
2025-06-01T09:00:00,3,zone3,9,6,1,0,clear,28.46,71.72,430,2,0,0.034,95.94,111.03,109.91,74.0,1.005,0.2582,2,70.19,Aman,0,normal,102.36,99.77,0.144
2025-06-01T09:15:00,5,zone5,9,6,1,0,clear,33.17,73.77,360,2,0,0.099,141.22,133.39,138.65,65.74,1.252,0.3705,4,70.92,Aman,0,normal,121.27,129.39,0.451
2025-06-01T09:30:00,5,zone5,9,6,1,3,storm,25.19,76.32,360,2,0,0.051,75.42,64.14,65.9,52.72,0.973,0.1782,2,64.21,Aman,0,normal,79.09,67.34,0.653
2025-06-01T09:45:00,5,zone5,9,6,1,0,clear,34.02,72.06,360,2,0,0.061,74.0,77.71,119.72,57.42,1.128,0.2159,5,71.15,Aman,0,normal,81.28,74.46,0.379
2025-06-01T10:00:00,2,zone2,10,6,1,0,clear,25.39,64.44,680,4,0,0.109,166.99,196.26,172.78,76.12,1.376,0.2886,4,68.98,Aman,0,normal,222.42,185.3,1.669
2025-06-01T10:15:00,3,zone3,10,6,1,1,cloudy,28.74,80.34,430,2,1,0.546,174.69,223.61,245.08,102.3,0.768,0.52,3,83.72,Waspada,0,normal,217.97,160.84,2.96
2025-06-01T10:30:00,5,zone5,10,6,1,1,cloudy,30.98,82.11,360,2,0,0.077,54.76,19.65,26.85,41.36,1.286,0.0546,7,54.27,Aman,0,normal,3.79,53.34,2.753
2025-06-01T10:45:00,3,zone3,10,6,1,0,clear,32.61,58.02,430,2,0,0.014,133.51,120.04,123.68,52.65,1.114,0.2792,7,90.17,Aman,0,normal,97.27,138.16,2.272
2025-06-01T11:00:00,1,zone1,11,6,1,1,cloudy,28.68,68.04,520,3,1,0.735,214.69,317.44,309.72,156.04,1.031,0.6105,5,95.24,Bahaya,0,normal,303.39,232.51,2.541
2025-06-01T11:15:00,4,zone4,11,6,1,2,rain,25.75,72.63,810,5,0,0.082,139.12,105.66,155.81,39.69,1.265,0.1305,2,64.06,Aman,0,normal,112.01,132.73,1.151
2025-06-01T11:30:00,4,zone4,11,6,1,1,cloudy,28.08,73.51,810,5,0,0.099,69.47,77.96,121.11,89.52,1.067,0.0962,3,68.26,Aman,0,normal,83.73,67.11,0.923
2025-06-01T11:45:00,1,zone1,11,6,1,1,cloudy,26.96,71.51,520,3,1,0.963,303.17,356.42,374.22,148.86,0.803,0.6854,5,99.72,Bahaya,0,normal,345.75,330.04,0.397
2025-06-01T12:00:00,3,zone3,12,6,1,1,cloudy,27.5,79.92,430,2,0,0.061,121.05,117.61,110.26,22.94,0.808,0.2735,8,74.62,Aman,0,normal,95.07,114.97,1.106
2025-06-01T12:15:00,3,zone3,12,6,1,2,rain,22.14,97.22,430,2,0,0.043,89.19,85.64,67.6,43.14,1.282,0.1992,8,69.63,Aman,0,normal,59.01,80.23,1.179
2025-06-01T12:30:00,2,zone2,12,6,1,0,clear,32.88,79.44,680,4,0,0.157,122.37,141.42,112.0,76.33,0.868,0.208,3,74.69,Aman,0,normal,127.75,113.67,0.782
2025-06-01T12:45:00,3,zone3,12,6,1,2,rain,27.75,93.09,430,2,0,0.068,80.38,61.2,27.73,54.65,1.106,0.1423,2,66.2,Aman,0,normal,74.48,71.01,0.193
2025-06-01T13:00:00,1,zone1,13,6,1,0,clear,30.4,69.11,520,3,0,0.163,192.19,189.23,182.3,81.66,0.773,0.3639,8,75.32,Waspada,0,normal,167.92,195.74,1.185
2025-06-01T13:15:00,5,zone5,13,6,1,0,clear,36.17,75.63,360,2,0,0.046,125.06,160.75,159.09,82.26,0.75,0.4465,3,75.41,Waspada,0,normal,159.51,138.83,1.149
2025-06-01T13:30:00,4,zone4,13,6,1,2,rain,33.76,80.19,810,5,0,0.069,94.56,104.76,45.64,30.62,1.004,0.1293,7,67.54,Aman,0,normal,113.82,102.59,0.624
2025-06-01T13:45:00,4,zone4,13,6,1,2,rain,26.76,69.46,810,5,0,0.14,8.02,4,4,56.77,1.373,0.0049,8,71.59,Aman,0,normal,-18.72,8.78,1.528
2025-06-01T14:00:00,3,zone3,14,6,1,1,cloudy,24.42,56.63,430,2,1,0.651,160.52,188.48,204.62,126.89,0.997,0.4383,4,81.02,Waspada,0,normal,186.93,172.71,0.686
2025-06-01T14:15:00,3,zone3,14,6,1,1,cloudy,33.45,71.05,430,2,0,0.021,173.8,196.0,231.65,80.21,0.678,0.4558,5,62.88,Waspada,1,density_spike,221.1,150.1,3.942
2025-06-01T14:30:00,4,zone4,14,6,1,0,clear,27.08,71.88,810,5,0,0.047,88.39,78.42,67.08,33.08,0.855,0.0968,4,64.04,Aman,0,normal,97.05,77.47,1.088
2025-06-01T14:45:00,4,zone4,14,6,1,0,clear,29.1,55.42,810,5,1,0.47,74.39,117.11,148.52,78.3,1.089,0.1446,4,81.97,Aman,0,normal,110.51,78.33,1.788
2025-06-01T15:00:00,4,zone4,15,6,1,1,cloudy,31.47,62.42,810,5,0,0.111,100.08,125.93,131.65,81.65,1.136,0.1555,7,77.88,Aman,0,normal,140.1,102.84,2.07
2025-06-01T15:15:00,4,zone4,15,6,1,0,clear,34.71,72.69,810,5,0,0.115,123.67,147.12,153.47,96.85,1.078,0.1816,3,69.82,Aman,0,normal,159.89,134.32,1.421
2025-06-01T15:30:00,2,zone2,15,6,1,1,cloudy,28.25,75.47,680,4,0,0.05,178.6,171.35,170.29,53.5,1.119,0.252,4,63.84,Aman,0,normal,174.2,168.63,0.275
2025-06-01T15:45:00,5,zone5,15,6,1,0,clear,32.0,51.28,360,2,1,0.697,124.36,156.73,176.01,126.05,1.161,0.4354,7,77.98,Waspada,0,normal,153.9,138.12,0.877
2025-06-01T16:00:00,4,zone4,16,6,1,2,rain,29.79,74.23,810,5,0,0.019,26.97,23.69,18.58,51.61,1.403,0.0292,6,63.18,Aman,0,normal,3.18,30.17,1.499
2025-06-01T16:15:00,1,zone1,16,6,1,1,cloudy,27.8,81.46,520,3,1,0.81,246.78,260.29,281.09,109.78,1.068,0.5005,5,85.51,Waspada,0,normal,264.56,239.61,0.868
2025-06-01T16:30:00,3,zone3,16,6,1,2,rain,28.02,69.97,430,2,0,0.085,131.77,129.51,128.31,43.09,1.062,0.3012,6,66.11,Aman,0,normal,161.2,127.4,1.878
2025-06-01T16:45:00,1,zone1,16,6,1,3,storm,24.49,86.63,520,3,0,0.063,71.62,55.13,86.27,51.5,1.262,0.106,8,65.89,Aman,0,normal,68.52,69.58,0.059
2025-06-01T17:00:00,5,zone5,17,6,1,1,cloudy,31.24,75.86,360,2,0,0.005,107.0,85.89,96.57,73.42,1.008,0.2386,2,70.0,Aman,0,normal,114.18,110.31,0.215
2025-06-01T17:15:00,1,zone1,17,6,1,1,cloudy,30.24,70.89,520,3,0,0.076,211.14,187.75,208.89,69.99,0.773,0.3611,2,70.06,Aman,0,normal,181.68,186.06,0.196
2025-06-01T17:30:00,4,zone4,17,6,1,0,clear,31.3,71.25,810,5,0,0.049,145.75,161.69,151.36,87.15,0.819,0.1996,2,84.49,Aman,0,normal,174.63,127.42,2.623
2025-06-01T17:45:00,3,zone3,17,6,1,0,clear,31.32,64.1,430,2,1,0.724,243.33,309.29,355.53,144.02,0.926,0.7193,7,89.7,Bahaya,1,density_spike,305.03,210.45,3.745
2025-06-01T18:00:00,3,zone3,18,6,1,1,cloudy,26.14,87.13,430,2,0,0.128,145.36,147.77,164.31,95.43,0.736,0.3436,4,77.03,Waspada,0,normal,128.13,134.2,0.337
2025-06-01T18:15:00,3,zone3,18,6,1,1,cloudy,28.57,59.36,430,2,0,0.14,118.29,104.26,111.55,73.64,1.356,0.2425,4,71.74,Aman,0,normal,91.46,106.23,0.821
2025-06-01T18:30:00,5,zone5,18,6,1,0,clear,26.5,59.61,360,2,0,0.014,81.84,68.35,55.97,37.69,0.949,0.1899,7,60.28,Aman,0,normal,60.77,88.77,1.556
2025-06-01T18:45:00,4,zone4,18,6,1,1,cloudy,33.45,81.41,810,5,0,0.106,112.53,128.85,168.38,79.17,1.159,0.1591,4,73.33,Aman,0,normal,108.14,111.61,0.193
2025-06-01T19:00:00,5,zone5,19,6,1,2,rain,26.71,86.91,360,2,0,0.007,73.26,50.69,40.62,31.28,1.332,0.1408,8,62.58,Aman,0,normal,39.0,76.61,2.089
2025-06-01T19:15:00,4,zone4,19,6,1,3,storm,26.45,76.8,810,5,0,0.11,93.53,89.73,101.69,62.57,0.89,0.1108,2,70.2,Aman,0,normal,93.14,96.93,0.211
2025-06-01T19:30:00,5,zone5,19,6,1,2,rain,24.22,70.29,360,2,0,0.105,45.43,72.97,85.22,39.06,0.744,0.2027,4,65.62,Aman,0,normal,93.53,42.95,2.81
2025-06-01T19:45:00,5,zone5,19,6,1,0,clear,31.19,71.31,360,2,0,0.092,150.37,140.82,219.35,45.66,1.208,0.3912,3,80.96,Aman,0,normal,157.9,133.27,1.368
2025-06-01T20:00:00,5,zone5,20,6,1,0,clear,29.65,74.33,360,2,0,0.138,104.63,121.78,168.93,37.68,1.03,0.3383,5,72.64,Aman,0,normal,147.4,109.56,2.102
2025-06-01T20:15:00,4,zone4,20,6,1,0,clear,29.1,68.55,810,5,0,0.174,138.82,160.74,191.42,62.2,0.875,0.1984,5,64.8,Aman,0,normal,176.47,154.27,1.199
2025-06-01T20:30:00,5,zone5,20,6,1,0,clear,34.97,57.88,360,2,0,0.115,106.66,111.89,161.59,32.41,0.945,0.3108,4,72.51,Aman,0,normal,146.9,114.77,1.785
2025-06-01T20:45:00,3,zone3,20,6,1,2,rain,29.25,71.18,430,2,0,0.071,163.63,144.99,180.68,63.37,1.147,0.3372,2,70.45,Aman,0,normal,135.0,152.93,0.977
2025-06-01T21:00:00,2,zone2,21,6,1,1,cloudy,27.61,72.39,680,4,0,0.111,196.64,196.9,267.87,104.91,0.88,0.2896,8,74.85,Aman,0,normal,167.33,171.55,0.205
2025-06-01T21:15:00,1,zone1,21,6,1,2,rain,27.55,89.29,520,3,0,0.096,209.19,172.38,193.49,66.01,1.033,0.3315,4,68.79,Aman,0,normal,165.47,232.91,2.413
2025-06-01T21:30:00,5,zone5,21,6,1,0,clear,28.74,59.71,360,2,0,0.091,118.73,121.27,132.71,71.47,0.989,0.3369,2,78.11,Aman,0,normal,125.44,121.51,0.218
2025-06-01T21:45:00,1,zone1,21,6,1,0,clear,34.83,72.35,520,3,0,0.116,173.69,161.62,142.94,55.66,1.053,0.3108,3,65.46,Aman,0,normal,165.78,151.35,0.794
2025-06-01T22:00:00,1,zone1,22,6,1,0,clear,30.43,64.97,520,3,0,0.072,194.34,200.19,185.74,55.3,1.023,0.385,7,72.9,Aman,0,normal,224.27,185.72,1.73
2025-06-01T22:15:00,4,zone4,22,6,1,0,clear,27.43,58.07,810,5,0,0.125,91.88,104.78,91.65,77.95,1.237,0.1294,5,63.23,Aman,0,normal,100.06,80.93,1.063
2025-06-01T22:30:00,3,zone3,22,6,1,0,clear,32.36,69.99,430,2,0,0.03,85.16,96.72,119.15,38.49,0.841,0.2249,8,66.6,Aman,0,normal,74.41,87.35,0.719
2025-06-01T22:45:00,1,zone1,22,6,1,0,clear,32.36,67.93,520,3,0,0.141,246.7,285.07,296.37,71.26,1.007,0.5482,6,68.19,Waspada,0,normal,290.73,240.63,1.735
2025-06-01T23:00:00,2,zone2,23,6,1,0,clear,30.29,65.42,680,4,0,0.117,186.79,214.19,191.28,73.02,0.877,0.315,4,66.36,Aman,0,normal,190.4,190.36,0.002
2025-06-01T23:15:00,2,zone2,23,6,1,2,rain,26.64,71.22,680,4,0,0.162,14.87,31.41,55.72,65.8,1.084,0.0462,4,66.85,Aman,0,normal,46.95,13.4,1.864
2025-06-01T23:30:00,2,zone2,23,6,1,1,cloudy,32.38,85.39,680,4,0,0.022,173.02,189.94,209.87,64.95,0.813,0.2793,6,76.91,Aman,0,normal,165.72,151.76,0.767
2025-06-01T23:45:00,4,zone4,23,6,1,1,cloudy,29.85,62.77,810,5,0,0.013,134.25,113.84,92.09,44.85,0.984,0.1405,8,72.45,Aman,0,normal,158.85,130.55,1.572
2025-06-02T00:00:00,1,zone1,0,0,0,2,rain,28.35,74.31,520,3,0,0.055,115.15,95.87,119.09,46.82,1.108,0.1844,3,61.73,Aman,0,normal,88.22,102.78,0.808
2025-06-02T00:15:00,2,zone2,0,0,0,1,cloudy,29.92,74.43,680,4,0,0.031,125.99,132.5,117.9,60.3,1.075,0.1949,8,62.06,Aman,0,normal,113.16,129.68,0.918
2025-06-02T00:30:00,4,zone4,0,0,0,1,cloudy,30.67,82.01,810,5,1,0.939,78.3,123.15,171.1,173.54,0.96,0.152,7,88.86,Waspada,0,normal,130.55,77.2,2.964
2025-06-02T00:45:00,3,zone3,0,0,0,1,cloudy,27.94,75.37,430,2,0,0.176,119.42,106.86,131.87,58.1,1.242,0.2485,4,84.6,Aman,0,normal,121.19,129.54,0.464
2025-06-02T01:00:00,2,zone2,1,0,0,2,rain,27.42,60.15,680,4,0,0.13,136.27,177.71,135.52,77.75,0.97,0.2613,5,69.46,Aman,0,normal,174.02,124.82,2.734
2025-06-02T01:15:00,4,zone4,1,0,0,0,clear,29.57,64.75,810,5,1,0.509,89.88,123.95,166.95,95.63,1.155,0.153,2,74.82,Aman,0,normal,121.51,89.08,1.802
2025-06-02T01:30:00,3,zone3,1,0,0,2,rain,28.4,71.6,430,2,0,0.11,91.14,90.77,119.93,56.63,1.021,0.2111,6,68.55,Aman,0,normal,101.92,79.46,1.248
2025-06-02T01:45:00,4,zone4,1,0,0,0,clear,28.67,79.86,810,5,0,0.025,92.94,87.18,104.14,24.31,0.93,0.1076,6,56.61,Aman,0,normal,81.16,87.17,0.334
2025-06-02T02:00:00,3,zone3,2,0,0,0,clear,34.49,61.94,430,2,0,0.075,133.87,117.43,97.39,40.56,1.015,0.2731,8,66.89,Aman,0,normal,94.45,116.91,1.248
2025-06-02T02:15:00,4,zone4,2,0,0,0,clear,31.81,76.05,810,5,0,0.006,76.85,79.99,79.73,43.44,1.263,0.0987,7,60.14,Aman,0,normal,66.15,83.04,0.938
2025-06-02T02:30:00,2,zone2,2,0,0,0,clear,29.97,64.91,680,4,0,0.18,44.68,88.8,70.06,70.54,0.89,0.1306,8,61.06,Aman,0,normal,79.24,46.47,1.82
2025-06-02T02:45:00,5,zone5,2,0,0,0,clear,34.91,61.23,360,2,0,0.177,52.94,57.63,34.19,40.69,1.142,0.1601,6,69.37,Aman,0,normal,67.21,54.84,0.687
2025-06-02T03:00:00,4,zone4,3,0,0,2,rain,30.14,83.99,810,5,0,0.145,52.79,72.63,64.79,75.84,1.168,0.0897,3,64.06,Aman,0,normal,71.4,53.11,1.016
2025-06-02T03:15:00,2,zone2,3,0,0,0,clear,35.03,82.72,680,4,0,0.096,118.28,142.59,149.19,61.28,1.007,0.2097,8,72.11,Aman,0,normal,141.05,121.8,1.069
2025-06-02T03:30:00,4,zone4,3,0,0,0,clear,30.16,71.24,810,5,0,0.174,37.28,18.26,50.31,69.09,0.95,0.0225,2,66.17,Aman,0,normal,37.44,40.61,0.176
2025-06-02T03:45:00,4,zone4,3,0,0,1,cloudy,27.65,97.49,810,5,0,0.135,141.52,140.75,148.17,59.14,1.34,0.1738,4,62.31,Aman,0,normal,134.79,156.24,1.144
2025-06-02T04:00:00,4,zone4,4,0,0,0,clear,34.45,74.11,810,5,0,0.06,51.09,32.29,53.26,48.73,1.142,0.0399,3,76.34,Aman,0,normal,42.92,55.86,0.719
2025-06-02T04:15:00,1,zone1,4,0,0,0,clear,28.28,61.83,520,3,0,0.058,97.5,100.67,115.19,55.75,0.671,0.1936,4,67.19,Aman,0,normal,118.56,89.84,1.595
2025-06-02T04:30:00,4,zone4,4,0,0,0,clear,34.18,75.8,810,5,0,0.09,75.19,66.61,103.5,80.91,1.113,0.0822,3,65.16,Aman,0,normal,84.95,73.56,0.633
2025-06-02T04:45:00,4,zone4,4,0,0,1,cloudy,28.92,70.91,810,5,0,0.149,79.75,70.91,50.66,65.15,0.964,0.0875,6,66.36,Aman,0,normal,68.25,79.94,0.65
2025-06-02T05:00:00,5,zone5,5,0,0,0,clear,31.27,58.19,360,2,0,0.154,54.14,39.03,4,59.67,1.11,0.1084,3,68.14,Aman,0,normal,5.53,47.38,2.325
2025-06-02T05:15:00,4,zone4,5,0,0,0,clear,33.7,66.21,810,5,1,0.57,112.55,127.66,168.94,100.2,1.104,0.1576,2,77.56,Aman,0,normal,139.3,100.76,2.141
2025-06-02T05:30:00,4,zone4,5,0,0,0,clear,34.53,71.31,810,5,0,0.081,78.96,89.75,132.32,47.47,0.544,0.1108,2,100.05,Aman,1,density_spike,21.09,78.76,6.133
2025-06-02T05:45:00,4,zone4,5,0,0,0,clear,29.23,57.66,810,5,0,0.045,63.33,59.68,108.56,47.53,1.102,0.0737,8,77.46,Aman,0,normal,44.14,58.42,0.794
2025-06-02T06:00:00,5,zone5,6,0,0,0,clear,30.38,72.84,360,2,0,0.127,76.73,67.4,73.13,70.09,1.147,0.1872,6,68.86,Aman,0,normal,45.25,84.28,2.168
2025-06-02T06:15:00,3,zone3,6,0,0,0,clear,33.86,61.08,430,2,0,0.177,88.22,88.25,103.16,42.04,1.008,0.2052,7,64.06,Aman,0,normal,98.06,98.17,0.006
2025-06-02T06:30:00,4,zone4,6,0,0,1,cloudy,32.77,71.32,810,5,0,0.075,50.3,67.68,28.81,58.45,1.092,0.0836,8,67.13,Aman,0,normal,47.47,48.65,0.066
2025-06-02T06:45:00,3,zone3,6,0,0,0,clear,30.46,65.61,430,2,0,0.166,128.58,164.36,185.42,77.23,1.089,0.3822,7,81.97,Waspada,0,normal,179.52,130.22,2.739
2025-06-02T07:00:00,2,zone2,7,0,0,0,clear,30.99,62.82,680,4,0,0.06,204.6,212.87,217.85,65.23,1.214,0.3131,3,60.26,Aman,0,normal,214.0,197.06,0.716
2025-06-02T07:15:00,4,zone4,7,0,0,0,clear,30.31,71.87,810,5,0,0.047,125.25,120.34,118.28,75.96,1.103,0.1486,8,66.11,Aman,0,normal,125.71,135.86,0.564
2025-06-02T07:30:00,1,zone1,7,0,0,0,clear,31.02,59.9,520,3,0,0.104,178.44,198.89,167.7,93.33,0.726,0.3825,7,79.56,Waspada,0,normal,193.74,176.13,0.833
2025-06-02T07:45:00,3,zone3,7,0,0,0,clear,34.96,73.65,430,2,0,0.088,58.81,40.07,35.43,55.22,1.195,0.0932,8,67.7,Aman,0,normal,40.72,52.68,0.664
2025-06-02T08:00:00,1,zone1,8,0,0,1,cloudy,29.22,72.75,520,3,1,0.728,165.15,189.11,203.63,114.35,0.981,0.3637,6,84.96,Waspada,0,normal,173.88,173.03,0.041
2025-06-02T08:15:00,4,zone4,8,0,0,1,cloudy,29.47,70.88,810,5,0,0.019,89.35,88.66,97.19,17.03,1.105,0.1095,4,72.17,Aman,0,normal,83.33,82.49,0.046
2025-06-02T08:30:00,3,zone3,8,0,0,1,cloudy,29.31,87.42,430,2,0,0.118,112.52,103.82,86.82,76.45,1.088,0.2414,3,75.25,Aman,0,normal,78.27,115.64,2.076
2025-06-02T08:45:00,5,zone5,8,0,0,2,rain,29.89,74.91,360,2,0,0.162,150.59,130.86,127.73,92.22,0.846,0.3635,4,85.42,Waspada,0,normal,139.82,141.82,0.111
2025-06-02T09:00:00,5,zone5,9,0,0,0,clear,28.32,67.15,360,2,0,0.148,79.11,111.56,77.9,50.2,0.913,0.3099,5,67.68,Aman,0,normal,107.94,88.36,1.087
2025-06-02T09:15:00,1,zone1,9,0,0,0,clear,29.9,91.79,520,3,0,0.014,127.1,109.8,87.64,67.23,1.074,0.2112,7,61.22,Aman,0,normal,110.85,140.41,1.642
2025-06-02T09:30:00,5,zone5,9,0,0,1,cloudy,26.26,71.75,360,2,1,0.79,113.05,152.11,208.22,153.35,0.73,0.4225,4,88.47,Bahaya,0,normal,121.86,124.94,0.171
2025-06-02T09:45:00,1,zone1,9,0,0,0,clear,31.25,66.05,520,3,0,0.1,188.49,212.08,212.32,91.33,1.105,0.4078,4,62.16,Waspada,0,normal,229.1,197.62,1.328
2025-06-02T10:00:00,2,zone2,10,0,0,1,cloudy,30.51,61.64,680,4,0,0.069,116.84,132.58,151.75,66.73,0.917,0.195,2,78.9,Aman,0,normal,106.27,122.38,0.895
2025-06-02T10:15:00,2,zone2,10,0,0,0,clear,29.12,58.26,680,4,0,0.06,136.04,145.61,125.38,43.08,1.37,0.2141,8,65.35,Aman,0,normal,170.16,141.59,1.587
2025-06-02T10:30:00,2,zone2,10,0,0,3,storm,23.41,92.86,680,4,0,0.052,49.64,27.61,30.34,63.47,0.597,0.0406,2,85.43,Aman,1,density_spike,97.39,55.56,4.531
2025-06-02T10:45:00,3,zone3,10,0,0,2,rain,26.48,67.22,430,2,1,0.916,185.19,226.73,257.86,145.73,0.975,0.5273,3,106.88,Bahaya,1,density_spike,252.77,182.34,3.219
2025-06-02T11:00:00,5,zone5,11,0,0,2,rain,26.81,76.89,360,2,0,0.075,117.79,99.53,110.42,33.85,1.113,0.2765,3,64.27,Aman,0,normal,151.91,121.12,1.711
2025-06-02T11:15:00,4,zone4,11,0,0,3,storm,23.28,84.04,810,5,0,0.143,94.7,88.1,101.08,60.92,0.93,0.1088,7,60.45,Aman,0,normal,108.75,95.94,0.712
2025-06-02T11:30:00,3,zone3,11,0,0,3,storm,29.1,78.95,430,2,0,0.053,127.6,121.75,117.38,40.03,0.859,0.2831,6,69.29,Aman,0,normal,116.28,124.27,0.444
2025-06-02T11:45:00,1,zone1,11,0,0,0,clear,25.37,59.59,520,3,0,0.02,134.8,162.95,142.83,35.31,1.013,0.3134,4,68.9,Aman,1,density_spike,182.19,122.4,3.322
2025-06-02T12:00:00,4,zone4,12,0,0,0,clear,26.9,80.02,810,5,0,0.159,99.2,111.06,119.08,79.63,1.045,0.1371,6,76.4,Aman,0,normal,101.4,90.13,0.626
2025-06-02T12:15:00,4,zone4,12,0,0,0,clear,29.01,54.26,810,5,0,0.107,131.78,125.05,115.84,76.15,0.916,0.1544,8,75.2,Aman,0,normal,112.64,136.36,1.318
2025-06-02T12:30:00,2,zone2,12,0,0,0,clear,28.22,71.47,680,4,0,0.125,117.42,130.99,122.6,72.13,0.919,0.1926,7,67.5,Aman,0,normal,128.03,106.07,1.22
2025-06-02T12:45:00,5,zone5,12,0,0,0,clear,27.23,67.65,360,2,0,0.002,100.35,118.96,64.69,30.38,0.99,0.3305,7,64.6,Aman,0,normal,122.94,101.05,1.216
2025-06-02T13:00:00,2,zone2,13,0,0,0,clear,31.77,48,680,4,0,0.097,75.59,90.24,94.61,34.62,1.215,0.1327,8,62.81,Aman,0,normal,91.6,75.66,0.886
2025-06-02T13:15:00,2,zone2,13,0,0,3,storm,29.71,96.33,680,4,0,0.149,35.87,4,88.61,36.76,1.297,0.0059,8,75.47,Aman,0,normal,27.36,32.81,0.303
2025-06-02T13:30:00,3,zone3,13,0,0,2,rain,26.75,75.43,430,2,0,0.077,100.24,55.43,66.76,29.49,0.913,0.1289,3,75.62,Aman,0,normal,51.34,93.74,2.356
2025-06-02T13:45:00,1,zone1,13,0,0,0,clear,29.92,52.42,520,3,0,0.074,218.02,218.71,244.25,66.44,0.871,0.4206,3,71.32,Waspada,0,normal,190.25,215.24,0.968
2025-06-02T14:00:00,3,zone3,14,0,0,1,cloudy,27.36,73.74,430,2,0,0.014,101.75,75.58,73.29,20.0,1.257,0.1758,5,66.79,Aman,0,normal,72.25,107.99,1.986
2025-06-02T14:15:00,3,zone3,14,0,0,2,rain,24.66,76.14,430,2,0,0.072,35.08,31.65,12.47,41.86,0.664,0.0736,6,75.26,Aman,1,density_spike,7.98,36.4,5.041
2025-06-02T14:30:00,2,zone2,14,0,0,0,clear,30.21,64.88,680,4,1,0.977,155.14,214.65,252.54,146.1,1.137,0.3157,7,91.2,Waspada,0,normal,210.98,160.22,2.64
2025-06-02T14:45:00,2,zone2,14,0,0,0,clear,29.52,53.11,680,4,0,0.017,112.81,135.31,144.09,35.26,1.072,0.199,2,73.03,Aman,0,normal,133.83,100.89,1.83
2025-06-02T15:00:00,4,zone4,15,0,0,0,clear,28.2,65.98,810,5,0,0.019,83.06,101.23,114.82,17.25,0.976,0.125,2,65.77,Aman,0,normal,72.94,85.47,0.696
2025-06-02T15:15:00,2,zone2,15,0,0,2,rain,29.43,79.41,680,4,0,0.08,120.82,116.29,109.07,79.36,1.321,0.171,4,70.9,Aman,0,normal,128.07,106.55,1.196
2025-06-02T15:30:00,5,zone5,15,0,0,1,cloudy,31.42,90.1,360,2,0,0.169,115.39,88.08,101.78,87.48,1.13,0.2447,7,74.96,Aman,0,normal,78.79,127.87,2.727
2025-06-02T15:45:00,5,zone5,15,0,0,0,clear,29.34,54.62,360,2,0,0.002,77.98,70.9,87.15,56.05,0.94,0.1969,6,76.28,Aman,0,normal,61.7,67.4,0.317
2025-06-02T16:00:00,3,zone3,16,0,0,0,clear,32.98,62.19,430,2,0,0.171,100.98,140.63,146.78,51.09,0.788,0.3271,6,68.46,Aman,0,normal,127.86,94.98,1.827
2025-06-02T16:15:00,5,zone5,16,0,0,0,clear,31.95,68.21,360,2,0,0.137,83.97,83.91,73.92,19.15,1.242,0.2331,3,63.77,Aman,0,normal,92.26,85.5,0.376
2025-06-02T16:30:00,2,zone2,16,0,0,0,clear,32.08,76.1,680,4,0,0.126,167.55,170.0,177.03,40.72,1.104,0.25,8,62.81,Aman,0,normal,183.87,149.23,1.924
2025-06-02T16:45:00,5,zone5,16,0,0,0,clear,33.27,78.51,360,2,0,0.104,65.55,56.49,65.46,30.87,1.13,0.1569,4,75.24,Aman,0,normal,38.95,58.34,1.077
2025-06-02T17:00:00,1,zone1,17,0,0,0,clear,29.27,63.81,520,3,0,0.044,154.3,164.27,197.76,45.54,0.657,0.3159,7,65.21,Aman,0,normal,178.68,142.66,2.001
2025-06-02T17:15:00,5,zone5,17,0,0,0,clear,33.76,56.72,360,2,0,0.162,75.5,103.85,52.74,71.45,1.01,0.2885,5,70.08,Aman,0,normal,111.35,73.9,2.081
2025-06-02T17:30:00,3,zone3,17,0,0,1,cloudy,26.82,84.86,430,2,0,0.112,81.03,68.44,73.82,44.49,1.374,0.1592,3,79.67,Aman,0,normal,42.34,70.19,1.547
2025-06-02T17:45:00,1,zone1,17,0,0,2,rain,33.65,75.82,520,3,1,0.812,185.61,223.25,249.24,126.9,0.932,0.4293,5,90.06,Waspada,1,density_spike,235.26,161.75,3.787
2025-06-02T18:00:00,5,zone5,18,0,0,0,clear,30.53,72.73,360,2,0,0.083,62.02,57.44,58.66,38.58,1.074,0.1596,7,66.76,Aman,0,normal,43.89,57.54,0.759
2025-06-02T18:15:00,3,zone3,18,0,0,0,clear,30.52,70.73,430,2,0,0.013,172.95,178.32,183.78,65.09,1.021,0.4147,5,62.79,Aman,0,normal,203.65,169.05,1.705
2025-06-02T18:30:00,1,zone1,18,0,0,0,clear,24.88,55.01,520,3,0,0.055,163.93,160.21,199.46,53.03,0.925,0.3081,5,68.14,Aman,0,normal,164.98,152.07,0.707
2025-06-02T18:45:00,4,zone4,18,0,0,0,clear,34.05,77.91,810,5,0,0.017,108.36,112.04,122.86,81.11,1.254,0.1383,3,60.15,Aman,0,normal,131.32,111.35,1.109
2025-06-02T19:00:00,3,zone3,19,0,0,2,rain,26.26,98,430,2,1,0.998,103.97,129.81,242.17,166.3,1.051,0.3019,5,93.84,Bahaya,0,normal,126.25,101.12,1.396
2025-06-02T19:15:00,4,zone4,19,0,0,0,clear,26.03,67.12,810,5,0,0.034,78.69,84.62,97.99,40.73,1.072,0.1045,4,63.45,Aman,0,normal,85.69,75.51,0.566
2025-06-02T19:30:00,5,zone5,19,0,0,0,clear,33.57,63.15,360,2,0,0.098,61.47,87.48,72.29,61.03,0.934,0.243,4,71.51,Aman,0,normal,95.29,57.96,2.074
2025-06-02T19:45:00,1,zone1,19,0,0,1,cloudy,31.37,57.67,520,3,0,0.064,251.14,247.77,308.2,71.79,1.058,0.4765,6,90.02,Waspada,0,normal,269.7,230.31,1.425
2025-06-02T20:00:00,4,zone4,20,0,0,0,clear,31.66,57.52,810,5,0,0.152,73.39,66.12,71.35,22.06,1.458,0.0816,6,65.32,Aman,0,normal,105.26,66.71,2.142
2025-06-02T20:15:00,3,zone3,20,0,0,0,clear,33.6,76.29,430,2,1,0.481,152.91,206.95,273.64,94.49,0.321,0.4813,8,106.34,Waspada,1,density_spike,444.27,144.37,5.285
2025-06-02T20:30:00,5,zone5,20,0,0,2,rain,32.29,75.07,360,2,0,0.067,71.51,63.27,74.71,60.63,1.356,0.1757,8,62.26,Aman,0,normal,56.78,67.4,0.59
2025-06-02T20:45:00,5,zone5,20,0,0,1,cloudy,31.47,71.47,360,2,0,0.106,57.39,46.2,90.4,73.46,1.36,0.1283,7,83.41,Aman,0,normal,44.43,49.84,0.3
2025-06-02T21:00:00,5,zone5,21,0,0,0,clear,30.32,60.77,360,2,0,0.169,98.66,97.23,136.68,63.65,1.101,0.2701,7,62.46,Aman,0,normal,110.23,93.46,0.931
2025-06-02T21:15:00,3,zone3,21,0,0,0,clear,29.62,73.24,430,2,0,0.0,125.13,119.95,86.49,67.03,0.897,0.2789,5,72.37,Aman,0,normal,90.47,126.42,1.997
2025-06-02T21:30:00,2,zone2,21,0,0,0,clear,33.75,87.65,680,4,1,0.915,165.31,269.6,379.91,159.82,0.736,0.3965,6,82.96,Bahaya,1,density_spike,309.62,156.69,8.133
2025-06-02T21:45:00,4,zone4,21,0,0,2,rain,30.07,76.51,810,5,0,0.16,90.31,93.33,127.39,73.81,1.413,0.1152,7,66.22,Aman,0,normal,79.82,79.92,0.005
2025-06-02T22:00:00,5,zone5,22,0,0,2,rain,27.64,89.97,360,2,0,0.065,60.14,72.17,61.53,45.12,1.205,0.2005,4,66.86,Aman,0,normal,76.83,53.53,1.295
2025-06-02T22:15:00,3,zone3,22,0,0,0,clear,32.61,58.19,430,2,0,0.033,80.89,69.87,85.58,47.22,1.326,0.1625,3,72.07,Aman,0,normal,93.73,71.6,1.229
2025-06-02T22:30:00,5,zone5,22,0,0,0,clear,29.78,63.79,360,2,0,0.041,58.36,75.49,105.99,44.4,1.306,0.2097,3,67.78,Aman,0,normal,70.5,63.89,0.367
2025-06-02T22:45:00,5,zone5,22,0,0,1,cloudy,30.13,74.86,360,2,0,0.022,47.49,64.21,116.44,79.45,1.056,0.1784,3,64.98,Aman,0,normal,52.56,51.0,0.087
2025-06-02T23:00:00,5,zone5,23,0,0,0,clear,32.27,63.74,360,2,0,0.165,57.27,80.53,78.61,75.47,0.725,0.2237,8,62.71,Aman,0,normal,88.76,60.89,1.548
2025-06-02T23:15:00,5,zone5,23,0,0,1,cloudy,28.89,85.62,360,2,0,0.166,92.51,107.04,122.1,49.55,0.986,0.2973,5,65.11,Aman,0,normal,97.63,83.7,0.774
2025-06-02T23:30:00,5,zone5,23,0,0,1,cloudy,28.91,75.87,360,2,0,0.007,63.58,66.63,63.09,5.54,1.137,0.1851,8,61.39,Aman,0,normal,84.79,68.61,0.898
2025-06-02T23:45:00,2,zone2,23,0,0,0,clear,33.1,62.77,680,4,0,0.08,89.44,92.76,115.1,48.82,1.053,0.1364,3,60.2,Aman,0,normal,95.0,85.61,0.521
2025-06-03T00:00:00,2,zone2,0,1,0,0,clear,31.79,49.77,680,4,0,0.073,53.54,55.1,76.67,83.64,1.206,0.081,2,70.21,Aman,0,normal,49.79,55.86,0.337
2025-06-03T00:15:00,1,zone1,0,1,0,1,cloudy,32.35,65.81,520,3,0,0.088,171.29,188.25,179.71,51.59,0.95,0.362,8,68.44,Aman,0,normal,173.82,164.53,0.471
2025-06-03T00:30:00,5,zone5,0,1,0,1,cloudy,28.45,83.81,360,2,0,0.04,69.15,88.13,44.95,48.59,1.329,0.2448,5,63.25,Aman,0,normal,102.6,70.27,1.796
2025-06-03T00:45:00,3,zone3,0,1,0,1,cloudy,30.29,66.81,430,2,0,0.05,76.77,83.16,63.89,55.02,1.251,0.1934,6,73.17,Aman,0,normal,96.8,79.25,0.975
2025-06-03T01:00:00,3,zone3,1,1,0,1,cloudy,32.66,72.62,430,2,0,0.051,47.48,43.92,41.88,63.47,1.127,0.1021,7,69.61,Aman,0,normal,71.69,50.29,1.189
2025-06-03T01:15:00,5,zone5,1,1,0,0,clear,34.67,69.76,360,2,0,0.025,25.29,11.97,13.16,56.99,1.123,0.0333,7,61.45,Aman,0,normal,6.58,26.52,1.108
2025-06-03T01:30:00,5,zone5,1,1,0,1,cloudy,31.81,73.21,360,2,0,0.169,54.42,67.69,59.56,42.34,1.051,0.188,7,80.86,Aman,0,normal,79.4,57.59,1.211
2025-06-03T01:45:00,1,zone1,1,1,0,0,clear,26.27,69.95,520,3,0,0.157,165.96,190.1,177.92,56.78,0.897,0.3656,2,59.36,Aman,0,normal,167.21,145.8,1.189
2025-06-03T02:00:00,5,zone5,2,1,0,0,clear,30.59,76.91,360,2,0,0.095,75.48,74.67,96.12,54.53,1.47,0.2074,5,77.94,Aman,0,normal,89.6,68.46,1.175
2025-06-03T02:15:00,3,zone3,2,1,0,1,cloudy,30.96,80.2,430,2,1,0.6,114.82,162.8,220.43,82.59,0.354,0.3786,2,90.25,Waspada,1,density_spike,402.87,113.0,3.718
2025-06-03T02:30:00,3,zone3,2,1,0,1,cloudy,30.91,81.43,430,2,0,0.003,73.9,52.29,63.37,33.22,1.327,0.1216,4,75.22,Aman,0,normal,44.51,69.29,1.376
2025-06-03T02:45:00,3,zone3,2,1,0,0,clear,29.58,70.29,430,2,0,0.024,130.49,102.25,101.63,71.63,1.405,0.2378,8,66.93,Aman,0,normal,92.27,137.12,2.492
2025-06-03T03:00:00,2,zone2,3,1,0,0,clear,31.34,79.15,680,4,0,0.143,69.12,55.27,40.76,40.84,1.269,0.0813,8,69.26,Aman,0,normal,37.81,66.94,1.618
2025-06-03T03:15:00,2,zone2,3,1,0,0,clear,31.55,63.71,680,4,0,0.002,125.96,143.67,153.12,34.11,0.892,0.2113,5,65.99,Aman,0,normal,134.34,112.06,1.238
2025-06-03T03:30:00,2,zone2,3,1,0,1,cloudy,27.24,73.71,680,4,0,0.15,82.45,98.34,116.79,82.36,1.371,0.1446,5,69.42,Aman,0,normal,128.42,85.3,2.396
2025-06-03T03:45:00,2,zone2,3,1,0,2,rain,26.33,81.82,680,4,0,0.014,47.67,52.04,33.72,5,1.324,0.0765,4,66.0,Aman,0,normal,56.84,44.6,0.68
2025-06-03T04:00:00,3,zone3,4,1,0,0,clear,27.32,69.55,430,2,0,0.153,112.52,123.82,116.0,53.46,1.382,0.288,4,68.99,Aman,0,normal,131.7,120.6,0.616
2025-06-03T04:15:00,3,zone3,4,1,0,2,rain,28.74,87.99,430,2,0,0.086,103.74,99.97,92.38,76.78,1.286,0.2325,8,59.59,Aman,0,normal,81.5,107.51,1.445
2025-06-03T04:30:00,4,zone4,4,1,0,1,cloudy,27.52,73.49,810,5,0,0.155,73.03,37.31,20.18,59.08,1.36,0.0461,2,73.16,Aman,0,normal,23.11,76.19,2.949
2025-06-03T04:45:00,5,zone5,4,1,0,0,clear,28.96,76.91,360,2,0,0.157,22.13,23.67,4.38,29.1,1.318,0.0657,5,59.65,Aman,0,normal,47.7,22.24,1.414
2025-06-03T05:00:00,1,zone1,5,1,0,0,clear,32.69,68.96,520,3,0,0.091,123.83,130.48,130.44,45.32,1.008,0.2509,6,77.5,Aman,0,normal,132.47,119.48,0.722
2025-06-03T05:15:00,4,zone4,5,1,0,0,clear,32.05,67.0,810,5,0,0.057,122.58,126.47,120.57,53.47,1.149,0.1561,6,60.52,Aman,0,normal,110.39,115.13,0.263
2025-06-03T05:30:00,2,zone2,5,1,0,1,cloudy,26.96,73.16,680,4,0,0.061,135.22,98.77,80.5,81.52,0.906,0.1452,4,64.2,Aman,0,normal,101.83,142.98,2.286
2025-06-03T05:45:00,3,zone3,5,1,0,0,clear,29.81,63.69,430,2,0,0.019,123.01,90.94,90.21,49.04,0.903,0.2115,4,72.38,Aman,0,normal,82.88,120.4,2.085
2025-06-03T06:00:00,3,zone3,6,1,0,0,clear,30.65,80.06,430,2,0,0.167,62.19,57.49,35.07,68.33,1.24,0.1337,5,69.55,Aman,0,normal,34.5,62.43,1.552
2025-06-03T06:15:00,2,zone2,6,1,0,1,cloudy,34.5,71.71,680,4,0,0.147,136.37,124.17,103.33,49.55,1.443,0.1826,5,69.8,Aman,0,normal,109.03,151.45,2.334
2025-06-03T06:30:00,4,zone4,6,1,0,1,cloudy,26.16,77.4,810,5,0,0.108,30.44,26.33,13.81,46.56,1.204,0.0325,3,74.76,Aman,0,normal,10.33,28.48,1.008
2025-06-03T06:45:00,2,zone2,6,1,0,0,clear,28.67,51.94,680,4,0,0.058,160.13,151.85,168.21,36.27,0.283,0.2233,5,81.33,Aman,1,density_spike,34.47,155.3,3.178
2025-06-03T07:00:00,2,zone2,7,1,0,0,clear,30.42,79.88,680,4,0,0.177,143.41,160.92,167.26,60.82,0.903,0.2367,5,77.98,Aman,0,normal,181.6,150.9,1.695
2025-06-03T07:15:00,2,zone2,7,1,0,0,clear,29.83,76.36,680,4,0,0.125,93.62,119.25,127.35,35.67,1.273,0.1754,7,73.4,Aman,0,normal,120.43,95.62,1.378
2025-06-03T07:30:00,4,zone4,7,1,0,2,rain,26.95,84.13,810,5,0,0.127,84.22,52.48,28.44,37.06,0.388,0.0648,3,91.25,Aman,1,density_spike,90.28,93.51,4.825
2025-06-03T07:45:00,3,zone3,7,1,0,0,clear,29.53,59.1,430,2,0,0.169,94.26,127.95,119.85,72.01,0.772,0.2976,8,66.22,Aman,0,normal,120.06,100.27,1.099
2025-06-03T08:00:00,2,zone2,8,1,0,2,rain,25.56,83.63,680,4,0,0.142,80.08,67.13,46.8,89.22,1.09,0.0987,4,78.14,Aman,0,normal,102.52,79.92,1.256
2025-06-03T08:15:00,1,zone1,8,1,0,0,clear,35.99,57.29,520,3,0,0.043,163.04,177.79,165.36,98.16,1.109,0.3419,5,63.41,Aman,0,normal,193.35,152.21,2.253
2025-06-03T08:30:00,3,zone3,8,1,0,0,clear,30.27,69.94,430,2,0,0.088,96.31,89.58,99.04,60.31,1.395,0.2083,6,68.54,Aman,0,normal,95.2,99.61,0.245
2025-06-03T08:45:00,1,zone1,8,1,0,0,clear,28.92,68.82,520,3,0,0.158,111.05,91.66,111.99,87.83,1.249,0.1763,2,71.3,Aman,0,normal,94.97,118.43,1.303
2025-06-03T09:00:00,5,zone5,9,1,0,2,rain,27.54,81.4,360,2,0,0.073,48.23,44.21,38.36,55.63,1.443,0.1228,2,59.12,Aman,0,normal,83.35,50.27,1.838
2025-06-03T09:15:00,3,zone3,9,1,0,1,cloudy,25.88,83.04,430,2,0,0.167,145.74,150.4,148.85,77.62,1.087,0.3498,7,57.26,Waspada,0,normal,136.74,130.8,0.33
2025-06-03T09:30:00,3,zone3,9,1,0,2,rain,28.24,87.04,430,2,1,0.931,158.66,211.92,233.84,163.99,0.978,0.4928,7,87.26,Bahaya,0,normal,198.06,153.47,2.422
2025-06-03T09:45:00,2,zone2,9,1,0,1,cloudy,26.26,76.44,680,4,0,0.021,97.26,84.24,79.15,49.71,0.608,0.1239,6,65.38,Aman,0,normal,91.11,86.13,0.277
2025-06-03T10:00:00,4,zone4,10,1,0,2,rain,30.5,72.08,810,5,0,0.121,82.54,79.69,91.58,77.82,0.484,0.0984,7,88.83,Aman,1,density_spike,17.17,78.8,5.536
2025-06-03T10:15:00,3,zone3,10,1,0,2,rain,26.79,78.38,430,2,0,0.132,128.08,102.81,110.54,54.18,1.281,0.2391,3,67.63,Aman,0,normal,137.71,139.83,0.118
2025-06-03T10:30:00,1,zone1,10,1,0,1,cloudy,29.63,60.39,520,3,0,0.153,183.91,163.76,167.37,58.37,1.171,0.3149,6,72.95,Aman,0,normal,169.21,175.65,0.306
2025-06-03T10:45:00,3,zone3,10,1,0,0,clear,32.45,75.3,430,2,0,0.016,165.03,179.42,174.16,109.13,0.815,0.4173,7,65.8,Waspada,0,normal,183.38,182.63,0.034
2025-06-03T11:00:00,2,zone2,11,1,0,1,cloudy,34.25,60.35,680,4,0,0.065,114.86,110.91,105.81,60.39,1.229,0.1631,4,76.06,Aman,0,normal,137.53,125.1,0.69
2025-06-03T11:15:00,5,zone5,11,1,0,1,cloudy,30.81,76.86,360,2,0,0.134,95.58,80.13,75.58,42.32,1.245,0.2226,8,73.82,Aman,0,normal,77.82,92.28,0.803
2025-06-03T11:30:00,3,zone3,11,1,0,0,clear,32.5,55.18,430,2,0,0.109,125.75,141.68,168.7,76.13,1.025,0.3295,4,63.74,Aman,0,normal,127.06,129.76,0.15
2025-06-03T11:45:00,4,zone4,11,1,0,0,clear,34.03,69.54,810,5,0,0.117,117.22,125.79,138.17,54.99,1.069,0.1553,6,72.79,Aman,0,normal,130.84,106.3,1.363
2025-06-03T12:00:00,5,zone5,12,1,0,3,storm,26.09,93.24,360,2,0,0.158,92.79,37.49,50.66,81.22,0.967,0.1041,3,61.61,Aman,1,density_spike,42.65,98.97,3.129
2025-06-03T12:15:00,3,zone3,12,1,0,0,clear,32.81,59.68,430,2,0,0.166,95.53,123.08,135.87,69.66,1.055,0.2862,6,68.1,Aman,0,normal,128.3,84.55,2.431
2025-06-03T12:30:00,5,zone5,12,1,0,1,cloudy,29.24,68.25,360,2,0,0.096,120.2,132.52,153.84,48.9,1.392,0.3681,7,64.65,Aman,0,normal,155.0,114.95,2.225
2025-06-03T12:45:00,4,zone4,12,1,0,1,cloudy,29.72,56.53,810,5,0,0.106,107.31,107.75,76.91,67.93,1.196,0.133,5,74.93,Aman,0,normal,120.64,107.46,0.733
2025-06-03T13:00:00,1,zone1,13,1,0,1,cloudy,30.26,68.65,520,3,0,0.104,197.18,196.65,187.53,55.23,0.924,0.3782,7,68.44,Aman,0,normal,172.64,197.06,1.033
2025-06-03T13:15:00,4,zone4,13,1,0,1,cloudy,29.57,66.03,810,5,0,0.141,77.51,62.67,87.38,57.99,1.34,0.0774,4,75.78,Aman,0,normal,91.61,69.05,1.253
2025-06-03T13:30:00,2,zone2,13,1,0,0,clear,27.73,78.16,680,4,0,0.141,95.29,87.2,111.21,66.83,0.937,0.1282,8,79.47,Aman,0,normal,99.58,92.74,0.38
2025-06-03T13:45:00,1,zone1,13,1,0,1,cloudy,27.56,67.36,520,3,0,0.072,159.88,145.4,196.17,90.02,1.168,0.2796,3,71.56,Aman,0,normal,171.92,170.92,0.049
2025-06-03T14:00:00,1,zone1,14,1,0,1,cloudy,30.2,69.16,520,3,0,0.126,138.38,123.1,92.94,23.06,1.212,0.2367,5,74.41,Aman,0,normal,92.25,140.09,2.658
2025-06-03T14:15:00,1,zone1,14,1,0,0,clear,33.84,62.53,520,3,0,0.101,150.8,138.84,170.44,69.88,1.525,0.267,5,69.0,Aman,0,normal,158.22,133.86,1.354
2025-06-03T14:30:00,3,zone3,14,1,0,0,clear,32.93,67.96,430,2,0,0.092,49.4,48.3,51.41,71.57,0.37,0.1123,3,79.5,Aman,1,density_spike,5.71,48.38,3.899
2025-06-03T14:45:00,2,zone2,14,1,0,1,cloudy,25.99,81.89,680,4,0,0.057,130.05,122.53,120.46,63.74,0.993,0.1802,2,63.25,Aman,0,normal,142.77,117.88,1.383
2025-06-03T15:00:00,2,zone2,15,1,0,2,rain,26.23,88.74,680,4,0,0.17,139.58,122.13,137.25,95.62,1.197,0.1796,3,60.07,Aman,0,normal,123.87,132.96,0.505
2025-06-03T15:15:00,4,zone4,15,1,0,1,cloudy,31.09,67.18,810,5,0,0.097,74.86,47.75,54.42,5,1.226,0.0589,6,80.13,Aman,0,normal,43.61,69.84,1.457
2025-06-03T15:30:00,5,zone5,15,1,0,0,clear,31.32,55.15,360,2,0,0.076,109.88,118.58,141.24,34.46,0.91,0.3294,6,71.9,Aman,0,normal,124.7,94.84,1.659
2025-06-03T15:45:00,5,zone5,15,1,0,2,rain,26.69,73.65,360,2,0,0.047,105.52,106.75,100.11,61.95,1.196,0.2965,5,71.55,Aman,0,normal,94.55,95.68,0.063
2025-06-03T16:00:00,5,zone5,16,1,0,1,cloudy,26.49,78.19,360,2,0,0.13,23.07,11.09,30.32,82.04,1.212,0.0308,2,73.55,Aman,0,normal,24.49,25.81,0.073
2025-06-03T16:15:00,4,zone4,16,1,0,0,clear,34.26,74.52,810,5,0,0.102,67.71,72.54,68.37,63.74,0.987,0.0896,7,66.97,Aman,0,normal,90.47,68.05,1.246
2025-06-03T16:30:00,3,zone3,16,1,0,0,clear,28.79,53.22,430,2,0,0.156,128.17,161.46,155.88,61.78,0.994,0.3755,7,71.26,Aman,1,density_spike,184.55,125.12,3.302
2025-06-03T16:45:00,2,zone2,16,1,0,2,rain,27.69,87.92,680,4,0,0.167,130.63,110.36,101.26,72.22,1.084,0.1623,4,68.41,Aman,0,normal,124.85,134.23,0.521
2025-06-03T17:00:00,4,zone4,17,1,0,1,cloudy,31.02,73.0,810,5,0,0.135,84.43,88.22,98.73,53.25,1.173,0.1089,7,65.94,Aman,0,normal,93.73,76.27,0.97
2025-06-03T17:15:00,5,zone5,17,1,0,0,clear,30.34,72.62,360,2,0,0.094,96.93,123.34,141.28,96.61,1.198,0.3426,5,68.39,Waspada,1,density_spike,149.4,86.67,3.485
2025-06-03T17:30:00,1,zone1,17,1,0,0,clear,35.39,71.78,520,3,0,0.165,116.86,135.86,163.8,59.74,1.361,0.2613,6,78.03,Aman,0,normal,119.77,119.67,0.006
2025-06-03T17:45:00,5,zone5,17,1,0,0,clear,27.0,65.03,360,2,0,0.097,58.47,49.22,59.74,51.74,1.298,0.1367,2,71.01,Aman,0,normal,61.02,58.42,0.144
2025-06-03T18:00:00,4,zone4,18,1,0,2,rain,29.02,81.01,810,5,0,0.002,82.66,77.38,111.71,47.58,0.975,0.0955,5,74.7,Aman,0,normal,83.73,84.97,0.069
2025-06-03T18:15:00,2,zone2,18,1,0,0,clear,31.92,62.96,680,4,0,0.11,130.62,134.75,195.14,49.46,1.068,0.1982,3,66.7,Aman,0,normal,160.96,133.31,1.536
2025-06-03T18:30:00,5,zone5,18,1,0,0,clear,31.12,72.45,360,2,0,0.027,177.55,186.12,218.93,70.36,0.833,0.517,2,76.48,Waspada,0,normal,173.27,168.48,0.237
2025-06-03T18:45:00,4,zone4,18,1,0,1,cloudy,30.84,88.35,810,5,1,0.494,184.52,218.71,298.38,91.65,1.168,0.27,3,82.73,Waspada,0,normal,186.18,164.54,1.096
2025-06-03T19:00:00,2,zone2,19,1,0,0,clear,33.3,71.33,680,4,0,0.044,170.75,201.69,266.26,79.43,1.067,0.2966,4,67.15,Aman,0,normal,200.9,179.17,1.01
2025-06-03T19:15:00,4,zone4,19,1,0,1,cloudy,30.08,63.8,810,5,0,0.16,79.32,83.29,117.15,51.75,1.047,0.1028,3,65.2,Aman,0,normal,91.92,88.19,0.207
2025-06-03T19:30:00,4,zone4,19,1,0,1,cloudy,28.36,66.35,810,5,0,0.139,66.5,67.24,57.71,99.11,1.185,0.083,4,60.7,Aman,0,normal,76.97,70.87,0.339
2025-06-03T19:45:00,3,zone3,19,1,0,1,cloudy,26.4,70.37,430,2,0,0.035,139.92,127.29,160.91,72.15,0.899,0.296,5,60.58,Aman,0,normal,128.82,140.11,0.628
2025-06-03T20:00:00,4,zone4,20,1,0,0,clear,31.07,54.0,810,5,0,0.165,141.67,157.6,190.4,84.68,1.085,0.1946,7,69.6,Aman,0,normal,144.4,154.36,0.537
2025-06-03T20:15:00,3,zone3,20,1,0,1,cloudy,27.41,77.79,430,2,0,0.097,107.03,83.94,100.67,33.02,1.021,0.1952,4,75.72,Aman,0,normal,99.79,93.26,0.362
2025-06-03T20:30:00,2,zone2,20,1,0,2,rain,25.64,83.33,680,4,0,0.087,73.49,46.8,45.98,33.05,1.155,0.0688,4,76.12,Aman,0,normal,71.2,63.45,0.431
2025-06-03T20:45:00,1,zone1,20,1,0,0,clear,30.93,69.29,520,3,0,0.065,173.32,203.7,219.15,68.52,0.922,0.3917,6,74.75,Aman,0,normal,210.62,191.62,0.826
2025-06-03T21:00:00,1,zone1,21,1,0,0,clear,29.58,62.15,520,3,0,0.069,163.78,149.12,205.16,53.67,0.775,0.2868,8,64.64,Aman,0,normal,129.14,160.39,1.624
2025-06-03T21:15:00,2,zone2,21,1,0,0,clear,32.39,60.17,680,4,0,0.118,98.02,72.35,63.15,75.86,1.037,0.1064,4,60.36,Aman,0,normal,45.96,92.54,2.588
2025-06-03T21:30:00,5,zone5,21,1,0,0,clear,30.65,78.12,360,2,0,0.167,133.75,140.76,148.3,86.96,1.191,0.391,6,81.83,Waspada,0,normal,153.91,115.25,2.148
2025-06-03T21:45:00,3,zone3,21,1,0,2,rain,27.4,87.16,430,2,0,0.103,104.09,109.89,148.35,67.85,1.171,0.2555,6,66.91,Aman,0,normal,133.36,104.92,1.58
2025-06-03T22:00:00,1,zone1,22,1,0,1,cloudy,32.89,63.76,520,3,0,0.031,148.76,120.02,140.54,41.01,1.001,0.2308,6,74.53,Aman,1,density_spike,100.24,163.59,3.227
2025-06-03T22:15:00,1,zone1,22,1,0,2,rain,26.09,90.36,520,3,0,0.118,202.65,224.03,224.17,62.75,1.059,0.4308,2,67.46,Waspada,1,density_spike,250.07,182.35,3.095
2025-06-03T22:30:00,4,zone4,22,1,0,3,storm,26.2,85.28,810,5,0,0.104,21.21,14.61,31.11,62.56,0.941,0.018,6,68.0,Aman,0,normal,16.11,21.01,0.272
2025-06-03T22:45:00,5,zone5,22,1,0,0,clear,28.57,83.27,360,2,0,0.103,74.3,103.45,104.51,59.96,1.171,0.2874,5,77.29,Aman,0,normal,118.59,72.08,2.583
2025-06-03T23:00:00,3,zone3,23,1,0,0,clear,32.99,69.41,430,2,0,0.139,72.26,109.07,121.9,39.55,0.344,0.2536,3,103.56,Aman,1,density_spike,269.42,76.38,5.973
2025-06-03T23:15:00,1,zone1,23,1,0,0,clear,30.85,76.18,520,3,0,0.055,142.19,131.5,159.28,63.21,0.529,0.2529,8,86.17,Aman,1,density_spike,284.58,148.12,5.909
2025-06-03T23:30:00,1,zone1,23,1,0,0,clear,28.17,72.18,520,3,0,0.111,153.68,159.52,146.47,75.49,1.198,0.3068,8,73.25,Aman,0,normal,119.38,167.46,2.393
2025-06-03T23:45:00,1,zone1,23,1,0,2,rain,27.45,90.82,520,3,0,0.107,186.41,190.73,240.98,42.98,0.893,0.3668,2,67.75,Aman,0,normal,207.17,167.92,1.948
2025-06-04T00:00:00,3,zone3,0,2,0,0,clear,31.0,72.43,430,2,0,0.179,82.91,101.8,106.57,84.11,1.617,0.2367,6,69.43,Aman,0,normal,93.73,78.67,0.836
2025-06-04T00:15:00,5,zone5,0,2,0,3,storm,24.39,89.34,360,2,0,0.113,52.02,33.55,50.5,91.27,1.106,0.0932,4,63.05,Aman,0,normal,13.05,53.99,2.274
2025-06-04T00:30:00,2,zone2,0,2,0,0,clear,29.96,54.52,680,4,0,0.094,180.98,186.23,213.84,100.72,0.44,0.2739,6,88.38,Aman,1,density_spike,335.85,164.31,5.828
2025-06-04T00:45:00,4,zone4,0,2,0,1,cloudy,26.77,66.68,810,5,0,0.115,55.22,60.98,75.93,58.51,0.479,0.0753,6,83.82,Aman,1,density_spike,10.65,50.8,5.233
2025-06-04T01:00:00,5,zone5,1,2,0,0,clear,29.94,69.05,360,2,0,0.033,40.91,44.98,48.19,64.38,1.557,0.1249,5,75.04,Aman,0,normal,48.32,37.34,0.61
2025-06-04T01:15:00,4,zone4,1,2,0,2,rain,26.95,73.13,810,5,0,0.058,78.06,64.49,86.49,79.02,1.26,0.0796,5,73.48,Aman,0,normal,55.26,78.01,1.264
2025-06-04T01:30:00,1,zone1,1,2,0,0,clear,29.97,72.05,520,3,0,0.149,157.99,167.85,142.2,88.7,0.826,0.3228,7,70.24,Aman,0,normal,192.34,153.93,2.079
2025-06-04T01:45:00,2,zone2,1,2,0,0,clear,32.36,76.6,680,4,0,0.01,55.95,77.88,106.12,20.09,1.248,0.1145,2,71.54,Aman,0,normal,63.16,53.84,0.518
2025-06-04T02:00:00,1,zone1,2,2,0,0,clear,27.34,77.52,520,3,0,0.128,99.1,111.89,98.06,25.95,1.185,0.2152,2,74.49,Aman,0,normal,137.5,101.56,1.997
2025-06-04T02:15:00,5,zone5,2,2,0,1,cloudy,30.22,70.31,360,2,0,0.099,85.37,91.05,109.54,82.29,0.797,0.2529,3,67.73,Aman,0,normal,71.8,80.29,0.472
2025-06-04T02:30:00,4,zone4,2,2,0,0,clear,31.04,71.37,810,5,0,0.162,133.35,145.37,173.03,71.16,0.775,0.1795,6,66.75,Aman,0,normal,126.07,135.09,0.501
2025-06-04T02:45:00,5,zone5,2,2,0,0,clear,35.58,70.59,360,2,0,0.05,66.97,75.7,62.47,53.57,1.145,0.2103,4,61.92,Aman,0,normal,44.27,62.79,1.029
2025-06-04T03:00:00,1,zone1,3,2,0,0,clear,30.16,70.21,520,3,0,0.029,96.92,75.28,49.61,38.97,1.444,0.1448,4,65.27,Aman,0,normal,62.71,90.89,1.566
2025-06-04T03:15:00,4,zone4,3,2,0,2,rain,26.52,78.51,810,5,1,0.709,98.22,140.05,158.94,110.33,1.171,0.1729,3,80.6,Waspada,0,normal,113.51,109.67,0.213
2025-06-04T03:30:00,5,zone5,3,2,0,2,rain,29.65,79.78,360,2,0,0.052,37.07,42.79,63.56,47.17,1.318,0.1189,6,59.59,Aman,0,normal,53.09,39.66,0.746
2025-06-04T03:45:00,2,zone2,3,2,0,0,clear,28.45,78.74,680,4,1,0.794,107.79,182.02,187.68,152.26,1.042,0.2677,4,86.69,Waspada,1,density_spike,208.44,112.03,5.356
2025-06-04T04:00:00,1,zone1,4,2,0,0,clear,31.27,76.09,520,3,0,0.058,119.51,108.43,102.63,30.98,1.217,0.2085,4,56.05,Aman,0,normal,103.39,117.66,0.793
2025-06-04T04:15:00,2,zone2,4,2,0,1,cloudy,25.88,69.22,680,4,0,0.097,104.96,106.69,86.54,57.48,0.787,0.1569,4,66.92,Aman,0,normal,105.44,106.02,0.032
2025-06-04T04:30:00,3,zone3,4,2,0,0,clear,32.1,67.12,430,2,0,0.151,64.49,90.78,109.88,83.64,1.122,0.2111,8,60.48,Aman,0,normal,110.03,60.74,2.738
2025-06-04T04:45:00,2,zone2,4,2,0,0,clear,30.49,67.62,680,4,0,0.054,113.03,124.72,140.82,68.75,1.136,0.1834,2,60.37,Aman,0,normal,127.15,102.8,1.353
2025-06-04T05:00:00,5,zone5,5,2,0,0,clear,31.54,66.28,360,2,0,0.139,112.41,119.73,136.81,63.95,1.169,0.3326,8,70.97,Aman,0,normal,109.9,123.93,0.779
2025-06-04T05:15:00,4,zone4,5,2,0,2,rain,28.08,87.02,810,5,0,0.138,34.56,56.26,66.59,49.42,1.098,0.0695,3,65.15,Aman,0,normal,74.86,30.78,2.449
2025-06-04T05:30:00,3,zone3,5,2,0,0,clear,28.04,76.94,430,2,0,0.101,57.18,58.25,54.84,96.81,1.224,0.1355,3,71.43,Aman,0,normal,48.84,54.21,0.298
2025-06-04T05:45:00,1,zone1,5,2,0,0,clear,29.67,72.66,520,3,1,0.685,175.54,203.63,217.18,140.08,0.743,0.3916,6,87.01,Waspada,0,normal,233.97,187.9,2.043
2025-06-04T06:00:00,4,zone4,6,2,0,1,cloudy,30.27,81.12,810,5,0,0.144,115.46,125.44,106.29,41.43,0.693,0.1549,3,62.66,Aman,0,normal,102.49,126.7,1.345
2025-06-04T06:15:00,3,zone3,6,2,0,0,clear,28.55,66.59,430,2,1,0.711,158.89,197.97,232.26,130.3,0.653,0.4604,3,84.53,Waspada,0,normal,189.16,159.62,1.542
2025-06-04T06:30:00,3,zone3,6,2,0,0,clear,28.05,77.27,430,2,0,0.074,20.6,11.36,4,57.25,1.324,0.0264,8,64.98,Aman,0,normal,7.33,19.55,0.679
2025-06-04T06:45:00,5,zone5,6,2,0,2,rain,30.81,90.26,360,2,0,0.107,46.23,51.7,68.64,47.36,1.312,0.1436,6,68.86,Aman,0,normal,33.32,45.7,0.688
2025-06-04T07:00:00,1,zone1,7,2,0,0,clear,34.21,71.05,520,3,0,0.105,183.66,162.85,149.86,49.32,0.972,0.3132,5,78.62,Aman,0,normal,124.87,173.07,2.321
2025-06-04T07:15:00,4,zone4,7,2,0,1,cloudy,27.14,81.39,810,5,0,0.178,68.82,55.84,47.22,81.39,0.905,0.0689,2,77.58,Aman,0,normal,65.54,73.88,0.463
2025-06-04T07:30:00,3,zone3,7,2,0,2,rain,25.08,66.52,430,2,0,0.126,77.63,84.54,68.7,74.67,0.992,0.1966,3,65.19,Aman,0,normal,70.94,74.04,0.172
2025-06-04T07:45:00,2,zone2,7,2,0,0,clear,32.64,52.1,680,4,1,0.459,168.41,181.32,201.19,109.31,1.039,0.2666,7,84.56,Waspada,0,normal,163.16,185.57,1.006
2025-06-04T08:00:00,4,zone4,8,2,0,0,clear,33.82,76.39,810,5,0,0.081,118.9,147.12,109.8,45.64,1.118,0.1816,5,64.46,Aman,1,density_spike,168.34,103.29,3.614
2025-06-04T08:15:00,5,zone5,8,2,0,0,clear,27.74,65.39,360,2,0,0.026,92.83,146.01,135.4,60.33,0.741,0.4056,2,69.69,Aman,1,density_spike,172.82,95.85,4.276
2025-06-04T08:30:00,5,zone5,8,2,0,1,cloudy,26.7,72.66,360,2,0,0.009,86.41,58.11,32.72,43.7,1.107,0.1614,8,69.63,Aman,0,normal,44.88,89.92,2.502
2025-06-04T08:45:00,3,zone3,8,2,0,0,clear,31.67,69.29,430,2,0,0.03,94.25,129.04,123.22,44.68,0.915,0.3001,2,69.22,Aman,0,normal,114.89,96.15,1.041
2025-06-04T09:00:00,3,zone3,9,2,0,0,clear,28.37,64.96,430,2,0,0.031,132.48,150.57,152.06,44.58,0.918,0.3502,8,68.62,Aman,0,normal,175.6,147.83,1.543
2025-06-04T09:15:00,4,zone4,9,2,0,1,cloudy,26.68,63.53,810,5,0,0.069,90.61,84.8,72.64,23.45,1.001,0.1047,2,69.49,Aman,0,normal,92.46,87.32,0.286
2025-06-04T09:30:00,5,zone5,9,2,0,0,clear,32.41,66.05,360,2,0,0.07,52.86,54.11,46.74,81.87,1.019,0.1503,6,65.76,Aman,0,normal,23.23,58.07,1.936
2025-06-04T09:45:00,3,zone3,9,2,0,0,clear,31.37,57.39,430,2,0,0.018,50.73,27.96,50.69,42.65,0.23,0.065,6,72.52,Aman,1,density_spike,-6.24,47.76,5.678
2025-06-04T10:00:00,1,zone1,10,2,0,1,cloudy,28.16,65.88,520,3,0,0.131,206.9,212.38,237.51,82.5,1.069,0.4084,6,64.6,Waspada,0,normal,218.59,184.39,1.546
2025-06-04T10:15:00,5,zone5,10,2,0,1,cloudy,29.65,61.81,360,2,0,0.02,67.8,52.89,81.54,63.37,1.228,0.1469,4,61.11,Aman,0,normal,24.58,62.85,2.126
2025-06-04T10:30:00,3,zone3,10,2,0,1,cloudy,27.77,71.66,430,2,0,0.06,131.68,122.99,98.63,65.0,1.253,0.286,3,66.48,Aman,0,normal,99.19,131.75,1.809
2025-06-04T10:45:00,4,zone4,10,2,0,1,cloudy,29.87,74.01,810,5,0,0.013,114.66,106.5,125.77,59.2,1.079,0.1315,7,63.21,Aman,0,normal,113.42,108.44,0.276
2025-06-04T11:00:00,1,zone1,11,2,0,0,clear,31.12,67.76,520,3,0,0.088,196.61,176.73,180.27,44.11,1.464,0.3399,8,67.02,Aman,0,normal,193.81,196.45,0.112
2025-06-04T11:15:00,1,zone1,11,2,0,1,cloudy,30.09,83.73,520,3,0,0.016,152.76,152.03,144.74,26.69,1.127,0.2924,7,76.5,Aman,0,normal,146.37,143.25,0.174
2025-06-04T11:30:00,1,zone1,11,2,0,1,cloudy,27.67,77.05,520,3,0,0.015,152.67,134.88,142.03,81.31,0.898,0.2594,2,59.13,Aman,0,normal,168.77,151.13,0.972
2025-06-04T11:45:00,1,zone1,11,2,0,0,clear,33.04,59.78,520,3,1,0.883,188.25,274.12,337.48,142.45,0.716,0.5272,7,89.51,Bahaya,1,density_spike,260.3,165.42,4.78
2025-06-04T12:00:00,4,zone4,12,2,0,1,cloudy,33.19,62.37,810,5,0,0.165,90.92,84.39,93.24,68.14,1.051,0.1042,5,61.55,Aman,0,normal,88.24,79.7,0.474
2025-06-04T12:15:00,5,zone5,12,2,0,0,clear,28.97,65.0,360,2,0,0.077,69.38,101.72,98.35,34.53,1.472,0.2825,6,73.14,Aman,0,normal,98.82,60.49,2.129
2025-06-04T12:30:00,1,zone1,12,2,0,0,clear,33.73,63.66,520,3,0,0.075,129.16,128.04,132.45,57.02,1.364,0.2462,6,71.07,Aman,0,normal,130.04,140.61,0.588
2025-06-04T12:45:00,5,zone5,12,2,0,2,rain,27.5,85.94,360,2,0,0.145,72.91,60.72,52.92,44.54,0.952,0.1687,5,66.32,Aman,0,normal,36.83,76.29,2.192
2025-06-04T13:00:00,1,zone1,13,2,0,1,cloudy,32.3,65.07,520,3,0,0.063,149.75,154.12,142.17,59.59,0.85,0.2964,6,68.63,Aman,0,normal,155.76,153.18,0.14
2025-06-04T13:15:00,2,zone2,13,2,0,1,cloudy,29.17,85.08,680,4,0,0.085,131.12,125.5,119.69,50.97,0.481,0.1846,5,95.41,Aman,1,density_spike,263.67,116.32,3.645
2025-06-04T13:30:00,1,zone1,13,2,0,0,clear,32.1,65.76,520,3,0,0.08,111.24,131.37,142.71,52.44,1.177,0.2526,3,56.71,Aman,0,normal,135.3,106.53,1.599
2025-06-04T13:45:00,4,zone4,13,2,0,0,clear,30.68,68.75,810,5,0,0.082,131.68,156.21,179.8,30.03,0.729,0.1929,3,63.69,Aman,0,normal,149.77,117.05,1.818
2025-06-04T14:00:00,4,zone4,14,2,0,0,clear,30.12,58.74,810,5,0,0.16,109.9,96.22,91.38,56.81,1.499,0.1188,2,72.78,Aman,0,normal,100.73,119.15,1.023
2025-06-04T14:15:00,1,zone1,14,2,0,1,cloudy,31.2,69.04,520,3,0,0.044,181.34,142.09,117.62,49.4,1.007,0.2732,6,86.01,Aman,0,normal,158.14,190.53,1.417
2025-06-04T14:30:00,4,zone4,14,2,0,0,clear,25.17,63.28,810,5,0,0.144,76.26,90.27,91.48,60.69,1.108,0.1114,3,71.95,Aman,0,normal,118.38,85.39,1.833
2025-06-04T14:45:00,4,zone4,14,2,0,2,rain,24.78,72.07,810,5,0,0.004,79.97,67.26,22.44,19.52,1.359,0.083,4,73.51,Aman,0,normal,67.49,76.78,0.516
2025-06-04T15:00:00,5,zone5,15,2,0,0,clear,28.33,49.52,360,2,0,0.049,24.78,19.77,23.7,37.66,1.423,0.0549,2,64.52,Aman,0,normal,37.47,23.66,0.768
2025-06-04T15:15:00,1,zone1,15,2,0,0,clear,28.67,56.46,520,3,0,0.101,164.58,168.57,153.63,79.53,1.013,0.3242,2,70.29,Aman,0,normal,130.12,171.62,2.015
2025-06-04T15:30:00,2,zone2,15,2,0,0,clear,28.63,62.7,680,4,0,0.091,154.74,166.94,141.59,71.45,1.158,0.2455,6,62.28,Aman,0,normal,142.24,144.83,0.144
2025-06-04T15:45:00,1,zone1,15,2,0,0,clear,30.08,58.14,520,3,0,0.016,111.43,132.17,175.49,63.77,1.126,0.2542,2,72.55,Aman,0,normal,115.88,114.0,0.104
2025-06-04T16:00:00,5,zone5,16,2,0,2,rain,24.9,74.77,360,2,0,0.076,88.78,77.67,116.17,58.32,1.196,0.2157,4,71.16,Aman,0,normal,65.91,91.26,1.408
2025-06-04T16:15:00,5,zone5,16,2,0,0,clear,31.77,63.26,360,2,0,0.024,119.15,127.42,138.01,6.84,1.026,0.3539,8,65.56,Aman,0,normal,173.84,121.63,2.901
2025-06-04T16:30:00,5,zone5,16,2,0,0,clear,32.14,63.3,360,2,0,0.151,76.97,78.55,84.17,66.28,1.045,0.2182,4,72.91,Aman,0,normal,51.98,80.34,1.576
2025-06-04T16:45:00,4,zone4,16,2,0,0,clear,34.54,84.61,810,5,0,0.054,21.78,8.08,24.67,56.2,1.399,0.01,4,58.47,Aman,0,normal,1.62,22.4,1.155
2025-06-04T17:00:00,3,zone3,17,2,0,3,storm,27.38,94.48,430,2,0,0.179,98.56,56.42,80.88,53.6,1.306,0.1312,2,75.35,Aman,1,density_spike,26.73,92.66,3.663
2025-06-04T17:15:00,1,zone1,17,2,0,0,clear,27.63,71.01,520,3,0,0.035,202.85,211.3,169.61,67.32,1.043,0.4063,8,75.78,Aman,0,normal,223.17,184.7,1.736
2025-06-04T17:30:00,5,zone5,17,2,0,0,clear,32.7,69.41,360,2,1,0.817,106.63,145.24,181.88,133.6,0.854,0.4034,5,84.99,Waspada,0,normal,89.34,111.88,1.252
2025-06-04T17:45:00,3,zone3,17,2,0,0,clear,26.24,69.55,430,2,0,0.162,155.49,137.48,161.37,60.48,0.947,0.3197,4,73.61,Aman,0,normal,136.89,172.53,1.722
2025-06-04T18:00:00,1,zone1,18,2,0,0,clear,29.28,81.44,520,3,0,0.049,139.27,148.2,189.62,53.0,1.129,0.285,5,71.44,Aman,0,normal,140.12,150.0,0.549
2025-06-04T18:15:00,1,zone1,18,2,0,1,cloudy,25.54,74.62,520,3,0,0.054,212.75,201.47,232.52,58.04,0.857,0.3874,3,69.94,Aman,0,normal,211.04,198.3,0.536
2025-06-04T18:30:00,1,zone1,18,2,0,1,cloudy,31.99,76.69,520,3,0,0.086,173.38,197.76,276.36,62.79,0.785,0.3803,2,67.5,Aman,0,normal,181.23,151.75,1.619
2025-06-04T18:45:00,2,zone2,18,2,0,0,clear,31.16,61.94,680,4,0,0.115,211.83,234.13,287.85,70.32,0.929,0.3443,3,78.97,Aman,0,normal,251.9,212.12,1.563
2025-06-04T19:00:00,3,zone3,19,2,0,0,clear,28.57,70.71,430,2,0,0.065,119.4,132.0,170.47,69.94,1.048,0.307,3,71.2,Aman,0,normal,147.29,109.55,2.097
2025-06-04T19:15:00,5,zone5,19,2,0,2,rain,25.34,81.89,360,2,0,0.126,147.56,103.59,152.37,68.58,1.093,0.2878,2,63.04,Aman,0,normal,130.21,161.03,1.595
2025-06-04T19:30:00,3,zone3,19,2,0,0,clear,37.55,61.91,430,2,0,0.134,165.67,195.09,230.75,58.13,0.461,0.4537,5,86.69,Waspada,1,density_spike,48.01,145.82,3.202
2025-06-04T19:45:00,4,zone4,19,2,0,0,clear,31.89,73.83,810,5,0,0.012,61.7,63.44,38.86,56.89,1.127,0.0783,3,74.97,Aman,0,normal,83.28,68.18,0.839
2025-06-04T20:00:00,3,zone3,20,2,0,0,clear,30.31,73.32,430,2,0,0.141,124.83,134.49,181.55,38.66,0.729,0.3128,4,79.71,Aman,0,normal,127.83,107.49,1.13
2025-06-04T20:15:00,4,zone4,20,2,0,0,clear,27.6,74.43,810,5,0,0.079,49.57,62.2,95.57,43.32,1.272,0.0768,3,64.02,Aman,0,normal,81.77,49.33,1.802
2025-06-04T20:30:00,3,zone3,20,2,0,1,cloudy,28.81,54.64,430,2,0,0.007,142.79,144.05,155.7,45.49,1.186,0.335,6,77.74,Aman,0,normal,169.11,138.69,1.691
2025-06-04T20:45:00,3,zone3,20,2,0,0,clear,28.76,48,430,2,0,0.088,78.42,60.16,87.51,61.66,1.194,0.1399,5,66.93,Aman,0,normal,20.1,70.88,2.821
2025-06-04T21:00:00,2,zone2,21,2,0,0,clear,30.06,73.03,680,4,0,0.178,182.56,170.41,204.95,101.85,0.931,0.2506,8,57.28,Aman,0,normal,147.15,173.9,1.282
2025-06-04T21:15:00,5,zone5,21,2,0,0,clear,32.36,58.78,360,2,0,0.019,26.93,4,6.27,45.72,1.303,0.0111,2,68.27,Aman,0,normal,6.0,27.39,1.188
2025-06-04T21:30:00,3,zone3,21,2,0,1,cloudy,29.31,77.64,430,2,0,0.014,125.76,86.0,111.45,74.2,0.956,0.2,4,59.74,Aman,0,normal,91.09,108.73,0.98
2025-06-04T21:45:00,1,zone1,21,2,0,0,clear,32.31,74.29,520,3,0,0.068,90.29,117.52,147.91,67.29,0.978,0.226,7,65.93,Aman,0,normal,134.95,95.59,2.187
2025-06-04T22:00:00,4,zone4,22,2,0,1,cloudy,28.59,74.68,810,5,0,0.103,126.67,107.92,90.23,73.04,1.385,0.1332,4,62.98,Aman,0,normal,99.53,110.96,0.635
2025-06-04T22:15:00,5,zone5,22,2,0,0,clear,31.2,73.89,360,2,0,0.061,79.46,74.2,90.91,36.3,1.305,0.2061,3,75.7,Aman,0,normal,88.95,86.28,0.148
2025-06-04T22:30:00,2,zone2,22,2,0,0,clear,27.32,60.62,680,4,0,0.083,79.43,69.18,67.6,81.2,0.725,0.1017,5,64.78,Aman,0,normal,40.14,70.33,1.677
2025-06-04T22:45:00,4,zone4,22,2,0,0,clear,35.16,74.11,810,5,0,0.061,109.76,101.44,117.75,20.17,1.153,0.1252,8,67.9,Aman,0,normal,115.98,102.88,0.728
2025-06-04T23:00:00,2,zone2,23,2,0,1,cloudy,30.18,70.07,680,4,0,0.129,102.67,94.85,74.53,51.81,0.993,0.1395,2,64.37,Aman,0,normal,73.25,109.76,2.029
2025-06-04T23:15:00,4,zone4,23,2,0,0,clear,32.42,86.92,810,5,0,0.121,114.09,141.11,122.03,53.67,1.094,0.1742,5,68.42,Aman,0,normal,119.81,125.92,0.339
2025-06-04T23:30:00,5,zone5,23,2,0,2,rain,23.31,74.56,360,2,0,0.168,89.49,87.68,78.27,66.82,1.057,0.2435,8,72.69,Aman,0,normal,99.46,96.28,0.177
2025-06-04T23:45:00,3,zone3,23,2,0,1,cloudy,21.84,76.26,430,2,0,0.108,111.14,118.59,128.76,62.37,1.375,0.2758,5,58.18,Aman,0,normal,138.02,101.42,2.033
2025-06-05T00:00:00,1,zone1,0,3,0,0,clear,30.22,66.14,520,3,0,0.119,166.83,138.08,134.91,64.97,1.116,0.2655,6,71.88,Aman,0,normal,160.68,184.9,1.092
2025-06-05T00:15:00,4,zone4,0,3,0,2,rain,29.06,78.46,810,5,0,0.025,28.27,7.95,4,7.75,1.195,0.0098,8,67.98,Aman,0,normal,-1.34,25.21,1.476
2025-06-05T00:30:00,3,zone3,0,3,0,2,rain,29.83,73.14,430,2,0,0.145,88.1,75.28,91.66,67.91,1.087,0.1751,8,65.58,Aman,0,normal,91.0,84.35,0.369
2025-06-05T00:45:00,2,zone2,0,3,0,3,storm,29.44,90.85,680,4,0,0.169,57.21,34.89,4.72,104.5,1.272,0.0513,6,68.94,Aman,0,normal,28.82,62.85,1.891
2025-06-05T01:00:00,3,zone3,1,3,0,0,clear,34.39,83.07,430,2,0,0.173,89.05,92.67,126.28,38.36,0.783,0.2155,5,64.49,Aman,0,normal,122.09,83.55,2.141
2025-06-05T01:15:00,2,zone2,1,3,0,2,rain,24.96,82.49,680,4,0,0.158,61.08,50.21,59.95,80.98,0.944,0.0738,5,73.53,Aman,0,normal,24.82,66.45,2.313
2025-06-05T01:30:00,2,zone2,1,3,0,1,cloudy,30.31,63.26,680,4,0,0.063,111.5,79.77,75.31,54.08,1.404,0.1173,7,69.78,Aman,0,normal,84.78,95.98,0.623
2025-06-05T01:45:00,1,zone1,1,3,0,0,clear,26.34,71.88,520,3,0,0.175,151.53,166.66,129.07,60.6,0.737,0.3205,4,74.17,Aman,0,normal,175.39,153.68,1.177
2025-06-05T02:00:00,3,zone3,2,3,0,0,clear,29.39,67.46,430,2,0,0.033,143.39,132.98,137.63,99.13,0.408,0.3093,7,86.52,Aman,1,density_spike,306.05,140.55,4.43
2025-06-05T02:15:00,3,zone3,2,3,0,0,clear,30.65,61.93,430,2,0,0.003,141.84,148.1,94.65,64.55,0.8,0.3444,3,74.97,Aman,0,normal,122.8,132.61,0.545
2025-06-05T02:30:00,2,zone2,2,3,0,0,clear,32.18,54.11,680,4,0,0.039,93.53,84.72,99.26,80.03,0.888,0.1246,3,78.29,Aman,1,density_spike,18.31,89.43,5.801
2025-06-05T02:45:00,2,zone2,2,3,0,1,cloudy,34.88,73.61,680,4,0,0.132,62.66,68.07,76.73,51.55,0.469,0.1001,4,106.65,Aman,1,density_spike,109.94,66.08,4.664
2025-06-05T03:00:00,3,zone3,3,3,0,0,clear,33.02,69.51,430,2,0,0.007,100.8,119.66,102.72,69.09,1.276,0.2783,5,69.82,Aman,1,density_spike,146.39,87.84,3.253
2025-06-05T03:15:00,3,zone3,3,3,0,2,rain,27.17,71.73,430,2,0,0.158,119.64,113.72,101.47,50.98,1.398,0.2645,4,77.92,Aman,0,normal,106.25,131.6,1.408
2025-06-05T03:30:00,4,zone4,3,3,0,0,clear,30.69,77.24,810,5,0,0.041,72.42,103.4,38.29,76.26,1.191,0.1277,4,65.89,Aman,1,density_spike,126.44,70.9,3.086
2025-06-05T03:45:00,3,zone3,3,3,0,0,clear,31.22,66.99,430,2,0,0.033,116.67,104.64,101.35,71.26,0.912,0.2433,6,68.05,Aman,0,normal,92.71,128.26,1.975
2025-06-05T04:00:00,4,zone4,4,3,0,1,cloudy,28.02,61.84,810,5,0,0.005,62.5,37.51,4,18.86,1.266,0.0463,2,66.99,Aman,0,normal,27.09,61.54,1.914
2025-06-05T04:15:00,3,zone3,4,3,0,3,storm,28.42,77.11,430,2,0,0.171,45.03,26.61,4,79.73,1.141,0.0619,3,66.3,Aman,0,normal,59.87,47.43,0.691
2025-06-05T04:30:00,5,zone5,4,3,0,0,clear,29.07,71.44,360,2,0,0.032,76.99,73.41,79.74,40.61,1.121,0.2039,8,66.17,Aman,0,normal,83.19,72.19,0.612
2025-06-05T04:45:00,5,zone5,4,3,0,0,clear,33.12,71.5,360,2,0,0.15,21.5,4,14.94,29.79,1.276,0.0111,5,64.83,Aman,0,normal,12.99,22.01,0.501
2025-06-05T05:00:00,5,zone5,5,3,0,0,clear,33.49,62.51,360,2,0,0.04,93.48,113.7,93.76,38.47,0.959,0.3158,8,69.15,Aman,1,density_spike,143.59,83.5,3.338
2025-06-05T05:15:00,3,zone3,5,3,0,1,cloudy,29.16,80.14,430,2,0,0.165,60.98,44.99,50.82,30.65,1.233,0.1046,8,75.07,Aman,0,normal,56.04,54.25,0.1
2025-06-05T05:30:00,2,zone2,5,3,0,1,cloudy,30.55,89.85,680,4,0,0.008,99.01,75.58,67.27,17.26,0.853,0.1111,4,62.99,Aman,0,normal,88.07,89.96,0.105
2025-06-05T05:45:00,1,zone1,5,3,0,0,clear,28.78,61.48,520,3,1,0.667,212.37,247.91,255.33,107.1,1.072,0.4768,7,72.48,Waspada,0,normal,213.14,202.56,0.435
2025-06-05T06:00:00,4,zone4,6,3,0,1,cloudy,29.36,63.68,810,5,1,0.524,121.93,124.18,149.89,105.46,1.023,0.1533,3,80.67,Aman,0,normal,130.01,129.9,0.006
2025-06-05T06:15:00,4,zone4,6,3,0,0,clear,31.94,76.9,810,5,0,0.162,123.0,114.82,127.29,85.67,1.157,0.1417,3,70.24,Aman,0,normal,109.51,106.03,0.193
2025-06-05T06:30:00,4,zone4,6,3,0,3,storm,23.81,98,810,5,0,0.133,40.15,17.46,4,54.21,1.024,0.0216,7,60.41,Aman,0,normal,20.92,36.95,0.89
2025-06-05T06:45:00,5,zone5,6,3,0,0,clear,33.04,77.93,360,2,0,0.075,80.65,43.35,47.37,34.04,1.386,0.1204,2,60.77,Aman,0,normal,47.27,80.0,1.818
2025-06-05T07:00:00,3,zone3,7,3,0,2,rain,26.14,85.09,430,2,0,0.129,129.14,100.85,87.07,73.34,1.314,0.2345,4,59.34,Aman,0,normal,89.69,139.42,2.763
2025-06-05T07:15:00,4,zone4,7,3,0,0,clear,33.26,66.96,810,5,0,0.109,80.29,38.36,76.53,48.54,1.327,0.0474,2,66.35,Aman,0,normal,66.86,72.69,0.324
2025-06-05T07:30:00,5,zone5,7,3,0,0,clear,31.59,66.5,360,2,1,0.687,123.58,180.49,210.12,139.72,0.832,0.5014,6,88.54,Bahaya,0,normal,152.35,128.46,1.327
2025-06-05T07:45:00,4,zone4,7,3,0,1,cloudy,30.29,74.98,810,5,0,0.136,94.28,99.68,74.94,67.25,1.083,0.1231,6,60.15,Aman,0,normal,71.67,103.42,1.764
2025-06-05T08:00:00,3,zone3,8,3,0,1,cloudy,35.26,74.72,430,2,0,0.09,127.25,138.66,142.59,53.59,1.144,0.3225,8,65.38,Aman,0,normal,126.43,136.2,0.543
2025-06-05T08:15:00,3,zone3,8,3,0,1,cloudy,27.09,78.25,430,2,0,0.113,140.78,140.13,114.96,66.58,0.904,0.3259,5,59.05,Aman,0,normal,149.66,150.15,0.028
2025-06-05T08:30:00,1,zone1,8,3,0,0,clear,31.97,60.87,520,3,0,0.129,196.66,212.62,181.76,91.82,0.806,0.4089,2,64.48,Waspada,0,normal,237.72,215.28,0.869
2025-06-05T08:45:00,5,zone5,8,3,0,3,storm,25.05,97.63,360,2,0,0.159,77.18,81.47,63.0,55.72,1.229,0.2263,8,78.39,Aman,0,normal,67.34,75.32,0.444
2025-06-05T09:00:00,5,zone5,9,3,0,1,cloudy,30.71,71.95,360,2,0,0.08,100.98,73.48,81.83,17.1,1.287,0.2041,5,58.48,Aman,0,normal,88.99,90.15,0.064
2025-06-05T09:15:00,5,zone5,9,3,0,0,clear,29.96,48,360,2,0,0.114,85.68,110.97,96.16,59.3,1.353,0.3083,4,71.83,Aman,0,normal,115.24,81.99,1.847
2025-06-05T09:30:00,3,zone3,9,3,0,0,clear,27.83,75.86,430,2,0,0.169,115.71,126.73,122.78,79.34,1.017,0.2947,7,66.06,Aman,0,normal,112.17,115.56,0.188
2025-06-05T09:45:00,5,zone5,9,3,0,1,cloudy,30.73,80.71,360,2,0,0.094,66.85,53.25,80.79,60.38,0.984,0.1479,2,65.6,Aman,0,normal,57.64,64.88,0.402
2025-06-05T10:00:00,2,zone2,10,3,0,0,clear,32.2,66.05,680,4,0,0.095,105.15,109.66,108.37,80.29,0.954,0.1613,5,61.83,Aman,0,normal,87.79,94.88,0.394
2025-06-05T10:15:00,5,zone5,10,3,0,2,rain,28.1,77.9,360,2,0,0.038,68.57,52.28,4,17.21,1.463,0.1452,6,63.19,Aman,0,normal,63.76,68.29,0.252
2025-06-05T10:30:00,3,zone3,10,3,0,3,storm,24.53,87.97,430,2,0,0.087,105.19,103.0,146.11,69.19,1.162,0.2395,8,68.4,Aman,0,normal,108.23,105.44,0.155
2025-06-05T10:45:00,3,zone3,10,3,0,1,cloudy,29.46,62.16,430,2,0,0.141,116.22,112.49,87.6,65.49,0.836,0.2616,5,75.98,Aman,0,normal,137.17,102.64,1.918
2025-06-05T11:00:00,5,zone5,11,3,0,0,clear,28.19,57.6,360,2,0,0.071,149.97,145.1,140.52,35.03,1.129,0.403,6,62.88,Aman,0,normal,128.38,141.02,0.702
2025-06-05T11:15:00,5,zone5,11,3,0,0,clear,31.2,68.42,360,2,0,0.172,52.45,64.57,46.63,87.71,1.143,0.1794,6,70.97,Aman,0,normal,50.69,54.73,0.224
2025-06-05T11:30:00,4,zone4,11,3,0,0,clear,31.44,66.82,810,5,0,0.058,26.03,32.34,27.14,56.69,1.435,0.0399,5,68.71,Aman,0,normal,37.55,23.06,0.805
2025-06-05T11:45:00,1,zone1,11,3,0,0,clear,29.94,74.47,520,3,0,0.122,180.91,200.5,195.98,68.41,0.839,0.3856,2,68.69,Aman,0,normal,216.97,194.52,0.962
2025-06-05T12:00:00,2,zone2,12,3,0,0,clear,30.71,62.12,680,4,0,0.043,49.8,51.58,49.66,63.46,1.129,0.0759,2,68.26,Aman,0,normal,45.71,54.3,0.477
2025-06-05T12:15:00,2,zone2,12,3,0,1,cloudy,24.32,90.61,680,4,0,0.023,203.51,163.27,171.54,26.87,1.064,0.2401,3,68.88,Aman,0,normal,140.15,197.44,2.418
2025-06-05T12:30:00,4,zone4,12,3,0,0,clear,32.8,61.57,810,5,0,0.173,92.39,95.56,145.32,80.05,0.307,0.118,7,88.56,Aman,1,density_spike,178.67,94.64,4.756
2025-06-05T12:45:00,1,zone1,12,3,0,2,rain,22.98,64.24,520,3,0,0.18,121.38,121.18,150.38,80.57,0.737,0.233,4,69.5,Aman,0,normal,106.54,125.29,1.042
2025-06-05T13:00:00,2,zone2,13,3,0,0,clear,28.81,63.08,680,4,0,0.003,121.36,120.66,71.28,57.39,1.026,0.1774,7,56.46,Aman,0,normal,127.04,121.35,0.316
2025-06-05T13:15:00,1,zone1,13,3,0,2,rain,27.82,68.72,520,3,0,0.08,82.63,87.46,84.79,41.0,1.029,0.1682,8,74.46,Aman,0,normal,88.58,91.18,0.145
2025-06-05T13:30:00,2,zone2,13,3,0,1,cloudy,35.81,83.07,680,4,0,0.122,146.15,176.62,149.31,46.04,1.14,0.2597,4,71.4,Aman,0,normal,174.83,152.45,1.224
2025-06-05T13:45:00,4,zone4,13,3,0,0,clear,32.15,68.67,810,5,0,0.09,93.5,110.0,142.84,47.28,0.922,0.1358,3,71.88,Aman,0,normal,115.86,94.26,1.2
2025-06-05T14:00:00,5,zone5,14,3,0,1,cloudy,29.1,61.88,360,2,0,0.153,124.58,121.18,100.88,48.08,1.001,0.3366,5,60.28,Aman,0,normal,139.93,108.82,1.728
2025-06-05T14:15:00,3,zone3,14,3,0,0,clear,30.77,67.26,430,2,0,0.089,92.53,126.46,135.35,99.06,0.521,0.2941,6,100.61,Aman,1,density_spike,314.52,93.33,3.799
2025-06-05T14:30:00,2,zone2,14,3,0,0,clear,29.18,71.6,680,4,0,0.011,154.65,158.75,190.1,61.52,1.386,0.2335,3,69.82,Aman,0,normal,174.88,146.7,1.566
2025-06-05T14:45:00,1,zone1,14,3,0,1,cloudy,32.04,66.16,520,3,0,0.138,162.84,156.81,153.9,72.88,0.286,0.3016,4,96.61,Aman,1,density_spike,352.86,174.02,5.041
2025-06-05T15:00:00,5,zone5,15,3,0,0,clear,31.77,75.1,360,2,0,0.072,25.88,49.99,58.8,25.91,0.951,0.1389,5,61.54,Aman,1,density_spike,80.68,24.54,3.119
2025-06-05T15:15:00,3,zone3,15,3,0,1,cloudy,29.1,82.36,430,2,0,0.002,76.26,38.61,14.99,50.18,1.128,0.0898,6,64.09,Aman,0,normal,18.27,70.41,2.897
2025-06-05T15:30:00,1,zone1,15,3,0,0,clear,31.62,66.31,520,3,0,0.092,130.37,155.38,142.84,61.42,0.805,0.2988,4,70.17,Aman,0,normal,152.54,132.0,1.141
2025-06-05T15:45:00,5,zone5,15,3,0,2,rain,26.44,72.61,360,2,0,0.035,54.35,65.3,44.58,34.04,1.335,0.1814,7,62.79,Aman,0,normal,30.56,54.74,1.343
2025-06-05T16:00:00,3,zone3,16,3,0,0,clear,34.33,53.42,430,2,0,0.082,131.46,140.52,154.33,61.7,1.03,0.3268,3,70.96,Aman,0,normal,147.02,140.91,0.34
2025-06-05T16:15:00,1,zone1,16,3,0,0,clear,32.58,66.18,520,3,1,0.467,149.03,178.74,210.63,75.9,0.858,0.3437,2,77.5,Waspada,0,normal,191.79,138.32,2.971
2025-06-05T16:30:00,5,zone5,16,3,0,0,clear,29.56,64.99,360,2,0,0.032,129.54,151.95,167.56,77.86,1.049,0.4221,3,73.95,Waspada,0,normal,127.93,138.66,0.596
2025-06-05T16:45:00,5,zone5,16,3,0,2,rain,26.35,88.72,360,2,0,0.012,8,19.31,4,47.57,1.373,0.0536,4,56.04,Aman,0,normal,-13.0,8.47,1.193
2025-06-05T17:00:00,5,zone5,17,3,0,0,clear,31.27,55.39,360,2,0,0.044,83.7,95.97,66.78,51.61,0.756,0.2666,8,69.79,Aman,0,normal,64.32,73.39,0.504
2025-06-05T17:15:00,5,zone5,17,3,0,0,clear,26.6,77.51,360,2,0,0.032,83.51,65.33,60.63,67.91,1.055,0.1815,6,65.47,Aman,0,normal,62.72,76.59,0.77
2025-06-05T17:30:00,2,zone2,17,3,0,0,clear,32.31,67.29,680,4,0,0.16,171.33,175.66,166.71,69.7,1.219,0.2583,4,72.35,Aman,0,normal,164.91,170.16,0.257
2025-06-05T17:45:00,3,zone3,17,3,0,1,cloudy,26.18,73.89,430,2,0,0.069,139.61,138.08,166.43,55.17,1.061,0.3211,8,73.63,Aman,0,normal,145.28,128.33,0.942
2025-06-05T18:00:00,3,zone3,18,3,0,0,clear,22.87,67.2,430,2,0,0.035,102.15,135.9,155.47,43.25,0.833,0.3161,8,58.72,Aman,0,normal,151.91,112.08,2.212
2025-06-05T18:15:00,4,zone4,18,3,0,2,rain,27.98,94.16,810,5,0,0.136,93.64,54.44,19.61,91.36,1.086,0.0672,3,60.66,Aman,0,normal,58.1,99.67,2.31
2025-06-05T18:30:00,4,zone4,18,3,0,0,clear,31.25,80.27,810,5,1,0.915,181.51,238.88,294.1,164.71,1.103,0.2949,8,98.05,Waspada,1,density_spike,252.23,156.56,5.092
2025-06-05T18:45:00,4,zone4,18,3,0,0,clear,34.37,83.25,810,5,0,0.137,59.53,61.77,107.01,53.68,1.168,0.0763,3,63.84,Aman,0,normal,85.23,60.53,1.372
2025-06-05T19:00:00,4,zone4,19,3,0,3,storm,24.95,85.73,810,5,0,0.07,85.97,71.87,67.8,44.29,1.24,0.0887,2,63.26,Aman,0,normal,68.34,92.41,1.337
2025-06-05T19:15:00,4,zone4,19,3,0,0,clear,25.38,82.28,810,5,0,0.119,113.83,142.52,183.69,81.97,1.419,0.176,5,73.03,Aman,0,normal,156.87,119.89,2.054
2025-06-05T19:30:00,2,zone2,19,3,0,0,clear,30.94,74.35,680,4,0,0.078,113.4,122.73,175.03,50.11,0.837,0.1805,4,85.47,Aman,0,normal,134.42,110.67,1.32
2025-06-05T19:45:00,3,zone3,19,3,0,2,rain,29.74,69.15,430,2,0,0.083,68.7,55.33,52.6,66.6,1.016,0.1287,7,58.71,Aman,0,normal,77.69,74.26,0.191
2025-06-05T20:00:00,2,zone2,20,3,0,2,rain,32.24,88.35,680,4,0,0.082,147.89,156.96,149.96,90.17,1.095,0.2308,4,63.56,Aman,0,normal,184.91,152.82,1.75
2025-06-05T20:15:00,4,zone4,20,3,0,0,clear,30.95,76.5,810,5,0,0.022,137.87,140.13,141.7,59.07,0.925,0.173,3,64.29,Aman,0,normal,141.88,143.46,0.088
2025-06-05T20:30:00,4,zone4,20,3,0,0,clear,31.59,61.31,810,5,0,0.035,116.85,147.58,196.54,78.0,0.904,0.1822,2,65.62,Aman,0,normal,169.99,129.35,2.257
2025-06-05T20:45:00,2,zone2,20,3,0,2,rain,28.69,87.19,680,4,0,0.032,172.04,155.69,172.74,57.06,1.049,0.229,4,67.78,Aman,0,normal,160.61,178.15,0.82
2025-06-05T21:00:00,1,zone1,21,3,0,2,rain,27.52,82.81,520,3,0,0.115,183.98,163.23,196.47,72.58,0.414,0.3139,8,100.01,Aman,1,density_spike,39.43,201.69,4.145
2025-06-05T21:15:00,2,zone2,21,3,0,2,rain,25.96,79.03,680,4,0,0.15,135.24,126.86,151.73,33.35,1.08,0.1866,4,71.53,Aman,0,normal,149.74,149.32,0.023
2025-06-05T21:30:00,2,zone2,21,3,0,0,clear,34.3,72.12,680,4,0,0.003,169.39,170.53,207.14,83.14,1.011,0.2508,2,68.81,Aman,0,normal,126.4,158.95,1.707
2025-06-05T21:45:00,5,zone5,21,3,0,1,cloudy,28.45,67.26,360,2,0,0.102,40.54,51.88,77.25,41.3,1.009,0.1441,8,59.76,Aman,0,normal,22.24,38.21,0.888
2025-06-05T22:00:00,4,zone4,22,3,0,0,clear,31.04,72.48,810,5,1,0.952,93.03,157.62,170.88,145.35,1.126,0.1946,8,84.16,Waspada,1,density_spike,158.82,97.85,3.387
2025-06-05T22:15:00,3,zone3,22,3,0,0,clear,32.39,72.22,430,2,0,0.068,73.36,80.28,114.48,72.82,1.093,0.1867,4,68.13,Aman,0,normal,75.03,78.19,0.176
2025-06-05T22:30:00,3,zone3,22,3,0,1,cloudy,25.69,67.9,430,2,0,0.132,118.04,124.05,180.84,37.76,1.117,0.2885,3,66.67,Aman,0,normal,122.1,111.39,0.595
2025-06-05T22:45:00,1,zone1,22,3,0,2,rain,27.48,84.22,520,3,1,0.996,221.48,281.03,333.77,133.29,0.783,0.5404,3,91.59,Bahaya,0,normal,264.82,232.03,1.178
2025-06-05T23:00:00,2,zone2,23,3,0,1,cloudy,31.01,65.15,680,4,0,0.104,143.48,175.95,123.42,72.65,0.939,0.2588,5,71.96,Aman,0,normal,178.23,150.81,1.515
2025-06-05T23:15:00,1,zone1,23,3,0,1,cloudy,26.63,75.99,520,3,0,0.015,87.15,72.27,94.98,36.88,1.118,0.139,5,60.2,Aman,0,normal,90.59,76.58,0.778
2025-06-05T23:30:00,4,zone4,23,3,0,0,clear,33.43,55.57,810,5,0,0.001,88.8,71.57,50.79,56.58,0.943,0.0884,5,65.65,Aman,0,normal,67.08,89.95,1.271
2025-06-05T23:45:00,4,zone4,23,3,0,2,rain,26.0,69.56,810,5,0,0.137,87.08,82.67,52.16,43.78,1.396,0.1021,7,60.24,Aman,0,normal,47.4,91.54,2.452
2025-06-06T00:00:00,1,zone1,0,4,0,2,rain,28.85,95.66,520,3,0,0.127,86.72,68.82,33.26,31.11,1.241,0.1323,6,64.95,Aman,0,normal,72.41,74.86,0.136
2025-06-06T00:15:00,4,zone4,0,4,0,1,cloudy,32.65,71.64,810,5,0,0.014,21.28,20.97,12.02,16.91,1.351,0.0259,6,60.8,Aman,0,normal,31.92,20.58,0.63
2025-06-06T00:30:00,1,zone1,0,4,0,0,clear,31.06,70.04,520,3,0,0.144,119.19,141.52,143.43,39.51,1.173,0.2722,5,70.46,Aman,0,normal,114.16,124.08,0.551
2025-06-06T00:45:00,2,zone2,0,4,0,0,clear,32.42,68.84,680,4,0,0.024,84.62,77.6,75.65,37.55,1.111,0.1141,3,66.17,Aman,0,normal,62.91,92.63,1.651
2025-06-06T01:00:00,5,zone5,1,4,0,0,clear,31.38,79.38,360,2,0,0.014,67.51,73.12,86.06,49.89,0.791,0.2031,2,70.49,Aman,0,normal,24.19,58.18,1.888
2025-06-06T01:15:00,5,zone5,1,4,0,1,cloudy,25.73,86.2,360,2,0,0.094,12.9,8.42,37.36,48.93,0.987,0.0234,4,77.4,Aman,0,normal,8.3,14.25,0.331
2025-06-06T01:30:00,4,zone4,1,4,0,1,cloudy,28.95,78.4,810,5,0,0.157,137.79,140.49,110.96,88.31,1.143,0.1734,2,65.97,Aman,0,normal,147.73,143.55,0.232
2025-06-06T01:45:00,4,zone4,1,4,0,0,clear,30.68,55.01,810,5,0,0.001,41.93,56.83,48.01,20.0,0.919,0.0702,8,65.58,Aman,0,normal,78.59,44.12,1.915
2025-06-06T02:00:00,3,zone3,2,4,0,0,clear,32.26,76.99,430,2,0,0.168,130.87,112.08,115.11,51.47,1.084,0.2607,6,63.44,Aman,0,normal,133.94,136.94,0.167
2025-06-06T02:15:00,5,zone5,2,4,0,3,storm,25.25,84.41,360,2,0,0.161,52.57,14.53,25.73,55.37,1.329,0.0404,7,69.49,Aman,0,normal,14.33,57.91,2.421
2025-06-06T02:30:00,4,zone4,2,4,0,1,cloudy,28.17,71.17,810,5,0,0.046,83.46,72.14,88.87,67.15,1.164,0.0891,7,69.79,Aman,0,normal,78.31,84.27,0.331
2025-06-06T02:45:00,4,zone4,2,4,0,1,cloudy,28.87,55.21,810,5,0,0.174,68.69,73.33,96.14,60.45,1.26,0.0905,4,68.81,Aman,0,normal,63.89,65.64,0.097
2025-06-06T03:00:00,4,zone4,3,4,0,1,cloudy,25.33,68.48,810,5,1,0.484,139.04,122.7,135.93,113.15,0.987,0.1515,6,69.59,Aman,0,normal,159.8,123.43,2.021
2025-06-06T03:15:00,3,zone3,3,4,0,2,rain,26.19,89.55,430,2,0,0.082,74.04,77.99,104.04,63.34,0.845,0.1814,6,66.18,Aman,0,normal,63.92,79.99,0.893
2025-06-06T03:30:00,2,zone2,3,4,0,0,clear,27.54,79.26,680,4,0,0.068,72.49,106.52,114.35,84.64,1.233,0.1566,2,62.56,Aman,0,normal,104.25,78.49,1.431
2025-06-06T03:45:00,2,zone2,3,4,0,3,storm,24.5,98,680,4,0,0.061,42.25,49.77,48.98,32.24,1.333,0.0732,4,63.93,Aman,0,normal,26.95,37.4,0.581
2025-06-06T04:00:00,5,zone5,4,4,0,2,rain,26.41,80.87,360,2,1,0.964,51.02,81.0,108.26,145.96,1.176,0.225,8,78.13,Waspada,0,normal,77.25,44.0,1.847
2025-06-06T04:15:00,2,zone2,4,4,0,0,clear,34.45,65.57,680,4,0,0.122,66.78,91.15,101.03,16.94,1.217,0.134,2,55.08,Aman,0,normal,63.32,68.32,0.277
2025-06-06T04:30:00,1,zone1,4,4,0,0,clear,30.09,74.66,520,3,0,0.054,156.99,187.08,193.01,9.29,0.967,0.3598,5,62.98,Aman,0,normal,176.69,146.25,1.691
2025-06-06T04:45:00,1,zone1,4,4,0,0,clear,31.42,62.14,520,3,0,0.164,111.28,77.27,50.98,34.7,1.184,0.1486,2,60.8,Aman,0,normal,79.98,108.24,1.57
2025-06-06T05:00:00,1,zone1,5,4,0,0,clear,28.12,56.47,520,3,0,0.155,106.26,132.78,105.57,88.02,1.121,0.2553,2,69.53,Aman,0,normal,135.22,111.1,1.34
2025-06-06T05:15:00,1,zone1,5,4,0,0,clear,32.57,70.23,520,3,0,0.032,123.67,128.79,115.18,63.79,1.169,0.2477,3,67.72,Aman,0,normal,120.8,110.37,0.58
2025-06-06T05:30:00,5,zone5,5,4,0,0,clear,30.72,63.71,360,2,0,0.118,148.09,168.78,182.97,59.5,0.794,0.4688,5,65.35,Waspada,0,normal,154.65,165.32,0.538
2025-06-06T05:45:00,1,zone1,5,4,0,1,cloudy,28.4,77.25,520,3,1,0.47,184.3,215.95,221.67,121.82,1.136,0.4153,6,77.63,Waspada,0,normal,210.76,170.71,1.955
2025-06-06T06:00:00,2,zone2,6,4,0,0,clear,30.89,64.72,680,4,1,0.59,134.58,154.92,211.99,123.81,1.352,0.2278,3,72.18,Waspada,0,normal,143.57,138.4,0.287
2025-06-06T06:15:00,3,zone3,6,4,0,3,storm,25.1,91.03,430,2,0,0.005,66.45,48.01,51.43,61.3,1.309,0.1116,2,74.21,Aman,0,normal,30.21,59.67,1.637
2025-06-06T06:30:00,3,zone3,6,4,0,0,clear,35.18,73.12,430,2,0,0.174,164.22,201.55,218.31,102.88,0.774,0.4687,5,76.59,Waspada,0,normal,198.53,165.66,1.654
2025-06-06T06:45:00,1,zone1,6,4,0,0,clear,28.37,73.15,520,3,0,0.07,175.9,178.22,119.92,40.74,0.968,0.3427,8,69.13,Aman,0,normal,207.11,183.89,1.053
2025-06-06T07:00:00,2,zone2,7,4,0,0,clear,29.53,69.83,680,4,0,0.01,175.32,171.51,165.36,82.66,1.024,0.2522,4,60.49,Aman,0,normal,130.8,163.34,1.66
2025-06-06T07:15:00,2,zone2,7,4,0,0,clear,31.42,69.37,680,4,0,0.171,167.52,176.49,187.26,99.42,1.189,0.2595,2,70.56,Aman,0,normal,152.36,165.53,0.663
2025-06-06T07:30:00,4,zone4,7,4,0,1,cloudy,29.34,73.68,810,5,0,0.025,73.25,41.16,30.28,43.07,1.324,0.0508,8,55.67,Aman,0,normal,41.13,76.38,1.958
2025-06-06T07:45:00,5,zone5,7,4,0,1,cloudy,30.74,65.87,360,2,1,0.697,71.0,138.47,156.12,128.78,0.892,0.3846,4,89.96,Waspada,1,density_spike,132.62,68.06,3.586
2025-06-06T08:00:00,1,zone1,8,4,0,0,clear,31.05,68.38,520,3,0,0.15,191.19,190.08,174.35,74.86,0.633,0.3655,5,91.67,Aman,1,density_spike,293.93,210.81,5.867
2025-06-06T08:15:00,1,zone1,8,4,0,1,cloudy,30.15,83.29,520,3,0,0.064,110.41,114.8,105.15,51.76,0.456,0.2208,5,93.38,Aman,1,density_spike,242.45,121.17,3.875
2025-06-06T08:30:00,3,zone3,8,4,0,0,clear,31.91,66.02,430,2,0,0.146,57.32,80.5,95.63,75.12,0.951,0.1872,8,66.65,Aman,0,normal,93.76,53.54,2.234
2025-06-06T08:45:00,1,zone1,8,4,0,0,clear,33.79,76.58,520,3,0,0.086,192.77,196.93,215.63,37.35,0.891,0.3787,7,71.59,Aman,0,normal,178.07,202.17,0.993
2025-06-06T09:00:00,4,zone4,9,4,0,0,clear,28.77,66.33,810,5,0,0.143,101.7,114.18,114.73,58.88,1.225,0.141,6,62.45,Aman,0,normal,82.17,95.11,0.719
2025-06-06T09:15:00,2,zone2,9,4,0,1,cloudy,28.02,59.96,680,4,0,0.051,133.2,125.39,155.69,47.21,0.943,0.1844,5,65.19,Aman,0,normal,104.0,120.82,0.935
2025-06-06T09:30:00,5,zone5,9,4,0,1,cloudy,33.76,68.28,360,2,0,0.022,78.49,82.66,82.97,51.97,1.186,0.2296,5,70.06,Aman,0,normal,84.66,80.43,0.235
2025-06-06T09:45:00,5,zone5,9,4,0,0,clear,31.76,67.67,360,2,1,0.511,130.39,192.74,201.53,108.69,1.222,0.5354,3,81.53,Waspada,0,normal,179.63,128.14,2.861
2025-06-06T10:00:00,1,zone1,10,4,0,0,clear,32.66,58.05,520,3,0,0.088,204.46,227.88,208.87,43.5,1.066,0.4382,8,79.17,Aman,0,normal,208.82,203.95,0.199
2025-06-06T10:15:00,4,zone4,10,4,0,0,clear,29.46,49.5,810,5,0,0.113,138.52,192.16,204.76,94.85,0.833,0.2372,3,76.06,Aman,1,density_spike,203.0,131.48,3.973
2025-06-06T10:30:00,2,zone2,10,4,0,0,clear,30.18,54.94,680,4,0,0.023,116.17,80.94,81.35,14.42,1.004,0.119,4,68.97,Aman,0,normal,98.97,127.42,1.58
2025-06-06T10:45:00,5,zone5,10,4,0,1,cloudy,29.06,65.96,360,2,0,0.049,96.66,80.01,130.33,96.32,1.26,0.2222,3,62.91,Aman,1,density_spike,44.79,107.55,3.486
2025-06-06T11:00:00,5,zone5,11,4,0,0,clear,28.08,54.23,360,2,0,0.072,92.15,106.92,113.12,83.96,1.253,0.297,5,68.92,Aman,0,normal,116.49,85.45,1.724
2025-06-06T11:15:00,1,zone1,11,4,0,0,clear,37.37,74.12,520,3,1,0.581,165.26,228.22,285.99,131.38,0.887,0.4389,8,86.16,Waspada,1,density_spike,227.37,147.12,4.458
2025-06-06T11:30:00,5,zone5,11,4,0,3,storm,25.29,90.52,360,2,0,0.17,60.01,54.51,75.77,51.24,1.385,0.1514,2,65.78,Aman,0,normal,77.04,66.67,0.576
2025-06-06T11:45:00,5,zone5,11,4,0,0,clear,30.27,71.83,360,2,0,0.069,161.71,184.02,158.74,33.52,0.754,0.5112,3,63.52,Waspada,0,normal,156.67,155.7,0.052
2025-06-06T12:00:00,4,zone4,12,4,0,0,clear,27.56,60.86,810,5,0,0.017,121.22,155.31,159.17,76.25,1.058,0.1917,2,78.28,Aman,0,normal,150.61,130.01,1.144
2025-06-06T12:15:00,4,zone4,12,4,0,0,clear,30.14,69.57,810,5,0,0.175,81.54,65.21,66.56,70.59,0.955,0.0805,5,80.08,Aman,0,normal,68.25,89.94,1.205
2025-06-06T12:30:00,1,zone1,12,4,0,0,clear,30.19,56.79,520,3,0,0.108,221.41,230.85,190.14,65.16,0.992,0.4439,3,72.65,Waspada,0,normal,239.71,215.99,0.915
2025-06-06T12:45:00,1,zone1,12,4,0,0,clear,34.33,80.72,520,3,0,0.098,184.54,213.1,217.24,101.0,1.195,0.4098,5,77.34,Waspada,0,normal,216.11,165.77,2.53
2025-06-06T13:00:00,2,zone2,13,4,0,2,rain,26.87,78.0,680,4,0,0.124,137.23,115.78,132.92,61.9,1.259,0.1703,2,66.77,Aman,0,normal,151.15,150.97,0.01
2025-06-06T13:15:00,2,zone2,13,4,0,0,clear,30.63,76.33,680,4,0,0.033,91.31,115.11,92.4,43.44,1.015,0.1693,2,63.55,Aman,0,normal,126.04,100.06,1.443
2025-06-06T13:30:00,1,zone1,13,4,0,2,rain,26.32,87.26,520,3,0,0.14,151.07,158.56,176.59,21.78,1.076,0.3049,5,69.52,Aman,0,normal,170.59,133.48,2.062
2025-06-06T13:45:00,3,zone3,13,4,0,0,clear,28.55,71.59,430,2,0,0.175,110.88,116.72,113.0,105.73,0.902,0.2714,5,63.87,Aman,0,normal,111.78,119.04,0.403
2025-06-06T14:00:00,5,zone5,14,4,0,1,cloudy,27.36,91.39,360,2,0,0.14,82.4,90.75,85.68,70.65,1.158,0.2521,5,66.55,Aman,0,normal,69.17,72.14,0.165
2025-06-06T14:15:00,2,zone2,14,4,0,0,clear,33.74,75.29,680,4,0,0.154,182.28,204.52,196.67,78.22,0.964,0.3008,3,77.07,Aman,0,normal,228.69,189.75,1.71
2025-06-06T14:30:00,1,zone1,14,4,0,1,cloudy,30.65,62.21,520,3,0,0.013,149.92,138.59,128.12,60.1,1.274,0.2665,8,72.6,Aman,0,normal,153.41,147.24,0.342
2025-06-06T14:45:00,4,zone4,14,4,0,0,clear,31.66,71.19,810,5,0,0.141,128.44,135.91,150.13,69.87,1.08,0.1678,8,64.11,Aman,0,normal,148.0,142.13,0.326
2025-06-06T15:00:00,3,zone3,15,4,0,2,rain,28.57,88.5,430,2,0,0.128,135.4,166.71,109.61,61.99,1.04,0.3877,6,73.53,Aman,0,normal,192.31,145.4,2.606
2025-06-06T15:15:00,4,zone4,15,4,0,0,clear,33.88,72.11,810,5,0,0.073,88.12,109.56,116.01,44.42,1.204,0.1353,2,68.05,Aman,0,normal,105.84,82.25,1.311
2025-06-06T15:30:00,1,zone1,15,4,0,0,clear,30.69,64.5,520,3,1,0.95,220.97,327.0,366.71,172.16,0.77,0.6289,8,92.64,Bahaya,1,density_spike,307.81,195.39,4.794
2025-06-06T15:45:00,4,zone4,15,4,0,0,clear,34.51,75.61,810,5,0,0.07,178.31,201.73,220.39,48.32,1.379,0.2491,6,73.21,Aman,0,normal,222.2,171.06,2.491
2025-06-06T16:00:00,1,zone1,16,4,0,0,clear,27.61,76.43,520,3,0,0.083,204.93,226.59,250.59,49.36,0.777,0.4358,3,70.76,Aman,0,normal,208.66,229.11,0.744
2025-06-06T16:15:00,4,zone4,16,4,0,1,cloudy,32.48,73.79,810,5,0,0.065,70.0,31.19,52.11,50.34,1.042,0.0385,3,73.39,Aman,0,normal,24.78,78.3,2.973
2025-06-06T16:30:00,1,zone1,16,4,0,0,clear,30.43,60.38,520,3,0,0.098,166.95,166.27,180.14,74.49,1.129,0.3198,4,67.4,Aman,0,normal,161.11,146.67,0.802
2025-06-06T16:45:00,3,zone3,16,4,0,1,cloudy,32.54,60.03,430,2,0,0.166,76.36,99.48,100.33,55.15,1.184,0.2314,5,74.38,Aman,0,normal,112.64,82.44,1.678
2025-06-06T17:00:00,3,zone3,17,4,0,0,clear,27.4,82.65,430,2,0,0.081,126.2,131.58,137.89,59.44,1.085,0.306,6,70.04,Aman,0,normal,142.04,118.07,1.332
2025-06-06T17:15:00,4,zone4,17,4,0,2,rain,32.11,72.03,810,5,0,0.063,112.12,66.09,58.43,60.11,1.254,0.0816,2,66.82,Aman,0,normal,53.5,106.01,2.917
2025-06-06T17:30:00,5,zone5,17,4,0,0,clear,31.55,67.44,360,2,0,0.086,105.8,114.32,84.98,63.7,0.987,0.3175,6,67.57,Aman,0,normal,127.27,113.23,0.78
2025-06-06T17:45:00,2,zone2,17,4,0,2,rain,29.25,74.75,680,4,0,0.123,27.87,13.54,13.15,67.82,1.312,0.0199,4,63.3,Aman,0,normal,19.91,30.44,0.585
2025-06-06T18:00:00,1,zone1,18,4,0,0,clear,29.68,50.71,520,3,0,0.062,197.67,216.34,237.86,77.88,0.925,0.416,7,75.48,Waspada,0,normal,227.14,199.3,1.164
2025-06-06T18:15:00,2,zone2,18,4,0,0,clear,36.09,68.52,680,4,0,0.111,111.79,161.97,192.99,65.22,0.772,0.2382,4,75.76,Aman,0,normal,152.95,105.34,2.645
2025-06-06T18:30:00,4,zone4,18,4,0,0,clear,31.9,58.18,810,5,0,0.178,148.15,140.67,158.04,52.41,1.397,0.1737,3,73.63,Aman,0,normal,128.04,133.81,0.321
2025-06-06T18:45:00,5,zone5,18,4,0,2,rain,25.48,84.83,360,2,0,0.065,97.2,72.09,125.01,67.18,1.246,0.2003,5,70.81,Aman,0,normal,54.44,108.21,2.987
2025-06-06T19:00:00,2,zone2,19,4,0,0,clear,28.21,69.78,680,4,0,0.099,131.16,143.87,158.15,40.48,0.9,0.2116,8,70.22,Aman,0,normal,146.79,141.35,0.303
2025-06-06T19:15:00,1,zone1,19,4,0,0,clear,31.99,80.46,520,3,0,0.167,199.23,188.62,241.29,89.41,1.032,0.3627,5,69.22,Waspada,0,normal,185.64,215.7,1.161
2025-06-06T19:30:00,3,zone3,19,4,0,3,storm,27.53,86.61,430,2,0,0.074,74.34,24.17,52.91,48.55,1.231,0.0562,7,77.71,Aman,1,density_spike,12.02,79.31,3.738
2025-06-06T19:45:00,4,zone4,19,4,0,0,clear,32.78,66.73,810,5,1,0.885,183.56,216.12,299.6,141.56,1.13,0.2668,6,90.54,Waspada,0,normal,214.06,188.62,1.124
2025-06-06T20:00:00,5,zone5,20,4,0,0,clear,29.79,57.5,360,2,0,0.07,78.19,92.1,120.8,65.83,1.031,0.2558,2,60.88,Aman,0,normal,81.82,84.38,0.142
2025-06-06T20:15:00,3,zone3,20,4,0,0,clear,30.51,66.21,430,2,0,0.079,115.22,117.19,139.87,47.85,0.65,0.2725,2,67.3,Aman,1,density_spike,63.05,118.1,3.058
2025-06-06T20:30:00,2,zone2,20,4,0,0,clear,29.38,59.06,680,4,0,0.053,157.83,192.85,238.57,34.37,0.953,0.2836,3,62.43,Aman,0,normal,209.62,159.51,2.618
2025-06-06T20:45:00,1,zone1,20,4,0,0,clear,31.93,67.43,520,3,0,0.033,212.4,236.97,243.02,69.63,1.018,0.4557,8,72.51,Waspada,0,normal,235.05,220.62,0.545
2025-06-06T21:00:00,3,zone3,21,4,0,1,cloudy,30.68,63.02,430,2,0,0.029,158.56,136.55,134.71,29.97,1.128,0.3176,4,69.28,Aman,0,normal,153.57,158.89,0.279
2025-06-06T21:15:00,2,zone2,21,4,0,1,cloudy,29.93,86.67,680,4,0,0.093,192.45,193.57,253.09,71.88,1.004,0.2847,3,73.86,Aman,0,normal,188.03,189.61,0.069
2025-06-06T21:30:00,3,zone3,21,4,0,1,cloudy,33.6,72.45,430,2,0,0.084,52.91,66.81,97.53,47.0,1.243,0.1554,7,73.59,Aman,0,normal,68.51,53.53,0.832
2025-06-06T21:45:00,4,zone4,21,4,0,0,clear,28.61,75.06,810,5,0,0.107,88.74,92.64,124.29,49.54,1.236,0.1144,4,71.06,Aman,0,normal,97.15,77.1,1.114
2025-06-06T22:00:00,5,zone5,22,4,0,0,clear,31.66,77.5,360,2,0,0.158,63.43,71.03,105.6,82.51,0.995,0.1973,3,73.71,Aman,0,normal,72.82,60.68,0.674
2025-06-06T22:15:00,1,zone1,22,4,0,1,cloudy,30.75,77.89,520,3,0,0.102,151.83,150.7,158.01,61.83,1.173,0.2898,3,60.03,Aman,0,normal,125.99,164.52,1.952
2025-06-06T22:30:00,4,zone4,22,4,0,1,cloudy,31.0,70.35,810,5,0,0.146,139.54,147.21,165.45,72.4,1.245,0.1817,6,74.61,Aman,0,normal,141.25,140.92,0.018
2025-06-06T22:45:00,1,zone1,22,4,0,2,rain,22.96,83.83,520,3,0,0.151,191.48,215.99,187.06,101.46,1.029,0.4154,2,67.93,Waspada,0,normal,224.17,180.46,2.018
2025-06-06T23:00:00,1,zone1,23,4,0,0,clear,32.6,71.55,520,3,0,0.11,146.26,135.25,167.78,25.19,1.198,0.2601,6,72.11,Aman,0,normal,174.08,157.17,0.896
2025-06-06T23:15:00,4,zone4,23,4,0,0,clear,30.74,81.0,810,5,1,0.848,213.99,282.38,293.86,177.4,0.97,0.3486,2,98.0,Bahaya,1,density_spike,311.93,188.21,5.478
2025-06-06T23:30:00,5,zone5,23,4,0,1,cloudy,26.84,66.25,360,2,0,0.126,66.43,61.69,61.14,66.06,0.816,0.1714,5,62.07,Aman,0,normal,62.98,66.14,0.175
2025-06-06T23:45:00,3,zone3,23,4,0,0,clear,28.16,54.43,430,2,0,0.041,140.27,141.0,145.98,23.45,0.867,0.3279,7,68.03,Aman,0,normal,133.93,138.67,0.263
2025-06-07T00:00:00,2,zone2,0,5,1,0,clear,29.71,72.38,680,4,0,0.088,130.37,108.48,90.84,57.05,1.392,0.1595,7,73.71,Aman,0,normal,112.0,143.1,1.728
2025-06-07T00:15:00,5,zone5,0,5,1,0,clear,29.89,67.93,360,2,0,0.034,98.21,108.51,121.48,71.08,0.829,0.3014,3,69.21,Aman,0,normal,110.73,96.23,0.805
2025-06-07T00:30:00,4,zone4,0,5,1,1,cloudy,29.16,72.26,810,5,0,0.048,108.54,112.54,125.18,72.31,1.076,0.1389,4,68.11,Aman,0,normal,123.76,104.14,1.09
2025-06-07T00:45:00,2,zone2,0,5,1,1,cloudy,31.68,67.59,680,4,0,0.089,95.94,82.29,56.4,67.85,1.124,0.121,2,67.93,Aman,0,normal,105.65,89.38,0.904
2025-06-07T01:00:00,4,zone4,1,5,1,0,clear,34.14,72.12,810,5,1,0.854,118.95,190.87,234.52,124.12,0.998,0.2356,7,85.69,Waspada,0,normal,168.45,130.37,2.115
2025-06-07T01:15:00,2,zone2,1,5,1,0,clear,31.83,72.62,680,4,0,0.03,71.76,29.59,44.99,34.56,1.052,0.0435,2,73.19,Aman,0,normal,42.92,77.63,1.929
2025-06-07T01:30:00,4,zone4,1,5,1,1,cloudy,28.97,74.58,810,5,0,0.045,96.5,69.5,109.02,47.94,1.072,0.0858,3,63.3,Aman,0,normal,58.19,103.16,2.498
2025-06-07T01:45:00,5,zone5,1,5,1,0,clear,34.06,55.45,360,2,0,0.066,101.62,89.22,115.69,78.29,0.864,0.2478,8,63.69,Aman,0,normal,90.7,101.12,0.579
2025-06-07T02:00:00,2,zone2,2,5,1,3,storm,28.66,94.84,680,4,0,0.119,53.49,35.01,36.96,5,1.022,0.0515,3,64.44,Aman,0,normal,31.01,47.5,0.916
2025-06-07T02:15:00,4,zone4,2,5,1,3,storm,25.35,90.16,810,5,0,0.031,102.11,67.88,82.19,11.73,0.95,0.0838,4,60.23,Aman,0,normal,65.69,104.07,2.132
2025-06-07T02:30:00,4,zone4,2,5,1,1,cloudy,28.91,70.51,810,5,0,0.062,154.7,152.2,168.64,82.52,0.272,0.1879,6,85.54,Aman,1,density_spike,268.16,144.64,5.659
2025-06-07T02:45:00,1,zone1,2,5,1,0,clear,25.48,59.61,520,3,0,0.0,130.52,121.87,130.84,68.39,0.883,0.2344,8,66.05,Aman,0,normal,111.61,137.12,1.418
2025-06-07T03:00:00,1,zone1,3,5,1,0,clear,27.64,63.16,520,3,1,0.963,177.39,228.78,235.95,177.99,1.266,0.44,6,97.64,Bahaya,0,normal,217.8,183.87,1.538
2025-06-07T03:15:00,2,zone2,3,5,1,0,clear,32.83,60.97,680,4,0,0.036,153.41,143.86,186.04,46.29,1.114,0.2116,8,71.5,Aman,0,normal,159.56,144.43,0.84
2025-06-07T03:30:00,3,zone3,3,5,1,0,clear,27.69,69.41,430,2,0,0.076,139.21,148.51,167.92,56.76,0.994,0.3454,4,62.12,Aman,0,normal,118.95,133.22,0.793
2025-06-07T03:45:00,1,zone1,3,5,1,1,cloudy,28.31,97.22,520,3,0,0.073,91.32,100.39,60.34,50.26,1.133,0.1931,2,74.23,Aman,0,normal,116.3,98.05,1.014
2025-06-07T04:00:00,3,zone3,4,5,1,2,rain,27.13,78.04,430,2,1,0.772,101.86,110.51,121.71,121.26,1.148,0.257,7,81.39,Waspada,0,normal,101.92,104.24,0.129
2025-06-07T04:15:00,5,zone5,4,5,1,1,cloudy,26.81,73.71,360,2,1,0.45,16.51,44.89,74.38,91.52,1.35,0.1247,8,79.93,Aman,0,normal,37.7,16.27,1.191
2025-06-07T04:30:00,2,zone2,4,5,1,2,rain,31.47,81.56,680,4,0,0.148,134.46,107.53,84.16,74.56,1.26,0.1581,7,76.32,Aman,0,normal,114.21,140.09,1.438
2025-06-07T04:45:00,1,zone1,4,5,1,2,rain,27.15,84.96,520,3,0,0.12,163.51,151.14,142.22,49.78,1.146,0.2907,2,64.05,Aman,0,normal,167.17,142.07,1.395
2025-06-07T05:00:00,5,zone5,5,5,1,0,clear,30.98,59.71,360,2,0,0.064,110.28,101.34,113.12,55.95,0.677,0.2815,3,76.42,Aman,0,normal,126.97,106.05,1.162
2025-06-07T05:15:00,5,zone5,5,5,1,0,clear,24.88,69.09,360,2,0,0.142,104.7,115.85,101.24,32.86,1.251,0.3218,7,68.01,Aman,0,normal,108.46,109.33,0.049
2025-06-07T05:30:00,5,zone5,5,5,1,0,clear,29.27,81.66,360,2,0,0.106,34.59,24.86,34.38,52.65,1.183,0.069,7,75.82,Aman,0,normal,28.19,34.03,0.324
2025-06-07T05:45:00,2,zone2,5,5,1,0,clear,31.53,64.45,680,4,0,0.131,45.49,94.79,90.28,73.62,1.194,0.1394,2,69.24,Aman,0,normal,68.93,49.07,1.103
2025-06-07T06:00:00,3,zone3,6,5,1,0,clear,34.9,72.68,430,2,0,0.024,96.99,94.54,60.48,52.3,1.127,0.2199,5,57.12,Aman,0,normal,71.26,88.26,0.944
2025-06-07T06:15:00,2,zone2,6,5,1,0,clear,29.24,59.7,680,4,1,0.453,148.98,147.97,149.5,82.77,1.311,0.2176,7,80.44,Aman,0,normal,126.51,146.48,1.109
2025-06-07T06:30:00,5,zone5,6,5,1,2,rain,27.28,82.32,360,2,0,0.144,30.65,4,4,48.17,1.159,0.0111,5,75.38,Aman,0,normal,11.34,28.99,0.981
2025-06-07T06:45:00,3,zone3,6,5,1,0,clear,28.58,67.0,430,2,0,0.157,196.5,202.22,227.99,76.56,1.106,0.4703,6,81.79,Waspada,0,normal,212.46,174.65,1.804
2025-06-07T07:00:00,3,zone3,7,5,1,1,cloudy,32.74,74.28,430,2,1,0.682,153.38,188.04,229.0,155.48,0.769,0.4373,2,86.58,Bahaya,0,normal,212.46,169.71,2.099
2025-06-07T07:15:00,1,zone1,7,5,1,0,clear,31.62,67.56,520,3,1,0.679,216.71,298.22,304.79,126.25,0.87,0.5735,7,77.13,Bahaya,1,density_spike,296.91,210.68,3.41
2025-06-07T07:30:00,2,zone2,7,5,1,0,clear,30.75,64.03,680,4,1,0.875,153.71,207.35,232.93,117.36,0.959,0.3049,8,89.07,Waspada,0,normal,198.38,160.22,1.985
2025-06-07T07:45:00,5,zone5,7,5,1,3,storm,25.67,73.47,360,2,0,0.035,59.26,46.93,52.41,35.57,1.082,0.1304,7,64.54,Aman,0,normal,45.62,63.31,0.983
2025-06-07T08:00:00,2,zone2,8,5,1,2,rain,30.56,74.58,680,4,1,0.52,173.87,196.8,208.71,98.12,0.962,0.2894,5,71.58,Waspada,1,density_spike,208.75,152.98,3.038
2025-06-07T08:15:00,3,zone3,8,5,1,2,rain,26.14,90.07,430,2,0,0.08,98.62,70.94,92.24,62.64,1.025,0.165,4,72.13,Aman,0,normal,81.63,95.35,0.762
2025-06-07T08:30:00,4,zone4,8,5,1,0,clear,29.79,63.3,810,5,0,0.025,122.54,153.69,153.87,74.3,0.386,0.1897,3,88.99,Aman,1,density_spike,298.41,119.84,4.924
2025-06-07T08:45:00,1,zone1,8,5,1,0,clear,27.55,64.62,520,3,0,0.089,220.86,223.03,223.2,74.39,1.067,0.4289,5,81.09,Waspada,0,normal,229.33,243.76,0.493
2025-06-07T09:00:00,3,zone3,9,5,1,2,rain,29.11,81.22,430,2,0,0.146,113.89,89.69,104.83,44.96,0.829,0.2086,7,58.83,Aman,0,normal,131.85,114.33,0.973
2025-06-07T09:15:00,5,zone5,9,5,1,0,clear,32.63,63.44,360,2,0,0.102,80.41,96.76,116.05,57.32,0.635,0.2688,3,67.49,Aman,0,normal,82.89,90.04,0.397
2025-06-07T09:30:00,3,zone3,9,5,1,0,clear,33.19,74.98,430,2,0,0.111,103.82,85.13,98.45,35.11,0.636,0.198,4,76.54,Aman,1,density_spike,153.38,101.26,4.589
2025-06-07T09:45:00,1,zone1,9,5,1,1,cloudy,30.05,70.94,520,3,1,0.943,262.35,337.93,369.73,163.54,0.342,0.6499,4,112.85,Bahaya,1,density_spike,79.22,267.77,5.129
2025-06-07T10:00:00,4,zone4,10,5,1,1,cloudy,27.45,79.62,810,5,1,0.845,133.58,170.14,208.33,164.26,1.181,0.21,7,86.33,Waspada,0,normal,160.83,118.67,2.342
2025-06-07T10:15:00,2,zone2,10,5,1,0,clear,26.83,83.73,680,4,0,0.148,160.78,148.04,116.88,78.47,1.207,0.2177,8,74.52,Aman,0,normal,136.97,177.66,1.909
2025-06-07T10:30:00,1,zone1,10,5,1,0,clear,28.19,62.61,520,3,1,0.962,338.72,410.0,455.46,154.84,0.752,0.7885,6,80.78,Bahaya,0,normal,385.87,324.66,1.571
2025-06-07T10:45:00,1,zone1,10,5,1,2,rain,29.09,72.99,520,3,0,0.179,144.35,164.27,167.14,71.0,0.811,0.3159,2,78.16,Aman,0,normal,171.1,143.83,1.515
2025-06-07T11:00:00,3,zone3,11,5,1,0,clear,30.36,65.22,430,2,0,0.164,160.13,124.36,130.6,82.94,1.3,0.2892,5,58.79,Aman,0,normal,110.88,152.78,2.285
2025-06-07T11:15:00,4,zone4,11,5,1,1,cloudy,27.57,63.48,810,5,0,0.075,143.2,143.77,132.52,30.81,1.03,0.1775,5,59.35,Aman,0,normal,122.92,135.87,0.719
2025-06-07T11:30:00,4,zone4,11,5,1,0,clear,32.29,64.83,810,5,0,0.104,129.0,98.05,102.5,56.54,0.363,0.1211,6,89.92,Aman,1,density_spike,29.43,114.33,6.169
2025-06-07T11:45:00,4,zone4,11,5,1,2,rain,26.51,78.59,810,5,0,0.072,51.81,36.71,28.93,79.69,0.981,0.0453,6,65.72,Aman,0,normal,29.38,56.96,1.532
2025-06-07T12:00:00,4,zone4,12,5,1,1,cloudy,26.61,82.51,810,5,0,0.078,94.61,63.22,60.38,28.74,1.277,0.0781,3,61.74,Aman,0,normal,52.26,90.46,2.122
2025-06-07T12:15:00,5,zone5,12,5,1,1,cloudy,30.61,66.99,360,2,0,0.139,68.68,63.75,69.12,36.45,1.09,0.1771,6,66.86,Aman,0,normal,78.68,62.25,0.913
2025-06-07T12:30:00,2,zone2,12,5,1,0,clear,32.44,80.35,680,4,0,0.158,143.4,163.33,159.77,91.36,1.082,0.2402,4,69.65,Aman,0,normal,158.08,157.79,0.015
2025-06-07T12:45:00,5,zone5,12,5,1,1,cloudy,27.87,78.76,360,2,1,0.946,125.46,151.44,188.1,178.69,0.942,0.4207,2,95.85,Bahaya,0,normal,145.0,122.41,1.255
2025-06-07T13:00:00,4,zone4,13,5,1,0,clear,30.83,81.15,810,5,1,0.838,127.23,192.44,227.39,174.86,1.345,0.2376,2,83.15,Waspada,1,density_spike,193.73,134.03,3.316
2025-06-07T13:15:00,3,zone3,13,5,1,0,clear,31.58,60.28,430,2,0,0.092,137.64,139.89,121.76,79.36,0.296,0.3253,7,98.69,Aman,1,density_spike,273.6,149.78,5.045
2025-06-07T13:30:00,2,zone2,13,5,1,1,cloudy,27.76,75.91,680,4,0,0.027,135.68,113.98,124.53,88.1,0.531,0.1676,7,96.77,Aman,1,density_spike,214.07,134.0,3.916
2025-06-07T13:45:00,3,zone3,13,5,1,0,clear,28.54,61.22,430,2,0,0.032,88.35,92.29,107.7,19.3,1.115,0.2146,5,66.09,Aman,0,normal,105.11,98.1,0.389
2025-06-07T14:00:00,3,zone3,14,5,1,0,clear,31.75,75.57,430,2,0,0.045,155.46,198.89,183.08,50.29,0.819,0.4625,5,60.43,Waspada,0,normal,197.12,157.99,2.064
2025-06-07T14:15:00,2,zone2,14,5,1,2,rain,27.35,83.68,680,4,0,0.011,108.13,89.75,105.08,33.93,0.536,0.132,5,78.46,Aman,1,density_spike,159.19,110.88,4.37
2025-06-07T14:30:00,2,zone2,14,5,1,1,cloudy,32.08,85.63,680,4,1,0.983,225.92,302.0,348.12,163.8,0.679,0.4441,4,85.59,Bahaya,0,normal,289.08,226.77,2.29
2025-06-07T14:45:00,2,zone2,14,5,1,3,storm,25.0,69.13,680,4,0,0.071,66.58,41.88,56.17,36.34,1.335,0.0616,6,67.48,Aman,0,normal,42.74,73.54,1.711
2025-06-07T15:00:00,4,zone4,15,5,1,1,cloudy,27.04,82.92,810,5,1,0.606,87.16,100.37,163.87,113.04,1.215,0.1239,5,86.05,Aman,0,normal,106.78,81.08,1.428
2025-06-07T15:15:00,4,zone4,15,5,1,0,clear,30.19,73.54,810,5,0,0.098,119.2,145.85,161.21,37.19,1.316,0.1801,8,67.01,Aman,0,normal,145.53,111.01,1.918
2025-06-07T15:30:00,3,zone3,15,5,1,3,storm,22.87,97.32,430,2,0,0.068,88.13,84.0,81.31,68.28,1.038,0.1953,5,68.6,Aman,0,normal,67.34,84.82,0.971
2025-06-07T15:45:00,2,zone2,15,5,1,1,cloudy,30.26,73.46,680,4,1,0.874,214.42,258.04,297.25,145.97,1.05,0.3795,7,93.61,Waspada,1,density_spike,291.27,211.7,3.132
2025-06-07T16:00:00,2,zone2,16,5,1,0,clear,26.46,62.52,680,4,0,0.094,153.46,153.78,131.18,64.78,1.055,0.2261,2,75.76,Aman,0,normal,182.86,148.2,1.926
2025-06-07T16:15:00,4,zone4,16,5,1,0,clear,33.22,63.0,810,5,0,0.117,116.94,119.6,96.85,98.05,0.69,0.1477,2,71.11,Aman,0,normal,124.24,100.99,1.292
2025-06-07T16:30:00,1,zone1,16,5,1,0,clear,27.98,70.99,520,3,0,0.175,171.64,188.94,198.96,55.96,1.0,0.3633,5,72.38,Aman,0,normal,181.59,192.05,0.454
2025-06-07T16:45:00,3,zone3,16,5,1,1,cloudy,27.05,68.48,430,2,0,0.117,56.67,43.82,46.43,32.49,0.985,0.1019,6,69.11,Aman,0,normal,60.31,59.74,0.032
2025-06-07T17:00:00,2,zone2,17,5,1,0,clear,29.47,60.03,680,4,0,0.085,174.63,198.9,197.85,68.1,0.988,0.2925,2,68.12,Aman,0,normal,188.03,152.96,1.911
2025-06-07T17:15:00,5,zone5,17,5,1,2,rain,25.67,75.27,360,2,0,0.003,84.56,58.33,101.34,18.74,1.256,0.162,4,65.79,Aman,0,normal,82.03,87.22,0.289
2025-06-07T17:30:00,2,zone2,17,5,1,0,clear,28.85,64.53,680,4,0,0.032,183.56,201.44,182.47,49.46,0.707,0.2962,6,78.99,Aman,0,normal,190.89,199.45,0.357
2025-06-07T17:45:00,2,zone2,17,5,1,3,storm,28.44,98,680,4,1,0.892,103.96,158.11,237.65,123.28,1.413,0.2325,2,80.37,Waspada,1,density_spike,167.8,97.58,3.901
2025-06-07T18:00:00,2,zone2,18,5,1,1,cloudy,24.19,80.32,680,4,0,0.069,148.74,164.81,155.55,55.72,1.308,0.2424,7,60.24,Aman,0,normal,144.33,160.39,0.834
2025-06-07T18:15:00,1,zone1,18,5,1,0,clear,27.36,56.03,520,3,0,0.063,194.83,185.84,240.33,50.64,0.751,0.3574,3,73.1,Aman,0,normal,179.92,186.51,0.294
2025-06-07T18:30:00,1,zone1,18,5,1,0,clear,31.16,65.57,520,3,0,0.035,175.01,212.34,273.92,54.18,1.114,0.4083,7,76.44,Aman,1,density_spike,207.47,152.5,3.003
2025-06-07T18:45:00,5,zone5,18,5,1,2,rain,26.32,79.94,360,2,0,0.167,72.65,52.25,52.84,23.48,1.2,0.1451,8,63.77,Aman,0,normal,71.39,75.95,0.254
2025-06-07T19:00:00,2,zone2,19,5,1,2,rain,25.52,73.65,680,4,1,0.681,240.99,279.5,376.06,136.86,0.437,0.411,3,75.79,Waspada,0,normal,260.32,228.1,1.177
2025-06-07T19:15:00,2,zone2,19,5,1,2,rain,28.83,93.68,680,4,0,0.17,93.48,104.4,124.76,79.78,0.363,0.1535,2,89.36,Aman,1,density_spike,273.47,84.59,3.716
2025-06-07T19:30:00,1,zone1,19,5,1,0,clear,30.25,71.21,520,3,0,0.021,225.15,220.07,269.01,61.17,1.06,0.4232,2,76.92,Aman,0,normal,223.59,250.17,0.885
2025-06-07T19:45:00,3,zone3,19,5,1,0,clear,31.53,68.96,430,2,0,0.17,99.9,93.69,74.35,84.25,0.858,0.2179,7,69.33,Aman,0,normal,82.25,89.56,0.406
2025-06-07T20:00:00,2,zone2,20,5,1,2,rain,30.52,70.26,680,4,0,0.036,146.17,150.03,195.47,67.34,0.877,0.2206,6,70.07,Aman,0,normal,185.13,157.32,1.473
2025-06-07T20:15:00,5,zone5,20,5,1,1,cloudy,31.25,61.53,360,2,0,0.078,126.77,117.07,126.66,32.51,1.397,0.3252,6,78.32,Aman,0,normal,134.74,117.53,0.956
2025-06-07T20:30:00,1,zone1,20,5,1,2,rain,26.17,69.91,520,3,0,0.114,161.18,154.41,160.14,55.7,1.176,0.2969,2,61.27,Aman,0,normal,139.31,138.95,0.02
2025-06-07T20:45:00,1,zone1,20,5,1,0,clear,28.78,70.21,520,3,0,0.029,235.92,238.2,260.09,49.27,0.775,0.4581,7,72.44,Aman,0,normal,225.68,225.79,0.004
2025-06-07T21:00:00,4,zone4,21,5,1,0,clear,30.31,69.48,810,5,0,0.158,171.64,170.21,177.69,86.71,1.251,0.2101,2,73.1,Aman,0,normal,146.1,161.02,0.772
2025-06-07T21:15:00,5,zone5,21,5,1,1,cloudy,27.08,79.4,360,2,1,0.633,116.78,167.3,228.89,119.94,0.572,0.4647,5,81.32,Waspada,0,normal,156.64,105.65,2.832
2025-06-07T21:30:00,2,zone2,21,5,1,0,clear,33.24,62.65,680,4,0,0.016,146.95,116.16,121.11,66.99,1.004,0.1708,7,68.96,Aman,0,normal,101.04,144.42,2.41
2025-06-07T21:45:00,1,zone1,21,5,1,0,clear,30.27,68.91,520,3,0,0.168,251.41,256.33,326.87,65.8,0.587,0.4929,6,63.78,Waspada,0,normal,258.62,254.54,0.133
2025-06-07T22:00:00,5,zone5,22,5,1,0,clear,33.8,69.06,360,2,0,0.065,146.93,151.72,142.47,65.34,0.954,0.4214,2,76.71,Waspada,0,normal,140.37,139.33,0.058
2025-06-07T22:15:00,4,zone4,22,5,1,1,cloudy,32.37,80.04,810,5,0,0.047,90.31,92.38,110.39,44.24,0.461,0.114,8,101.68,Aman,1,density_spike,201.06,96.54,3.499
2025-06-07T22:30:00,1,zone1,22,5,1,0,clear,28.52,69.44,520,3,0,0.072,194.66,212.86,189.3,50.21,1.034,0.4093,4,61.21,Aman,0,normal,221.96,210.13,0.469
2025-06-07T22:45:00,4,zone4,22,5,1,0,clear,27.34,56.31,810,5,0,0.121,121.64,108.26,152.41,51.44,1.075,0.1336,8,62.11,Aman,0,normal,116.71,105.87,0.602
2025-06-07T23:00:00,4,zone4,23,5,1,0,clear,33.03,60.65,810,5,0,0.124,98.23,119.77,132.86,42.66,1.201,0.1479,2,70.16,Aman,1,density_spike,143.32,85.39,3.218
2025-06-07T23:15:00,4,zone4,23,5,1,0,clear,27.02,54.96,810,5,1,0.502,169.3,191.61,195.01,99.55,1.53,0.2366,7,89.33,Waspada,0,normal,166.5,181.71,0.697
2025-06-07T23:30:00,1,zone1,23,5,1,0,clear,33.61,64.4,520,3,0,0.026,135.1,108.57,62.28,86.61,1.47,0.2088,7,72.83,Aman,0,normal,107.95,122.64,0.816
2025-06-07T23:45:00,1,zone1,23,5,1,2,rain,27.14,78.62,520,3,0,0.021,93.52,75.94,91.86,13.24,1.119,0.146,3,62.47,Aman,0,normal,70.06,103.18,1.84
2025-06-08T00:00:00,2,zone2,0,6,1,0,clear,31.65,53.25,680,4,0,0.109,101.13,95.84,94.59,60.93,1.06,0.1409,4,70.57,Aman,0,normal,106.95,103.67,0.182
2025-06-08T00:15:00,2,zone2,0,6,1,0,clear,33.18,67.58,680,4,0,0.128,126.16,113.37,100.23,54.27,1.278,0.1667,6,65.11,Aman,0,normal,130.31,123.65,0.37
2025-06-08T00:30:00,2,zone2,0,6,1,0,clear,30.91,74.64,680,4,1,0.665,112.58,139.29,191.65,126.5,0.51,0.2048,7,104.14,Waspada,1,density_spike,300.64,105.36,4.913
2025-06-08T00:45:00,4,zone4,0,6,1,3,storm,26.77,86.7,810,5,1,0.985,123.67,152.48,201.45,156.93,1.049,0.1882,6,84.65,Waspada,0,normal,160.45,109.92,2.808
2025-06-08T01:00:00,2,zone2,1,6,1,1,cloudy,25.84,89.22,680,4,0,0.176,97.66,111.09,130.1,58.54,1.156,0.1634,7,59.74,Aman,0,normal,101.37,103.33,0.109
2025-06-08T01:15:00,4,zone4,1,6,1,0,clear,31.28,55.35,810,5,0,0.149,122.59,143.02,139.45,62.74,1.32,0.1766,4,68.29,Aman,0,normal,135.12,123.92,0.622
2025-06-08T01:30:00,4,zone4,1,6,1,0,clear,30.29,72.62,810,5,0,0.111,8,4,4,31.88,1.396,0.0049,3,73.78,Aman,0,normal,7.89,8.3,0.023
2025-06-08T01:45:00,4,zone4,1,6,1,0,clear,30.12,72.98,810,5,0,0.153,83.37,69.13,106.15,79.39,1.557,0.0853,3,71.61,Aman,0,normal,61.16,81.7,1.141
2025-06-08T02:00:00,5,zone5,2,6,1,0,clear,30.03,67.91,360,2,0,0.032,34.71,11.75,35.37,11.27,1.338,0.0326,7,64.93,Aman,0,normal,-5.18,30.14,1.962
2025-06-08T02:15:00,4,zone4,2,6,1,0,clear,26.83,72.65,810,5,0,0.047,27.73,53.61,79.1,35.02,1.018,0.0662,2,76.03,Aman,0,normal,66.35,29.82,2.029
2025-06-08T02:30:00,1,zone1,2,6,1,0,clear,27.42,65.66,520,3,0,0.092,127.34,137.8,147.31,73.2,1.206,0.265,2,63.56,Aman,0,normal,146.7,131.25,0.859
2025-06-08T02:45:00,3,zone3,2,6,1,0,clear,29.73,74.65,430,2,0,0.013,111.36,98.8,96.4,49.27,1.224,0.2298,5,66.8,Aman,0,normal,114.03,96.8,0.957
2025-06-08T03:00:00,5,zone5,3,6,1,0,clear,31.4,75.18,360,2,0,0.067,55.26,101.83,117.66,77.08,0.842,0.2829,4,77.82,Aman,0,normal,72.46,49.37,1.283
2025-06-08T03:15:00,2,zone2,3,6,1,0,clear,25.9,69.48,680,4,0,0.055,77.48,79.63,112.97,50.36,0.56,0.1171,5,75.11,Aman,0,normal,74.92,78.46,0.197
2025-06-08T03:30:00,5,zone5,3,6,1,0,clear,30.28,68.23,360,2,0,0.087,55.53,59.85,65.08,51.08,1.278,0.1663,4,71.2,Aman,0,normal,58.58,56.54,0.113
2025-06-08T03:45:00,4,zone4,3,6,1,0,clear,30.59,68.56,810,5,0,0.163,78.68,107.9,82.29,52.66,1.12,0.1332,3,58.82,Aman,0,normal,74.5,78.05,0.197
2025-06-08T04:00:00,5,zone5,4,6,1,2,rain,32.54,81.38,360,2,0,0.014,26.99,17.18,18.51,73.38,1.387,0.0477,8,74.05,Aman,0,normal,42.39,26.41,0.888
2025-06-08T04:15:00,1,zone1,4,6,1,1,cloudy,26.86,69.63,520,3,0,0.165,168.41,181.24,196.26,77.35,1.141,0.3485,8,61.63,Aman,0,normal,173.62,158.79,0.778
2025-06-08T04:30:00,2,zone2,4,6,1,0,clear,33.22,77.49,680,4,0,0.086,87.23,80.3,80.92,57.47,0.806,0.1181,7,60.51,Aman,0,normal,89.31,79.44,0.548
2025-06-08T04:45:00,1,zone1,4,6,1,0,clear,32.22,62.52,520,3,0,0.049,111.62,105.24,124.97,48.89,1.365,0.2024,4,66.29,Aman,0,normal,129.32,104.95,1.354
2025-06-08T05:00:00,2,zone2,5,6,1,0,clear,29.83,61.26,680,4,0,0.175,144.72,162.63,149.46,79.05,1.239,0.2392,7,60.43,Aman,0,normal,173.33,131.74,2.311
2025-06-08T05:15:00,3,zone3,5,6,1,0,clear,29.83,69.98,430,2,0,0.019,123.55,106.79,86.21,57.59,1.146,0.2484,8,72.23,Aman,0,normal,130.24,116.72,0.752
2025-06-08T05:30:00,4,zone4,5,6,1,1,cloudy,30.91,77.33,810,5,0,0.14,131.77,124.24,138.03,53.08,0.456,0.1534,4,89.31,Aman,1,density_spike,165.42,123.87,3.271
2025-06-08T05:45:00,2,zone2,5,6,1,3,storm,23.48,91.46,680,4,0,0.004,66.67,47.3,77.86,38.8,1.363,0.0696,4,55.74,Aman,0,normal,36.19,71.16,1.943
2025-06-08T06:00:00,4,zone4,6,6,1,2,rain,28.4,93.13,810,5,1,0.584,54.43,80.97,54.94,111.5,1.421,0.1,7,75.7,Aman,1,density_spike,106.13,50.35,3.099
2025-06-08T06:15:00,1,zone1,6,6,1,1,cloudy,28.71,59.17,520,3,0,0.067,166.59,169.68,173.83,63.2,0.867,0.3263,8,75.02,Aman,0,normal,151.63,168.13,0.818
2025-06-08T06:30:00,4,zone4,6,6,1,0,clear,32.75,65.62,810,5,0,0.137,83.64,90.34,130.03,65.29,1.445,0.1115,7,53.33,Aman,0,normal,94.82,79.79,0.835
2025-06-08T06:45:00,3,zone3,6,6,1,0,clear,29.41,60.42,430,2,0,0.06,66.42,66.68,51.86,51.05,1.092,0.1551,2,70.88,Aman,0,normal,34.78,71.48,2.039
2025-06-08T07:00:00,5,zone5,7,6,1,0,clear,31.77,48,360,2,0,0.179,122.87,123.94,112.21,65.23,0.953,0.3443,2,65.59,Aman,0,normal,90.6,130.61,2.223
2025-06-08T07:15:00,1,zone1,7,6,1,1,cloudy,30.44,79.85,520,3,0,0.117,168.4,192.08,204.95,78.78,0.814,0.3694,7,74.27,Aman,0,normal,214.68,164.7,2.529
2025-06-08T07:30:00,4,zone4,7,6,1,2,rain,24.89,76.9,810,5,0,0.053,89.58,76.8,71.37,60.8,1.319,0.0948,8,72.19,Aman,0,normal,79.9,92.54,0.702
2025-06-08T07:45:00,5,zone5,7,6,1,0,clear,30.47,69.47,360,2,0,0.037,52.57,79.26,82.8,67.86,0.822,0.2202,6,76.92,Aman,0,normal,47.55,54.2,0.37
2025-06-08T08:00:00,2,zone2,8,6,1,0,clear,28.99,77.57,680,4,0,0.169,148.79,168.34,189.09,61.26,1.147,0.2476,5,61.98,Aman,0,normal,187.78,136.03,2.875
2025-06-08T08:15:00,4,zone4,8,6,1,1,cloudy,29.07,66.48,810,5,1,0.983,169.07,209.75,243.46,161.12,1.141,0.2589,5,94.95,Waspada,0,normal,209.17,154.64,2.939
2025-06-08T08:30:00,5,zone5,8,6,1,0,clear,35.59,84.72,360,2,0,0.02,154.8,157.68,118.89,78.25,0.649,0.438,8,75.48,Waspada,0,normal,161.5,159.37,0.111
2025-06-08T08:45:00,4,zone4,8,6,1,2,rain,28.37,84.35,810,5,1,0.98,191.63,246.62,286.8,164.96,0.906,0.3045,2,85.77,Waspada,0,normal,216.31,167.85,2.406
2025-06-08T09:00:00,3,zone3,9,6,1,0,clear,35.48,67.45,430,2,0,0.028,205.88,189.65,181.68,28.95,1.065,0.4411,2,68.47,Aman,0,normal,174.55,187.98,0.595
2025-06-08T09:15:00,5,zone5,9,6,1,0,clear,31.3,54.23,360,2,0,0.06,118.73,158.59,164.64,66.08,0.884,0.4405,5,71.94,Waspada,0,normal,166.23,112.87,2.964
2025-06-08T09:30:00,4,zone4,9,6,1,3,storm,24.03,92.98,810,5,1,0.712,137.98,143.27,195.67,139.86,1.002,0.1769,5,79.06,Waspada,0,normal,97.12,130.24,1.84
2025-06-08T09:45:00,1,zone1,9,6,1,0,clear,30.84,54.3,520,3,0,0.153,179.43,191.96,203.56,85.9,0.952,0.3691,2,70.12,Waspada,0,normal,217.67,165.96,2.597
2025-06-08T10:00:00,3,zone3,10,6,1,0,clear,32.66,65.67,430,2,0,0.12,75.94,66.95,71.56,47.29,0.897,0.1557,6,56.85,Aman,0,normal,75.21,80.08,0.271
2025-06-08T10:15:00,2,zone2,10,6,1,0,clear,27.95,56.33,680,4,0,0.15,117.16,125.46,130.64,30.9,1.15,0.1845,3,63.69,Aman,0,normal,115.74,107.3,0.469
2025-06-08T10:30:00,5,zone5,10,6,1,0,clear,28.03,60.84,360,2,0,0.118,46.08,106.23,115.94,76.15,1.239,0.2951,5,62.52,Aman,1,density_spike,99.42,43.73,3.094
2025-06-08T10:45:00,1,zone1,10,6,1,3,storm,22.69,90.98,520,3,1,0.575,158.86,189.54,230.66,103.32,1.352,0.3645,4,95.53,Waspada,0,normal,171.2,176.75,0.262
2025-06-08T11:00:00,5,zone5,11,6,1,0,clear,28.74,57.25,360,2,0,0.04,93.49,79.56,68.87,44.52,1.221,0.221,8,65.99,Aman,0,normal,91.03,97.27,0.346
2025-06-08T11:15:00,2,zone2,11,6,1,1,cloudy,28.12,93.9,680,4,0,0.041,146.43,135.55,106.78,75.12,1.043,0.1993,3,72.07,Aman,0,normal,130.52,160.23,1.545
2025-06-08T11:30:00,4,zone4,11,6,1,0,clear,27.04,67.14,810,5,1,0.966,143.77,234.32,260.13,193.56,0.666,0.2893,2,85.43,Bahaya,1,density_spike,261.49,141.62,6.659
2025-06-08T11:45:00,2,zone2,11,6,1,0,clear,31.96,64.43,680,4,1,0.68,270.42,318.17,362.35,144.47,1.323,0.4679,3,83.64,Bahaya,0,normal,272.6,243.24,1.006
2025-06-08T12:00:00,3,zone3,12,6,1,1,cloudy,30.38,70.44,430,2,1,0.515,176.7,218.97,208.18,116.03,0.831,0.5092,7,79.23,Waspada,0,normal,219.78,192.4,1.186
2025-06-08T12:15:00,1,zone1,12,6,1,0,clear,30.25,76.41,520,3,0,0.02,131.04,100.76,75.98,39.58,0.819,0.1938,8,75.03,Aman,0,normal,117.04,145.39,1.575
2025-06-08T12:30:00,2,zone2,12,6,1,2,rain,25.5,76.46,680,4,0,0.151,90.1,94.8,110.58,51.94,0.361,0.1394,4,87.28,Aman,1,density_spike,222.44,93.11,5.599
2025-06-08T12:45:00,5,zone5,12,6,1,0,clear,33.1,63.44,360,2,0,0.18,132.62,120.7,127.96,45.98,0.895,0.3353,8,65.55,Aman,0,normal,105.57,141.42,1.992
2025-06-08T13:00:00,5,zone5,13,6,1,0,clear,31.86,73.26,360,2,0,0.043,81.73,61.05,74.3,22.59,1.372,0.1696,5,60.71,Aman,0,normal,93.42,81.4,0.668
2025-06-08T13:15:00,4,zone4,13,6,1,1,cloudy,24.33,78.53,810,5,1,0.762,104.85,156.93,189.37,156.28,0.935,0.1937,7,77.35,Waspada,1,density_spike,179.28,99.78,4.417
2025-06-08T13:30:00,3,zone3,13,6,1,0,clear,30.38,67.29,430,2,1,0.702,166.24,247.25,285.07,162.06,0.657,0.575,5,75.89,Bahaya,1,density_spike,239.05,150.4,4.912
2025-06-08T13:45:00,5,zone5,13,6,1,1,cloudy,26.62,63.67,360,2,0,0.041,89.27,106.3,124.27,43.72,0.904,0.2953,5,71.94,Aman,0,normal,142.03,88.04,2.999
2025-06-08T14:00:00,4,zone4,14,6,1,2,rain,25.9,85.86,810,5,0,0.173,125.28,134.71,166.23,54.26,0.831,0.1663,6,77.29,Aman,0,normal,159.67,110.21,2.747
2025-06-08T14:15:00,4,zone4,14,6,1,2,rain,26.55,91.0,810,5,1,0.637,137.24,175.74,219.11,134.56,0.453,0.217,8,114,Waspada,1,density_spike,498.32,133.82,4.346
2025-06-08T14:30:00,2,zone2,14,6,1,2,rain,27.83,71.54,680,4,0,0.044,103.05,78.07,93.01,51.9,1.407,0.1148,8,69.21,Aman,0,normal,82.39,115.37,1.832
2025-06-08T14:45:00,4,zone4,14,6,1,1,cloudy,25.6,87.71,810,5,0,0.176,130.75,120.38,67.94,72.73,0.994,0.1486,4,70.37,Aman,0,normal,143.96,115.06,1.605
2025-06-08T15:00:00,3,zone3,15,6,1,2,rain,27.72,83.65,430,2,0,0.044,160.8,182.55,183.0,41.54,0.77,0.4245,8,66.23,Aman,0,normal,167.14,152.85,0.779
2025-06-08T15:15:00,2,zone2,15,6,1,0,clear,27.7,70.69,680,4,0,0.01,57.29,38.72,38.13,53.81,1.174,0.0569,6,70.32,Aman,0,normal,25.56,59.79,1.902
2025-06-08T15:30:00,3,zone3,15,6,1,0,clear,28.53,63.37,430,2,0,0.103,118.12,97.14,66.2,60.2,1.57,0.2259,3,64.58,Aman,0,normal,92.49,123.0,1.695
2025-06-08T15:45:00,5,zone5,15,6,1,2,rain,23.87,73.79,360,2,1,0.747,123.7,157.16,194.21,104.49,0.735,0.4366,4,87.64,Waspada,0,normal,160.14,119.69,2.247
2025-06-08T16:00:00,2,zone2,16,6,1,0,clear,34.08,63.31,680,4,0,0.137,171.18,204.44,193.21,74.02,1.386,0.3006,6,61.93,Aman,0,normal,188.61,183.04,0.254
2025-06-08T16:15:00,2,zone2,16,6,1,0,clear,29.53,61.59,680,4,0,0.127,180.3,177.69,177.6,59.3,1.123,0.2613,7,70.01,Aman,0,normal,154.55,156.02,0.078
2025-06-08T16:30:00,5,zone5,16,6,1,0,clear,29.27,71.46,360,2,0,0.03,91.46,93.24,87.43,54.03,1.243,0.259,8,69.33,Aman,0,normal,69.72,93.79,1.337
2025-06-08T16:45:00,1,zone1,16,6,1,2,rain,28.42,73.02,520,3,0,0.108,155.46,166.89,145.43,74.99,0.953,0.3209,3,60.12,Aman,0,normal,136.04,169.6,1.649
2025-06-08T17:00:00,1,zone1,17,6,1,1,cloudy,24.2,91.0,520,3,0,0.052,203.53,217.89,231.99,54.76,0.47,0.419,4,64.92,Aman,0,normal,202.03,204.04,0.082
2025-06-08T17:15:00,5,zone5,17,6,1,0,clear,32.97,50.73,360,2,0,0.025,122.5,92.3,92.15,56.68,1.07,0.2564,5,64.61,Aman,0,normal,57.27,108.5,2.846
2025-06-08T17:30:00,3,zone3,17,6,1,2,rain,25.41,73.35,430,2,0,0.126,114.2,79.21,80.67,68.28,1.121,0.1842,7,71.85,Aman,0,normal,88.03,100.66,0.702
2025-06-08T17:45:00,5,zone5,17,6,1,0,clear,29.88,76.97,360,2,0,0.142,106.1,113.6,110.4,69.79,0.907,0.3156,2,76.99,Aman,0,normal,99.67,108.93,0.515
2025-06-08T18:00:00,5,zone5,18,6,1,0,clear,30.75,58.46,360,2,0,0.069,50.71,47.65,51.02,32.27,0.799,0.1324,6,73.85,Aman,0,normal,85.5,55.61,1.661
2025-06-08T18:15:00,3,zone3,18,6,1,0,clear,32.78,67.18,430,2,0,0.037,186.84,229.9,277.96,74.57,1.104,0.5347,4,75.64,Waspada,0,normal,196.89,208.51,0.464
2025-06-08T18:30:00,2,zone2,18,6,1,0,clear,28.95,60.04,680,4,0,0.008,166.8,194.11,245.72,47.58,0.354,0.2854,7,98.08,Aman,1,density_spike,368.91,171.79,4.269
2025-06-08T18:45:00,4,zone4,18,6,1,0,clear,34.88,78.43,810,5,1,0.831,139.34,198.52,268.99,136.45,0.983,0.2451,2,81.41,Waspada,1,density_spike,199.39,131.69,3.761
2025-06-08T19:00:00,3,zone3,19,6,1,2,rain,30.47,90.68,430,2,0,0.125,111.45,136.68,165.59,95.44,0.71,0.3179,3,68.22,Waspada,1,density_spike,180.31,110.27,3.891
2025-06-08T19:15:00,1,zone1,19,6,1,0,clear,33.02,75.43,520,3,1,0.663,335.83,379.91,477.4,127.25,0.818,0.7306,7,100.87,Bahaya,0,normal,391.2,355.77,0.83
2025-06-08T19:30:00,2,zone2,19,6,1,1,cloudy,28.73,77.8,680,4,1,0.458,208.24,220.73,296.2,123.92,1.049,0.3246,5,82.06,Waspada,0,normal,225.76,182.53,1.974
2025-06-08T19:45:00,4,zone4,19,6,1,0,clear,30.02,59.46,810,5,0,0.152,161.5,169.63,220.62,56.24,1.031,0.2094,2,61.72,Aman,0,normal,163.99,146.02,0.998
2025-06-08T20:00:00,3,zone3,20,6,1,0,clear,27.82,64.11,430,2,0,0.123,164.79,173.53,190.87,84.09,1.13,0.4036,2,70.63,Waspada,0,normal,211.4,169.52,2.059
2025-06-08T20:15:00,3,zone3,20,6,1,1,cloudy,30.41,71.76,430,2,0,0.164,111.01,99.86,127.8,90.09,1.04,0.2322,5,64.87,Aman,0,normal,95.78,99.64,0.214
2025-06-08T20:30:00,2,zone2,20,6,1,3,storm,28.24,89.17,680,4,0,0.046,119.96,77.08,91.57,55.98,0.849,0.1133,8,72.4,Aman,1,density_spike,49.76,129.37,4.422
2025-06-08T20:45:00,4,zone4,20,6,1,0,clear,31.32,72.1,810,5,0,0.171,205.36,203.37,275.85,91.66,1.207,0.2511,3,74.94,Aman,0,normal,239.7,211.81,1.097
2025-06-08T21:00:00,4,zone4,21,6,1,0,clear,35.31,72.65,810,5,0,0.073,138.42,153.2,208.48,78.46,0.988,0.1891,8,63.37,Aman,0,normal,132.31,126.21,0.339
2025-06-08T21:15:00,5,zone5,21,6,1,0,clear,32.36,73.73,360,2,0,0.004,166.63,156.82,179.96,82.86,0.888,0.4356,8,70.11,Waspada,0,normal,144.46,161.12,0.862
2025-06-08T21:30:00,2,zone2,21,6,1,1,cloudy,29.4,78.9,680,4,0,0.11,129.35,123.21,160.7,63.93,1.144,0.1812,8,64.66,Aman,0,normal,139.43,114.26,1.398
2025-06-08T21:45:00,2,zone2,21,6,1,0,clear,33.48,73.12,680,4,1,0.793,210.5,282.17,363.68,138.78,1.024,0.415,4,89.22,Waspada,0,normal,275.8,203.75,2.947
2025-06-08T22:00:00,5,zone5,22,6,1,0,clear,29.23,67.15,360,2,0,0.113,94.49,136.67,137.46,72.75,0.477,0.3796,2,89.3,Aman,1,density_spike,301.35,90.62,6.162
2025-06-08T22:15:00,5,zone5,22,6,1,0,clear,32.48,77.04,360,2,0,0.175,124.77,102.79,90.48,103.49,1.003,0.2855,2,65.38,Aman,0,normal,64.75,110.9,2.564
2025-06-08T22:30:00,2,zone2,22,6,1,3,storm,24.02,83.96,680,4,0,0.128,152.95,147.11,149.41,63.43,0.326,0.2163,3,90.9,Aman,1,density_spike,329.01,151.96,5.908
2025-06-08T22:45:00,3,zone3,22,6,1,0,clear,35.53,83.2,430,2,0,0.061,127.38,157.96,154.05,52.62,0.831,0.3673,2,62.8,Aman,0,normal,136.19,110.18,1.445
2025-06-08T23:00:00,4,zone4,23,6,1,0,clear,32.21,65.04,810,5,1,0.82,123.31,208.58,267.62,114.01,0.9,0.2575,4,77.67,Waspada,1,density_spike,204.18,121.72,4.581
2025-06-08T23:15:00,1,zone1,23,6,1,1,cloudy,28.23,77.3,520,3,0,0.155,253.8,264.99,264.5,83.19,0.27,0.5096,3,106.29,Waspada,1,density_spike,56.09,275.26,5.383
2025-06-08T23:30:00,1,zone1,23,6,1,0,clear,29.46,71.59,520,3,0,0.157,226.53,214.94,223.41,82.46,0.933,0.4133,7,70.7,Waspada,0,normal,231.92,237.12,0.183
2025-06-08T23:45:00,2,zone2,23,6,1,0,clear,27.18,69.49,680,4,1,0.626,200.5,232.52,259.74,147.78,0.967,0.3419,3,71.89,Waspada,0,normal,211.94,195.5,0.701
2025-06-09T00:00:00,1,zone1,0,0,0,0,clear,32.95,72.94,520,3,0,0.026,163.05,160.11,152.7,51.42,1.1,0.3079,3,75.53,Aman,0,normal,141.97,165.33,1.178
2025-06-09T00:15:00,4,zone4,0,0,0,0,clear,33.04,69.82,810,5,0,0.043,47.29,71.4,50.69,47.92,1.282,0.0882,2,65.11,Aman,0,normal,45.13,50.73,0.311
2025-06-09T00:30:00,4,zone4,0,0,0,0,clear,31.75,63.83,810,5,0,0.016,95.86,88.43,72.5,24.74,1.288,0.1092,8,70.79,Aman,0,normal,77.4,102.65,1.403
2025-06-09T00:45:00,5,zone5,0,0,0,3,storm,27.9,85.26,360,2,0,0.106,60.47,28.77,52.19,11.64,1.286,0.0799,8,71.84,Aman,0,normal,13.17,54.41,2.291
2025-06-09T01:00:00,4,zone4,1,0,0,0,clear,27.58,78.26,810,5,1,0.527,129.53,164.78,184.33,108.16,1.15,0.2034,3,89.82,Waspada,1,density_spike,186.15,118.7,3.747
2025-06-09T01:15:00,2,zone2,1,0,0,0,clear,26.7,73.2,680,4,0,0.055,98.95,90.48,85.28,24.51,1.172,0.1331,5,57.95,Aman,0,normal,92.71,94.19,0.082
2025-06-09T01:30:00,3,zone3,1,0,0,1,cloudy,27.6,70.59,430,2,0,0.025,52.84,46.04,4,48.18,1.057,0.1071,4,60.02,Aman,0,normal,56.67,47.12,0.531
2025-06-09T01:45:00,2,zone2,1,0,0,0,clear,33.78,60.48,680,4,0,0.011,111.53,101.6,105.31,44.29,1.251,0.1494,8,71.6,Aman,0,normal,89.1,104.05,0.83
2025-06-09T02:00:00,3,zone3,2,0,0,1,cloudy,27.53,72.45,430,2,0,0.174,20.12,5.92,7.76,31.36,1.292,0.0138,6,68.22,Aman,0,normal,32.03,19.98,0.669
2025-06-09T02:15:00,1,zone1,2,0,0,0,clear,30.78,71.39,520,3,0,0.162,158.71,169.12,163.53,63.11,1.103,0.3252,8,72.67,Aman,0,normal,163.71,146.67,0.947
2025-06-09T02:30:00,3,zone3,2,0,0,0,clear,35.17,77.42,430,2,0,0.101,119.24,120.74,104.39,95.32,1.136,0.2808,3,67.47,Aman,0,normal,117.52,106.28,0.624
2025-06-09T02:45:00,5,zone5,2,0,0,0,clear,29.45,60.42,360,2,0,0.076,11.13,30.42,34.5,51.12,1.217,0.0845,7,59.65,Aman,0,normal,54.56,12.45,2.34
2025-06-09T03:00:00,4,zone4,3,0,0,0,clear,32.08,78.46,810,5,0,0.137,74.19,98.09,95.44,42.87,1.199,0.1211,2,76.94,Aman,0,normal,86.86,74.46,0.689
2025-06-09T03:15:00,5,zone5,3,0,0,0,clear,26.48,60.08,360,2,0,0.058,84.62,65.62,43.02,40.93,0.985,0.1823,8,76.42,Aman,0,normal,76.0,75.68,0.018
2025-06-09T03:30:00,1,zone1,3,0,0,0,clear,31.76,57.63,520,3,0,0.029,149.14,160.46,150.25,64.38,1.001,0.3086,5,66.29,Aman,0,normal,151.7,153.15,0.079
2025-06-09T03:45:00,2,zone2,3,0,0,0,clear,30.11,58.36,680,4,0,0.164,115.58,128.8,162.82,62.37,1.083,0.1894,8,79.64,Aman,0,normal,137.19,127.95,0.514
2025-06-09T04:00:00,2,zone2,4,0,0,0,clear,28.13,67.67,680,4,0,0.136,165.21,178.43,147.56,72.05,0.973,0.2624,2,71.69,Aman,0,normal,160.84,151.94,0.488
2025-06-09T04:15:00,3,zone3,4,0,0,0,clear,29.59,66.68,430,2,0,0.071,90.95,121.19,121.61,48.07,0.935,0.2818,4,71.4,Aman,1,density_spike,145.99,86.12,3.326
2025-06-09T04:30:00,3,zone3,4,0,0,0,clear,32.55,66.26,430,2,0,0.081,137.14,137.4,138.14,48.88,1.14,0.3195,2,57.41,Aman,0,normal,108.91,125.08,0.899
2025-06-09T04:45:00,2,zone2,4,0,0,2,rain,27.77,81.19,680,4,0,0.065,64.21,34.42,17.27,58.26,1.12,0.0506,6,71.75,Aman,1,density_spike,1.33,58.67,3.185
2025-06-09T05:00:00,4,zone4,5,0,0,1,cloudy,24.29,61.63,810,5,0,0.07,116.15,102.22,71.29,37.71,0.934,0.1262,2,58.73,Aman,0,normal,74.78,125.64,2.825
2025-06-09T05:15:00,1,zone1,5,0,0,0,clear,33.22,70.83,520,3,0,0.102,99.25,118.22,123.93,67.69,1.27,0.2273,4,79.16,Aman,0,normal,122.79,108.54,0.792
2025-06-09T05:30:00,3,zone3,5,0,0,0,clear,27.2,70.38,430,2,0,0.177,136.07,166.03,204.73,63.86,1.258,0.3861,3,72.76,Waspada,1,density_spike,183.13,125.33,3.212
2025-06-09T05:45:00,3,zone3,5,0,0,0,clear,32.2,59.78,430,2,0,0.011,62.96,67.63,86.18,43.0,1.164,0.1573,5,73.88,Aman,0,normal,63.41,54.87,0.475
2025-06-09T06:00:00,3,zone3,6,0,0,1,cloudy,21.82,84.65,430,2,0,0.036,57.74,10.55,24.3,68.07,1.452,0.0245,2,56.95,Aman,0,normal,31.57,56.19,1.368
2025-06-09T06:15:00,1,zone1,6,0,0,0,clear,33.38,77.34,520,3,1,0.652,189.44,218.36,239.87,147.83,0.795,0.4199,6,81.26,Waspada,0,normal,228.0,182.71,2.066
2025-06-09T06:30:00,3,zone3,6,0,0,1,cloudy,30.51,68.65,430,2,0,0.121,87.51,70.52,83.03,55.49,1.122,0.164,4,63.43,Aman,0,normal,53.61,87.53,1.884
2025-06-09T06:45:00,2,zone2,6,0,0,1,cloudy,25.65,83.03,680,4,0,0.15,58.55,63.02,57.78,64.19,1.067,0.0927,7,81.82,Aman,0,normal,23.52,58.63,1.951
2025-06-09T07:00:00,5,zone5,7,0,0,0,clear,26.74,75.98,360,2,0,0.12,90.63,127.04,123.23,71.24,0.943,0.3529,6,68.06,Aman,0,normal,130.45,97.24,1.845
2025-06-09T07:15:00,1,zone1,7,0,0,0,clear,32.04,69.8,520,3,0,0.028,186.6,189.15,149.81,98.88,0.706,0.3638,8,82.19,Waspada,0,normal,209.54,172.21,1.807
2025-06-09T07:30:00,2,zone2,7,0,0,0,clear,31.8,60.36,680,4,0,0.147,146.37,158.44,174.46,98.2,1.194,0.233,2,72.69,Aman,0,normal,153.27,141.21,0.669
2025-06-09T07:45:00,2,zone2,7,0,0,0,clear,34.66,69.41,680,4,0,0.166,109.83,98.84,86.5,85.73,1.107,0.1454,4,73.19,Aman,0,normal,84.53,109.84,1.407
2025-06-09T08:00:00,5,zone5,8,0,0,1,cloudy,29.67,74.44,360,2,0,0.175,94.79,98.9,59.06,68.7,0.817,0.2747,2,82.45,Aman,0,normal,114.33,97.08,0.958
2025-06-09T08:15:00,5,zone5,8,0,0,3,storm,22.6,81.35,360,2,1,0.62,92.93,117.01,134.82,107.71,1.015,0.325,3,88.56,Waspada,0,normal,121.0,81.59,2.189
2025-06-09T08:30:00,3,zone3,8,0,0,1,cloudy,28.05,84.51,430,2,0,0.166,153.84,163.66,158.44,52.13,1.08,0.3806,3,74.23,Aman,0,normal,144.33,149.37,0.28
2025-06-09T08:45:00,4,zone4,8,0,0,0,clear,33.11,59.08,810,5,1,0.877,68.89,155.94,177.71,149.64,1.122,0.1925,4,76.12,Waspada,1,density_spike,157.2,73.73,4.637
2025-06-09T09:00:00,1,zone1,9,0,0,0,clear,31.38,60.22,520,3,0,0.133,144.56,146.45,126.13,87.63,1.275,0.2816,7,75.84,Aman,0,normal,166.34,140.06,1.46
2025-06-09T09:15:00,1,zone1,9,0,0,0,clear,32.01,67.51,520,3,0,0.171,181.59,160.69,191.05,102.7,0.835,0.309,2,73.01,Waspada,0,normal,172.29,187.32,0.669
2025-06-09T09:30:00,5,zone5,9,0,0,0,clear,33.77,60.38,360,2,1,0.884,74.74,148.57,192.57,148.59,1.121,0.4127,2,93.57,Bahaya,1,density_spike,133.81,64.51,3.85
2025-06-09T09:45:00,3,zone3,9,0,0,2,rain,28.83,89.97,430,2,0,0.166,95.41,92.72,85.26,43.78,1.117,0.2156,2,61.95,Aman,0,normal,65.8,83.82,1.001
2025-06-09T10:00:00,5,zone5,10,0,0,0,clear,26.99,66.78,360,2,0,0.086,105.53,116.31,101.24,45.79,0.255,0.3231,8,93.51,Aman,1,density_spike,326.81,102.61,5.352
2025-06-09T10:15:00,2,zone2,10,0,0,1,cloudy,26.41,72.75,680,4,0,0.111,92.97,111.59,93.76,61.3,1.018,0.1641,6,75.65,Aman,0,normal,123.28,90.04,1.847
2025-06-09T10:30:00,2,zone2,10,0,0,1,cloudy,25.89,83.08,680,4,1,0.603,99.06,89.44,97.3,133.97,0.83,0.1315,8,76.56,Waspada,0,normal,109.46,95.13,0.796
2025-06-09T10:45:00,5,zone5,10,0,0,1,cloudy,29.18,80.32,360,2,0,0.025,45.91,21.05,4,18.32,1.154,0.0585,2,64.59,Aman,0,normal,36.6,45.61,0.501
2025-06-09T11:00:00,3,zone3,11,0,0,2,rain,29.02,70.34,430,2,0,0.063,108.47,75.55,62.03,59.81,0.881,0.1757,8,60.61,Aman,0,normal,70.89,115.9,2.501
2025-06-09T11:15:00,5,zone5,11,0,0,0,clear,32.12,52.4,360,2,0,0.083,66.23,93.4,116.82,52.77,1.182,0.2594,6,72.48,Aman,0,normal,118.45,65.52,2.941
2025-06-09T11:30:00,4,zone4,11,0,0,1,cloudy,28.45,80.99,810,5,0,0.083,96.59,100.35,115.39,69.36,0.977,0.1239,2,80.29,Aman,1,density_spike,44.47,106.36,3.438
2025-06-09T11:45:00,3,zone3,11,0,0,0,clear,32.11,70.45,430,2,0,0.048,138.75,127.64,107.62,71.76,1.143,0.2968,4,61.67,Aman,0,normal,153.78,121.29,1.805
2025-06-09T12:00:00,3,zone3,12,0,0,0,clear,31.43,65.76,430,2,0,0.023,104.69,87.43,115.09,56.47,1.175,0.2033,6,62.13,Aman,0,normal,92.21,96.59,0.243
2025-06-09T12:15:00,5,zone5,12,0,0,0,clear,26.56,53.73,360,2,0,0.004,123.25,124.39,106.77,69.51,0.948,0.3455,6,76.52,Aman,0,normal,141.3,137.36,0.219
2025-06-09T12:30:00,4,zone4,12,0,0,0,clear,31.07,57.5,810,5,0,0.073,45.77,26.76,44.48,40.7,1.491,0.033,5,62.11,Aman,0,normal,28.75,43.97,0.846
2025-06-09T12:45:00,4,zone4,12,0,0,0,clear,26.49,73.33,810,5,0,0.069,112.91,101.35,119.02,50.75,1.515,0.1251,5,66.35,Aman,0,normal,104.6,112.01,0.412
2025-06-09T13:00:00,4,zone4,13,0,0,1,cloudy,31.45,70.26,810,5,0,0.127,84.98,68.23,75.88,45.73,1.108,0.0842,3,55.28,Aman,0,normal,102.99,81.46,1.196
2025-06-09T13:15:00,5,zone5,13,0,0,0,clear,28.63,69.83,360,2,0,0.081,25.29,18.27,34.42,32.39,1.353,0.0507,7,61.26,Aman,0,normal,25.01,23.52,0.083
2025-06-09T13:30:00,3,zone3,13,0,0,0,clear,34.05,65.75,430,2,0,0.154,63.35,54.99,94.38,17.48,0.951,0.1279,2,65.52,Aman,0,normal,41.36,64.62,1.292
2025-06-09T13:45:00,3,zone3,13,0,0,0,clear,33.32,58.96,430,2,0,0.155,100.89,122.95,118.93,58.15,1.233,0.2859,3,61.42,Aman,0,normal,108.32,109.63,0.073
2025-06-09T14:00:00,2,zone2,14,0,0,0,clear,29.12,68.78,680,4,0,0.076,204.72,214.98,203.84,64.77,1.026,0.3162,8,72.25,Aman,0,normal,217.06,200.68,0.68
2025-06-09T14:15:00,2,zone2,14,0,0,0,clear,32.35,74.81,680,4,1,0.92,129.23,189.96,232.61,140.35,1.032,0.2794,3,90.14,Waspada,0,normal,178.34,131.6,2.597
2025-06-09T14:30:00,3,zone3,14,0,0,0,clear,32.49,70.64,430,2,0,0.128,130.89,160.77,219.16,81.5,1.06,0.3739,6,62.7,Waspada,0,normal,142.09,126.01,0.893
2025-06-09T14:45:00,5,zone5,14,0,0,0,clear,31.46,68.55,360,2,0,0.129,74.04,83.3,61.49,41.7,1.189,0.2314,5,87.01,Aman,0,normal,110.68,79.89,1.711
2025-06-09T15:00:00,4,zone4,15,0,0,0,clear,31.99,66.94,810,5,0,0.004,92.13,79.87,82.38,17.64,0.94,0.0986,8,56.59,Aman,0,normal,79.99,86.47,0.36
2025-06-09T15:15:00,4,zone4,15,0,0,0,clear,35.33,56.09,810,5,0,0.128,102.52,114.15,127.28,75.92,1.1,0.1409,3,67.95,Aman,0,normal,120.18,100.56,1.09
2025-06-09T15:30:00,4,zone4,15,0,0,0,clear,32.8,79.54,810,5,0,0.148,185.69,208.84,213.14,69.74,0.347,0.2578,6,108.1,Aman,1,density_spike,49.25,166.74,5.055
2025-06-09T15:45:00,3,zone3,15,0,0,1,cloudy,26.57,77.9,430,2,0,0.112,77.04,96.5,106.77,73.18,1.213,0.2244,5,65.36,Aman,0,normal,75.79,81.26,0.304
2025-06-09T16:00:00,2,zone2,16,0,0,2,rain,28.71,81.45,680,4,0,0.119,103.42,79.77,112.34,89.31,1.307,0.1173,5,69.79,Aman,0,normal,93.04,89.26,0.21
2025-06-09T16:15:00,2,zone2,16,0,0,0,clear,33.47,70.63,680,4,0,0.178,157.54,180.73,182.58,103.21,1.112,0.2658,8,84.66,Aman,0,normal,175.64,155.69,1.067
2025-06-09T16:30:00,4,zone4,16,0,0,2,rain,25.1,76.02,810,5,0,0.131,8,7.91,4,40.77,1.483,0.0098,7,60.68,Aman,0,normal,20.88,8.27,0.7
2025-06-09T16:45:00,5,zone5,16,0,0,1,cloudy,32.25,77.39,360,2,0,0.147,44.91,40.27,96.07,41.34,1.623,0.1119,5,70.05,Aman,0,normal,26.37,48.25,1.215
2025-06-09T17:00:00,2,zone2,17,0,0,2,rain,26.58,85.79,680,4,0,0.163,107.1,80.3,67.95,71.9,1.02,0.1181,3,74.86,Aman,0,normal,95.38,117.96,1.254
2025-06-09T17:15:00,4,zone4,17,0,0,0,clear,33.17,63.48,810,5,0,0.075,116.79,113.34,130.4,50.31,1.329,0.1399,5,68.76,Aman,0,normal,132.98,107.58,1.411
2025-06-09T17:30:00,2,zone2,17,0,0,0,clear,33.22,71.13,680,4,0,0.107,151.58,163.48,161.88,56.1,0.719,0.2404,8,61.14,Aman,0,normal,175.36,169.45,0.291
2025-06-09T17:45:00,3,zone3,17,0,0,1,cloudy,29.79,75.12,430,2,0,0.126,114.17,123.21,131.81,60.63,1.107,0.2865,6,83.78,Aman,0,normal,123.27,121.62,0.092
2025-06-09T18:00:00,4,zone4,18,0,0,0,clear,34.44,57.67,810,5,0,0.111,126.64,121.58,175.89,71.81,1.11,0.1501,7,67.59,Aman,0,normal,117.59,116.28,0.073
2025-06-09T18:15:00,2,zone2,18,0,0,1,cloudy,30.48,59.09,680,4,0,0.065,172.05,159.97,223.96,35.41,1.258,0.2353,3,66.18,Aman,0,normal,148.67,168.59,0.985
2025-06-09T18:30:00,1,zone1,18,0,0,0,clear,28.08,58.84,520,3,0,0.021,160.53,165.22,228.38,72.1,0.942,0.3177,7,68.99,Aman,0,normal,151.29,176.86,1.205
2025-06-09T18:45:00,3,zone3,18,0,0,2,rain,28.19,73.5,430,2,0,0.085,58.94,53.4,79.08,56.17,1.173,0.1242,8,69.92,Aman,0,normal,33.81,65.5,1.761
2025-06-09T19:00:00,3,zone3,19,0,0,0,clear,35.43,74.95,430,2,0,0.134,91.18,62.53,81.55,21.45,1.285,0.1454,3,66.93,Aman,0,normal,73.26,89.96,0.928
2025-06-09T19:15:00,2,zone2,19,0,0,0,clear,31.72,59.65,680,4,0,0.05,151.58,157.21,193.59,77.22,1.081,0.2312,4,74.76,Aman,0,normal,157.59,162.85,0.269
2025-06-09T19:30:00,2,zone2,19,0,0,0,clear,30.29,80.65,680,4,0,0.154,157.94,186.45,200.87,69.03,1.145,0.2742,8,67.34,Aman,0,normal,181.83,154.51,1.473
2025-06-09T19:45:00,4,zone4,19,0,0,0,clear,26.11,59.09,810,5,0,0.073,78.81,89.22,86.29,84.72,0.872,0.1102,6,69.09,Aman,0,normal,77.6,73.2,0.245
2025-06-09T20:00:00,1,zone1,20,0,0,2,rain,27.56,94.92,520,3,0,0.104,184.76,174.39,218.37,100.15,1.021,0.3354,2,67.54,Waspada,0,normal,183.8,172.04,0.57
2025-06-09T20:15:00,5,zone5,20,0,0,2,rain,26.35,75.41,360,2,0,0.138,49.05,43.86,28.58,32.27,1.162,0.1218,6,71.78,Aman,0,normal,53.11,54.8,0.094
2025-06-09T20:30:00,3,zone3,20,0,0,0,clear,29.37,60.44,430,2,0,0.003,116.8,128.9,142.73,53.65,1.285,0.2998,3,60.18,Aman,0,normal,139.56,113.07,1.472
2025-06-09T20:45:00,1,zone1,20,0,0,1,cloudy,30.05,73.15,520,3,0,0.18,186.24,185.24,222.07,80.8,1.082,0.3562,2,73.52,Waspada,0,normal,153.47,173.24,0.951
2025-06-09T21:00:00,4,zone4,21,0,0,0,clear,31.83,63.05,810,5,0,0.15,82.96,92.06,89.14,41.69,1.107,0.1137,3,71.18,Aman,0,normal,85.61,91.72,0.34
2025-06-09T21:15:00,1,zone1,21,0,0,3,storm,30.22,90.92,520,3,0,0.062,58.02,30.97,27.14,77.58,1.192,0.0596,4,67.77,Aman,0,normal,11.47,62.07,2.811
2025-06-09T21:30:00,4,zone4,21,0,0,0,clear,26.58,58.72,810,5,0,0.115,118.6,119.95,162.92,61.69,0.324,0.1481,5,96.75,Aman,1,density_spike,22.14,111.93,3.112
2025-06-09T21:45:00,3,zone3,21,0,0,1,cloudy,29.53,63.33,430,2,0,0.151,179.92,186.41,221.51,86.4,0.715,0.4335,6,65.01,Waspada,0,normal,190.42,180.54,0.456
2025-06-09T22:00:00,1,zone1,22,0,0,1,cloudy,29.89,69.1,520,3,1,0.909,195.8,281.38,308.91,189.91,1.023,0.5411,3,80.09,Bahaya,0,normal,274.29,219.26,2.091
2025-06-09T22:15:00,5,zone5,22,0,0,0,clear,33.96,62.46,360,2,0,0.133,152.8,176.66,179.72,73.43,0.947,0.4907,3,76.21,Waspada,0,normal,162.18,135.19,1.499
2025-06-09T22:30:00,3,zone3,22,0,0,0,clear,25.7,70.81,430,2,0,0.104,128.55,138.54,125.34,91.47,1.015,0.3222,2,63.14,Aman,0,normal,132.71,129.85,0.159
2025-06-09T22:45:00,3,zone3,22,0,0,0,clear,36.32,75.17,430,2,0,0.168,96.32,113.81,112.06,51.82,1.303,0.2647,3,68.45,Aman,0,normal,109.05,94.78,0.793
2025-06-09T23:00:00,3,zone3,23,0,0,0,clear,29.17,66.0,430,2,0,0.029,123.15,116.86,107.01,63.69,1.285,0.2718,2,67.09,Aman,0,normal,113.86,112.9,0.053
2025-06-09T23:15:00,5,zone5,23,0,0,0,clear,32.54,69.01,360,2,0,0.123,64.65,47.46,36.58,66.4,0.973,0.1318,3,66.33,Aman,0,normal,36.69,64.48,1.544
2025-06-09T23:30:00,4,zone4,23,0,0,3,storm,25.52,83.68,810,5,0,0.104,15.37,4,5.25,35.02,1.238,0.0049,2,68.53,Aman,0,normal,12.4,14.23,0.101
2025-06-09T23:45:00,1,zone1,23,0,0,3,storm,25.41,91.86,520,3,0,0.128,122.13,104.09,113.46,77.94,1.192,0.2002,3,73.34,Aman,0,normal,104.33,108.55,0.235
2025-06-10T00:00:00,4,zone4,0,1,0,0,clear,27.95,58.8,810,5,0,0.026,84.36,50.81,40.38,62.61,1.052,0.0627,5,55.2,Aman,0,normal,41.4,75.75,1.909
2025-06-10T00:15:00,2,zone2,0,1,0,0,clear,29.08,68.69,680,4,0,0.079,106.81,102.68,107.94,63.6,0.799,0.151,7,56.95,Aman,0,normal,122.98,95.76,1.512
2025-06-10T00:30:00,4,zone4,0,1,0,1,cloudy,25.73,72.87,810,5,0,0.137,43.0,47.91,55.79,68.24,1.427,0.0592,5,74.54,Aman,0,normal,70.05,41.88,1.565
2025-06-10T00:45:00,4,zone4,0,1,0,0,clear,32.87,59.65,810,5,0,0.092,114.39,143.02,163.73,35.35,1.066,0.1766,4,65.89,Aman,1,density_spike,160.98,100.25,3.374
2025-06-10T01:00:00,1,zone1,1,1,0,0,clear,30.71,67.65,520,3,0,0.146,103.27,93.5,69.35,41.15,1.015,0.1798,5,69.3,Aman,0,normal,79.92,114.55,1.924
2025-06-10T01:15:00,5,zone5,1,1,0,0,clear,28.54,58.38,360,2,0,0.034,103.33,102.26,78.32,47.82,0.897,0.2841,3,75.67,Aman,0,normal,96.26,98.45,0.122
2025-06-10T01:30:00,5,zone5,1,1,0,0,clear,30.88,80.56,360,2,0,0.008,35.78,38.73,30.07,54.26,1.199,0.1076,2,73.18,Aman,0,normal,47.34,32.93,0.801
2025-06-10T01:45:00,1,zone1,1,1,0,0,clear,33.14,62.97,520,3,0,0.099,104.1,113.32,128.58,56.61,1.137,0.2179,2,77.39,Aman,0,normal,111.83,113.61,0.099
2025-06-10T02:00:00,1,zone1,2,1,0,0,clear,32.0,73.7,520,3,0,0.021,128.67,108.55,80.9,29.98,1.372,0.2087,6,75.72,Aman,0,normal,128.26,135.03,0.377
2025-06-10T02:15:00,4,zone4,2,1,0,2,rain,23.86,84.64,810,5,0,0.091,44.21,32.36,35.94,36.34,0.407,0.04,8,87.14,Aman,1,density_spike,59.17,45.23,3.697
2025-06-10T02:30:00,1,zone1,2,1,0,1,cloudy,32.77,65.0,520,3,0,0.038,68.18,68.29,69.37,58.76,1.453,0.1313,3,73.91,Aman,0,normal,78.55,72.12,0.357
2025-06-10T02:45:00,2,zone2,2,1,0,0,clear,33.23,70.68,680,4,1,0.656,93.76,124.45,114.88,137.91,1.301,0.183,3,72.1,Waspada,0,normal,136.22,84.69,2.863
2025-06-10T03:00:00,5,zone5,3,1,0,2,rain,24.56,62.92,360,2,0,0.162,96.9,84.57,78.98,80.11,1.185,0.2349,7,64.28,Aman,0,normal,58.65,94.04,1.966
2025-06-10T03:15:00,3,zone3,3,1,0,1,cloudy,30.04,71.19,430,2,0,0.144,49.19,55.26,77.55,60.66,0.952,0.1285,2,64.3,Aman,0,normal,16.87,45.24,1.576
2025-06-10T03:30:00,1,zone1,3,1,0,1,cloudy,27.5,63.08,520,3,0,0.117,128.51,122.28,142.14,95.95,1.13,0.2352,2,68.96,Aman,0,normal,123.57,140.07,0.917
2025-06-10T03:45:00,5,zone5,3,1,0,0,clear,31.63,78.18,360,2,0,0.099,106.95,133.99,140.73,67.47,0.881,0.3722,8,62.3,Aman,0,normal,130.99,93.96,2.057
2025-06-10T04:00:00,5,zone5,4,1,0,0,clear,31.61,75.35,360,2,0,0.083,98.36,103.42,106.98,57.94,1.292,0.2873,2,61.98,Aman,0,normal,119.36,86.73,1.813
2025-06-10T04:15:00,1,zone1,4,1,0,0,clear,31.54,66.64,520,3,0,0.172,181.16,197.9,173.89,54.42,1.218,0.3806,7,75.65,Aman,0,normal,212.24,173.65,1.852
2025-06-10T04:30:00,5,zone5,4,1,0,1,cloudy,29.49,82.73,360,2,0,0.047,81.43,53.22,32.47,38.92,0.742,0.1478,2,75.89,Aman,0,normal,49.18,76.15,1.499
2025-06-10T04:45:00,1,zone1,4,1,0,0,clear,29.14,74.37,520,3,0,0.008,122.65,103.53,62.59,31.82,1.292,0.1991,2,60.56,Aman,0,normal,99.89,123.43,1.308
2025-06-10T05:00:00,2,zone2,5,1,0,1,cloudy,26.18,72.13,680,4,0,0.178,140.47,148.63,165.71,92.13,1.052,0.2186,2,69.14,Aman,0,normal,117.02,128.4,0.632
2025-06-10T05:15:00,5,zone5,5,1,0,0,clear,30.92,69.47,360,2,0,0.139,110.07,153.72,143.21,59.08,0.908,0.427,2,76.48,Waspada,0,normal,166.9,118.56,2.686
2025-06-10T05:30:00,5,zone5,5,1,0,2,rain,26.16,71.2,360,2,0,0.047,104.35,83.55,60.05,45.75,1.172,0.2321,3,74.89,Aman,0,normal,97.35,104.08,0.374
2025-06-10T05:45:00,1,zone1,5,1,0,0,clear,31.97,72.01,520,3,0,0.122,156.32,139.19,136.22,57.37,0.933,0.2677,4,61.55,Aman,0,normal,153.76,149.4,0.242
2025-06-10T06:00:00,5,zone5,6,1,0,0,clear,29.97,62.35,360,2,0,0.173,71.63,84.97,52.02,91.51,0.998,0.236,8,74.18,Aman,0,normal,97.97,77.87,1.116
2025-06-10T06:15:00,3,zone3,6,1,0,0,clear,32.25,51.6,430,2,0,0.053,154.69,161.72,155.76,76.11,1.05,0.3761,5,54.51,Aman,0,normal,157.79,154.37,0.185
2025-06-10T06:30:00,1,zone1,6,1,0,1,cloudy,28.74,70.1,520,3,0,0.066,125.3,120.86,138.38,55.91,1.29,0.2324,8,59.75,Aman,0,normal,114.16,118.84,0.26
2025-06-10T06:45:00,3,zone3,6,1,0,0,clear,33.79,75.97,430,2,0,0.038,145.81,127.74,155.87,55.04,1.178,0.2971,7,72.19,Aman,0,normal,95.5,128.81,1.851
2025-06-10T07:00:00,4,zone4,7,1,0,0,clear,32.59,48,810,5,0,0.142,84.67,87.18,66.81,47.12,1.201,0.1076,5,50.15,Aman,0,normal,82.97,73.68,0.516
2025-06-10T07:15:00,1,zone1,7,1,0,2,rain,28.09,68.44,520,3,0,0.091,138.16,118.18,136.89,39.17,1.145,0.2273,5,67.96,Aman,0,normal,117.8,151.57,1.857
2025-06-10T07:30:00,1,zone1,7,1,0,3,storm,27.93,81.88,520,3,1,0.509,147.52,162.25,144.66,80.93,1.043,0.312,5,73.61,Waspada,0,normal,173.58,154.84,1.009
2025-06-10T07:45:00,4,zone4,7,1,0,2,rain,28.51,82.77,810,5,0,0.122,43.28,21.03,14.59,57.33,1.181,0.026,6,56.82,Aman,0,normal,15.72,40.45,1.374
2025-06-10T08:00:00,2,zone2,8,1,0,0,clear,32.4,63.88,680,4,0,0.062,201.81,253.16,259.58,103.11,1.031,0.3723,6,69.75,Waspada,0,normal,243.08,197.24,1.937
2025-06-10T08:15:00,1,zone1,8,1,0,1,cloudy,29.66,68.31,520,3,0,0.053,186.81,156.6,172.42,72.61,0.821,0.3012,8,74.62,Aman,0,normal,148.68,207.59,2.365
2025-06-10T08:30:00,5,zone5,8,1,0,1,cloudy,28.99,65.24,360,2,0,0.023,90.03,83.24,103.6,100.73,0.953,0.2312,5,72.19,Aman,0,normal,84.74,96.58,0.658
2025-06-10T08:45:00,1,zone1,8,1,0,0,clear,28.56,64.34,520,3,0,0.018,130.32,139.11,178.49,34.69,1.328,0.2675,6,74.13,Aman,0,normal,155.95,128.52,1.524
2025-06-10T09:00:00,2,zone2,9,1,0,1,cloudy,22.5,76.32,680,4,0,0.15,148.99,148.44,141.87,90.33,1.223,0.2183,8,74.66,Aman,0,normal,136.49,146.61,0.562
2025-06-10T09:15:00,2,zone2,9,1,0,0,clear,30.41,65.46,680,4,0,0.116,104.0,118.07,126.6,43.18,1.316,0.1736,2,63.4,Aman,0,normal,136.11,108.57,1.53
2025-06-10T09:30:00,3,zone3,9,1,0,1,cloudy,26.67,75.09,430,2,0,0.129,110.17,142.85,121.01,80.05,0.609,0.3322,5,63.04,Aman,0,normal,145.89,105.52,2.243
2025-06-10T09:45:00,5,zone5,9,1,0,1,cloudy,27.62,79.87,360,2,0,0.122,59.85,64.14,61.06,46.73,1.1,0.1782,8,73.15,Aman,0,normal,59.87,56.61,0.181
2025-06-10T10:00:00,1,zone1,10,1,0,1,cloudy,25.51,72.78,520,3,0,0.103,214.06,177.38,183.72,62.02,1.19,0.3411,3,73.54,Aman,0,normal,157.31,238.02,2.826
2025-06-10T10:15:00,4,zone4,10,1,0,1,cloudy,25.47,78.74,810,5,1,0.757,142.88,174.21,190.96,96.29,1.26,0.2151,7,77.99,Waspada,1,density_spike,216.55,149.78,3.709
2025-06-10T10:30:00,2,zone2,10,1,0,0,clear,31.49,75.03,680,4,0,0.163,172.88,171.3,158.59,53.23,1.386,0.2519,4,59.32,Aman,0,normal,178.53,191.83,0.578
2025-06-10T10:45:00,5,zone5,10,1,0,1,cloudy,28.64,71.0,360,2,0,0.099,74.61,87.01,111.39,40.0,1.275,0.2417,5,61.64,Aman,0,normal,79.26,70.85,0.467
2025-06-10T11:00:00,2,zone2,11,1,0,0,clear,28.08,78.22,680,4,0,0.077,126.63,122.73,131.49,79.49,0.656,0.1805,8,75.78,Aman,0,normal,114.06,134.49,1.135
2025-06-10T11:15:00,3,zone3,11,1,0,2,rain,28.93,74.16,430,2,0,0.162,107.61,106.3,100.03,65.21,1.052,0.2472,7,60.88,Aman,0,normal,131.37,94.3,2.059
2025-06-10T11:30:00,4,zone4,11,1,0,0,clear,32.19,65.05,810,5,1,0.818,99.36,197.57,238.67,133.19,0.636,0.2439,6,105.83,Waspada,1,density_spike,394.5,101.72,6.873
2025-06-10T11:45:00,5,zone5,11,1,0,2,rain,25.57,83.29,360,2,0,0.113,93.01,65.56,91.17,51.19,1.49,0.1821,5,73.64,Aman,0,normal,91.19,90.85,0.019
2025-06-10T12:00:00,4,zone4,12,1,0,1,cloudy,27.27,94.08,810,5,0,0.023,149.1,145.65,140.45,35.42,0.957,0.1798,5,58.76,Aman,0,normal,152.08,150.15,0.107
2025-06-10T12:15:00,1,zone1,12,1,0,0,clear,27.52,81.39,520,3,0,0.096,155.22,166.03,177.97,70.32,1.452,0.3193,4,73.86,Aman,1,density_spike,206.44,149.69,3.153
2025-06-10T12:30:00,1,zone1,12,1,0,0,clear,33.46,55.13,520,3,0,0.179,166.33,172.31,185.89,89.2,1.06,0.3314,8,71.17,Waspada,0,normal,147.52,148.77,0.07
2025-06-10T12:45:00,1,zone1,12,1,0,0,clear,30.41,70.95,520,3,0,0.16,168.3,171.03,199.34,70.56,0.917,0.3289,6,65.79,Aman,0,normal,184.88,187.32,0.108
2025-06-10T13:00:00,3,zone3,13,1,0,0,clear,28.78,64.57,430,2,1,0.698,155.47,188.54,172.36,116.47,1.158,0.4385,5,81.44,Waspada,1,density_spike,199.77,141.24,3.251
2025-06-10T13:15:00,4,zone4,13,1,0,2,rain,24.98,93.7,810,5,0,0.149,81.54,81.56,110.32,72.11,1.149,0.1007,6,70.45,Aman,0,normal,53.28,79.41,1.451
2025-06-10T13:30:00,2,zone2,13,1,0,2,rain,31.36,94.89,680,4,0,0.158,130.77,148.26,148.89,73.46,1.121,0.218,7,71.6,Aman,0,normal,144.39,132.47,0.662
2025-06-10T13:45:00,1,zone1,13,1,0,0,clear,35.06,68.32,520,3,0,0.072,125.11,131.77,151.78,61.37,0.977,0.2534,8,66.25,Aman,0,normal,139.2,129.03,0.565
2025-06-10T14:00:00,2,zone2,14,1,0,1,cloudy,28.81,73.03,680,4,0,0.029,97.4,66.61,84.43,49.67,1.597,0.098,7,73.57,Aman,1,density_spike,34.37,102.31,3.775
2025-06-10T14:15:00,5,zone5,14,1,0,0,clear,28.02,71.67,360,2,0,0.174,76.46,110.71,108.36,40.22,0.956,0.3075,3,69.7,Aman,1,density_spike,133.91,66.08,3.768
2025-06-10T14:30:00,1,zone1,14,1,0,2,rain,25.62,76.99,520,3,0,0.171,141.08,169.34,141.41,84.76,0.999,0.3256,4,67.62,Aman,0,normal,184.14,143.54,2.255
2025-06-10T14:45:00,1,zone1,14,1,0,1,cloudy,33.77,83.88,520,3,0,0.081,112.7,77.7,89.06,78.03,1.003,0.1494,5,68.27,Aman,0,normal,101.4,110.04,0.48
2025-06-10T15:00:00,5,zone5,15,1,0,1,cloudy,24.55,66.84,360,2,0,0.005,65.82,88.12,92.28,46.79,0.726,0.2448,5,62.58,Aman,0,normal,103.59,65.88,2.095
2025-06-10T15:15:00,4,zone4,15,1,0,1,cloudy,27.98,82.87,810,5,0,0.15,60.67,43.56,38.69,57.04,0.887,0.0538,6,64.85,Aman,0,normal,50.82,62.04,0.623
2025-06-10T15:30:00,1,zone1,15,1,0,1,cloudy,29.38,78.59,520,3,0,0.119,154.95,136.39,134.85,48.45,1.022,0.2623,7,73.2,Aman,0,normal,139.48,155.09,0.839
2025-06-10T15:45:00,3,zone3,15,1,0,0,clear,30.15,63.81,430,2,0,0.083,76.25,103.47,134.24,48.56,0.991,0.2406,3,61.02,Aman,0,normal,98.39,70.91,1.527
2025-06-10T16:00:00,2,zone2,16,1,0,2,rain,25.46,81.92,680,4,0,0.173,139.79,127.34,136.14,74.88,1.037,0.1873,6,60.47,Aman,0,normal,147.37,154.1,0.364
2025-06-10T16:15:00,5,zone5,16,1,0,0,clear,33.84,66.49,360,2,0,0.04,150.96,140.13,160.66,54.12,0.875,0.3892,8,63.99,Aman,0,normal,133.17,144.18,0.612
2025-06-10T16:30:00,4,zone4,16,1,0,0,clear,29.48,63.11,810,5,0,0.171,130.63,144.16,116.18,72.35,1.161,0.178,3,77.76,Aman,0,normal,172.0,142.16,1.658
2025-06-10T16:45:00,1,zone1,16,1,0,2,rain,28.27,76.33,520,3,0,0.03,91.52,83.7,65.6,52.96,1.458,0.161,2,64.71,Aman,0,normal,99.47,89.5,0.553
2025-06-10T17:00:00,3,zone3,17,1,0,0,clear,33.47,68.46,430,2,0,0.031,120.62,141.1,130.01,12.9,1.262,0.3281,5,67.14,Aman,0,normal,137.46,133.84,0.201
2025-06-10T17:15:00,1,zone1,17,1,0,0,clear,28.72,62.07,520,3,0,0.016,227.74,236.66,246.59,5,0.825,0.4551,7,78.87,Aman,0,normal,248.04,203.65,1.817
2025-06-10T17:30:00,3,zone3,17,1,0,0,clear,29.13,64.5,430,2,0,0.093,119.87,108.22,146.89,32.06,0.685,0.2517,8,69.97,Aman,0,normal,111.46,113.2,0.096
2025-06-10T17:45:00,4,zone4,17,1,0,0,clear,28.89,65.13,810,5,0,0.155,68.39,73.39,54.83,98.74,1.135,0.0906,4,55.32,Aman,0,normal,47.52,72.98,1.415
2025-06-10T18:00:00,5,zone5,18,1,0,0,clear,31.89,68.75,360,2,0,0.055,103.4,112.33,114.24,6.68,1.424,0.312,2,67.76,Aman,0,normal,102.78,110.47,0.427
2025-06-10T18:15:00,2,zone2,18,1,0,0,clear,33.19,67.26,680,4,0,0.116,168.3,185.33,224.5,62.39,1.179,0.2725,3,73.79,Aman,0,normal,188.04,172.44,0.754
2025-06-10T18:30:00,2,zone2,18,1,0,1,cloudy,34.05,79.66,680,4,0,0.051,116.48,99.13,95.46,34.29,1.423,0.1458,7,66.62,Aman,0,normal,85.81,113.77,1.553
2025-06-10T18:45:00,4,zone4,18,1,0,0,clear,26.71,64.66,810,5,1,0.651,114.11,158.91,210.63,109.13,1.178,0.1962,2,84.18,Waspada,1,density_spike,179.96,122.35,3.2
2025-06-10T19:00:00,2,zone2,19,1,0,2,rain,22.42,81.21,680,4,0,0.109,103.5,73.14,87.09,52.07,0.423,0.1076,6,98.37,Aman,1,density_spike,16.52,93.32,5.477
2025-06-10T19:15:00,4,zone4,19,1,0,0,clear,27.54,77.99,810,5,0,0.063,82.41,83.68,158.61,40.2,1.111,0.1033,3,71.6,Aman,0,normal,77.68,84.13,0.358
2025-06-10T19:30:00,4,zone4,19,1,0,0,clear,29.82,64.96,810,5,0,0.043,176.73,191.62,217.92,18.55,0.986,0.2366,5,64.1,Aman,0,normal,185.73,188.16,0.107
2025-06-10T19:45:00,2,zone2,19,1,0,2,rain,31.15,77.4,680,4,0,0.059,53.39,18.88,12.94,23.49,1.033,0.0278,3,68.31,Aman,1,density_spike,-7.59,54.04,3.424
2025-06-10T20:00:00,2,zone2,20,1,0,0,clear,30.47,66.57,680,4,0,0.161,107.93,154.29,201.03,36.1,0.922,0.2269,4,73.31,Aman,0,normal,123.78,113.16,0.59
2025-06-10T20:15:00,2,zone2,20,1,0,1,cloudy,28.94,70.11,680,4,0,0.17,170.29,172.24,228.62,84.87,0.766,0.2533,6,77.17,Aman,0,normal,156.17,183.99,1.26
2025-06-10T20:30:00,1,zone1,20,1,0,0,clear,31.02,63.14,520,3,0,0.013,191.27,230.89,247.97,69.22,0.858,0.444,5,58.93,Waspada,1,density_spike,274.63,171.37,5.021
2025-06-10T20:45:00,2,zone2,20,1,0,0,clear,31.25,69.05,680,4,0,0.135,135.58,149.89,163.95,76.53,0.732,0.2204,6,79.37,Aman,0,normal,158.76,133.84,1.384
2025-06-10T21:00:00,4,zone4,21,1,0,0,clear,30.86,49.26,810,5,0,0.102,129.21,165.0,194.65,49.35,0.967,0.2037,7,65.72,Aman,1,density_spike,194.68,137.96,3.151
2025-06-10T21:15:00,1,zone1,21,1,0,0,clear,28.85,68.83,520,3,0,0.054,161.79,145.38,143.99,73.71,0.873,0.2796,2,78.86,Aman,1,density_spike,111.37,175.82,3.055
2025-06-10T21:30:00,1,zone1,21,1,0,0,clear,33.59,73.46,520,3,0,0.104,187.34,170.88,204.67,70.1,0.958,0.3286,7,64.93,Aman,0,normal,189.47,163.87,1.302
2025-06-10T21:45:00,4,zone4,21,1,0,0,clear,31.32,70.87,810,5,0,0.09,53.53,73.42,105.59,35.16,0.958,0.0906,2,63.46,Aman,0,normal,46.21,52.44,0.346
2025-06-10T22:00:00,2,zone2,22,1,0,0,clear,33.64,71.81,680,4,0,0.134,165.97,187.24,196.23,79.79,1.246,0.2754,5,74.4,Aman,0,normal,167.19,174.78,0.362
2025-06-10T22:15:00,5,zone5,22,1,0,1,cloudy,32.34,63.79,360,2,0,0.053,78.62,64.34,74.49,61.44,1.123,0.1787,7,67.78,Aman,0,normal,55.58,83.24,1.536
2025-06-10T22:30:00,1,zone1,22,1,0,0,clear,32.14,66.04,520,3,1,0.757,149.57,196.25,247.56,113.53,0.947,0.3774,6,88.25,Waspada,0,normal,171.47,161.29,0.526
2025-06-10T22:45:00,3,zone3,22,1,0,1,cloudy,26.85,85.49,430,2,0,0.012,83.09,56.65,23.6,51.32,1.409,0.1318,6,56.17,Aman,0,normal,38.94,88.23,2.739
2025-06-10T23:00:00,4,zone4,23,1,0,0,clear,31.55,77.6,810,5,0,0.076,81.22,101.79,85.2,94.81,1.156,0.1257,2,60.44,Aman,1,density_spike,145.54,70.39,4.175
2025-06-10T23:15:00,3,zone3,23,1,0,1,cloudy,24.86,80.67,430,2,0,0.1,97.3,107.85,134.29,32.52,1.158,0.2508,2,73.49,Aman,0,normal,109.77,86.87,1.272
2025-06-10T23:30:00,1,zone1,23,1,0,0,clear,32.77,74.56,520,3,0,0.156,145.88,133.16,142.23,95.51,1.045,0.2561,2,71.11,Aman,0,normal,156.75,159.78,0.159
2025-06-10T23:45:00,4,zone4,23,1,0,0,clear,34.21,50.92,810,5,0,0.055,82.98,61.5,73.16,67.42,1.185,0.0759,5,66.03,Aman,0,normal,97.97,74.32,1.314
2025-06-11T00:00:00,4,zone4,0,2,0,0,clear,28.75,68.1,810,5,0,0.1,84.11,70.42,77.84,56.33,1.449,0.0869,6,73.74,Aman,0,normal,91.05,78.37,0.705
2025-06-11T00:15:00,1,zone1,0,2,0,0,clear,30.24,58.44,520,3,0,0.146,108.17,108.74,116.26,92.14,1.162,0.2091,4,70.32,Aman,0,normal,114.02,105.77,0.458
2025-06-11T00:30:00,4,zone4,0,2,0,1,cloudy,31.51,73.49,810,5,0,0.174,52.88,102.38,131.28,59.92,1.202,0.1264,2,68.06,Aman,1,density_spike,112.12,53.24,3.271
2025-06-11T00:45:00,3,zone3,0,2,0,0,clear,32.11,63.15,430,2,0,0.107,115.9,129.9,156.45,25.69,1.653,0.3021,8,60.85,Aman,0,normal,150.2,127.38,1.268
2025-06-11T01:00:00,3,zone3,1,2,0,2,rain,27.03,89.06,430,2,0,0.079,58.11,50.86,53.85,60.96,1.181,0.1183,2,66.39,Aman,0,normal,44.54,56.4,0.659
2025-06-11T01:15:00,1,zone1,1,2,0,1,cloudy,29.56,87.63,520,3,1,0.774,179.34,234.27,278.75,163.62,0.974,0.4505,6,75.9,Bahaya,0,normal,222.96,180.48,1.961
2025-06-11T01:30:00,3,zone3,1,2,0,1,cloudy,29.96,81.17,430,2,0,0.12,70.97,80.48,82.86,82.99,1.34,0.1872,7,59.13,Aman,0,normal,59.98,78.18,1.011
2025-06-11T01:45:00,2,zone2,1,2,0,1,cloudy,34.22,63.1,680,4,0,0.106,120.07,125.37,107.2,47.96,1.055,0.1844,5,72.66,Aman,0,normal,142.95,132.99,0.553
2025-06-11T02:00:00,5,zone5,2,2,0,0,clear,29.21,75.69,360,2,0,0.031,82.57,111.59,139.42,47.84,0.816,0.31,2,68.22,Aman,0,normal,101.57,71.33,1.681
2025-06-11T02:15:00,4,zone4,2,2,0,2,rain,28.08,82.43,810,5,0,0.025,8,10.74,19.03,70.16,1.042,0.0133,2,69.54,Aman,0,normal,34.32,8,1.462
2025-06-11T02:30:00,3,zone3,2,2,0,0,clear,29.6,52.18,430,2,0,0.169,94.56,93.83,85.34,36.99,0.368,0.2182,8,82.72,Aman,1,density_spike,262.41,103.39,4.661
2025-06-11T02:45:00,5,zone5,2,2,0,0,clear,26.29,71.97,360,2,0,0.013,78.22,67.88,75.54,36.38,1.082,0.1886,2,62.1,Aman,0,normal,85.8,86.12,0.018
2025-06-11T03:00:00,4,zone4,3,2,0,3,storm,28.82,96.45,810,5,0,0.168,61.54,47.85,33.99,54.6,1.087,0.0591,8,58.77,Aman,0,normal,69.85,59.01,0.602
2025-06-11T03:15:00,1,zone1,3,2,0,2,rain,29.66,91.44,520,3,0,0.09,126.97,113.88,126.8,48.15,0.898,0.219,6,57.41,Aman,0,normal,142.43,131.32,0.617
2025-06-11T03:30:00,1,zone1,3,2,0,0,clear,32.24,63.87,520,3,0,0.041,134.92,133.43,121.38,52.44,0.886,0.2566,6,65.06,Aman,0,normal,156.29,126.0,1.683
2025-06-11T03:45:00,3,zone3,3,2,0,1,cloudy,26.02,61.19,430,2,0,0.14,53.79,64.23,33.11,49.7,0.976,0.1494,4,77.22,Aman,0,normal,51.01,50.22,0.044
2025-06-11T04:00:00,4,zone4,4,2,0,0,clear,32.79,81.12,810,5,0,0.168,80.88,114.09,131.94,82.53,1.227,0.1408,5,82.58,Aman,0,normal,116.33,77.03,2.183
2025-06-11T04:15:00,5,zone5,4,2,0,0,clear,27.27,56.17,360,2,1,0.982,46.45,117.72,150.78,121.86,1.163,0.327,3,92.54,Waspada,1,density_spike,128.89,45.74,4.62
2025-06-11T04:30:00,5,zone5,4,2,0,0,clear,28.91,67.13,360,2,0,0.076,93.91,105.12,113.85,89.93,0.767,0.292,7,78.0,Aman,0,normal,97.9,104.86,0.387
2025-06-11T04:45:00,2,zone2,4,2,0,1,cloudy,27.96,82.63,680,4,0,0.038,87.03,93.66,80.18,57.37,1.137,0.1377,4,58.02,Aman,0,normal,112.99,90.69,1.239
2025-06-11T05:00:00,3,zone3,5,2,0,2,rain,29.26,82.95,430,2,0,0.054,88.04,79.57,77.15,56.12,1.16,0.185,2,61.36,Aman,0,normal,48.92,95.06,2.564
2025-06-11T05:15:00,1,zone1,5,2,0,1,cloudy,31.63,74.15,520,3,0,0.047,144.77,139.54,106.91,14.84,0.936,0.2683,7,69.94,Aman,0,normal,130.31,134.72,0.245
2025-06-11T05:30:00,4,zone4,5,2,0,0,clear,30.05,53.85,810,5,0,0.142,39.56,21.4,4,22.69,0.989,0.0264,6,58.48,Aman,0,normal,-4.15,41.21,2.52
2025-06-11T05:45:00,3,zone3,5,2,0,2,rain,28.58,82.26,430,2,0,0.056,54.63,54.39,65.59,48.26,1.309,0.1265,7,72.12,Aman,0,normal,73.64,49.54,1.339
2025-06-11T06:00:00,4,zone4,6,2,0,3,storm,23.89,74.64,810,5,0,0.167,82.26,69.38,54.07,64.59,1.162,0.0857,6,66.28,Aman,0,normal,73.78,88.01,0.791
2025-06-11T06:15:00,2,zone2,6,2,0,0,clear,30.59,71.1,680,4,0,0.059,148.63,151.14,150.14,86.38,1.119,0.2223,6,60.2,Aman,0,normal,146.4,134.74,0.648
2025-06-11T06:30:00,4,zone4,6,2,0,3,storm,27.87,98,810,5,0,0.049,91.43,48.9,30.02,55.83,1.111,0.0604,3,66.76,Aman,0,normal,32.86,86.02,2.953
2025-06-11T06:45:00,3,zone3,6,2,0,0,clear,32.25,67.76,430,2,1,0.698,155.51,209.63,185.66,135.19,1.076,0.4875,6,88.8,Bahaya,0,normal,195.35,166.04,1.471
2025-06-11T07:00:00,2,zone2,7,2,0,2,rain,28.19,88.66,680,4,0,0.075,136.9,130.19,114.63,80.88,1.11,0.1915,7,65.33,Aman,0,normal,138.23,148.19,0.554
2025-06-11T07:15:00,4,zone4,7,2,0,0,clear,32.71,70.1,810,5,0,0.125,112.79,96.66,120.42,47.06,1.034,0.1193,2,70.81,Aman,0,normal,95.8,123.71,1.551
2025-06-11T07:30:00,3,zone3,7,2,0,0,clear,30.75,56.77,430,2,0,0.07,113.19,68.03,92.88,54.13,0.949,0.1582,7,67.7,Aman,0,normal,89.96,103.11,0.73
2025-06-11T07:45:00,3,zone3,7,2,0,0,clear,29.37,60.56,430,2,0,0.002,125.27,70.9,90.57,34.26,1.2,0.1649,3,67.77,Aman,0,normal,78.26,113.09,1.935
2025-06-11T08:00:00,3,zone3,8,2,0,0,clear,31.91,61.95,430,2,0,0.086,88.18,113.99,87.7,78.61,1.265,0.2651,8,64.74,Aman,0,normal,97.69,81.91,0.877
2025-06-11T08:15:00,5,zone5,8,2,0,1,cloudy,29.1,85.63,360,2,0,0.058,78.96,88.65,32.1,52.84,1.107,0.2462,5,66.75,Aman,0,normal,109.45,83.1,1.464
2025-06-11T08:30:00,1,zone1,8,2,0,0,clear,30.48,64.62,520,3,0,0.028,111.33,123.29,94.14,34.95,1.358,0.2371,6,50.39,Aman,0,normal,138.86,108.79,1.671
2025-06-11T08:45:00,3,zone3,8,2,0,1,cloudy,31.64,78.01,430,2,0,0.03,86.91,92.21,127.24,24.55,1.019,0.2144,8,65.28,Aman,0,normal,65.19,76.11,0.607
2025-06-11T09:00:00,5,zone5,9,2,0,1,cloudy,28.92,69.53,360,2,0,0.149,80.67,70.55,24.81,97.84,1.258,0.196,6,69.57,Aman,0,normal,75.3,82.47,0.398
2025-06-11T09:15:00,1,zone1,9,2,0,0,clear,29.81,83.9,520,3,0,0.126,234.98,249.22,251.0,91.17,0.783,0.4793,6,75.56,Waspada,0,normal,234.6,212.61,0.862
2025-06-11T09:30:00,3,zone3,9,2,0,0,clear,34.67,75.96,430,2,0,0.149,86.77,93.47,124.05,72.39,1.14,0.2174,6,75.25,Aman,0,normal,119.32,89.31,1.667
2025-06-11T09:45:00,5,zone5,9,2,0,0,clear,28.15,71.79,360,2,0,0.173,63.36,74.71,107.35,43.8,1.256,0.2075,6,66.83,Aman,0,normal,73.7,69.1,0.256
2025-06-11T10:00:00,1,zone1,10,2,0,0,clear,32.75,77.93,520,3,0,0.087,177.66,176.53,191.23,42.88,1.015,0.3395,8,75.16,Aman,0,normal,176.26,180.42,0.192
2025-06-11T10:15:00,3,zone3,10,2,0,0,clear,37.89,63.48,430,2,0,0.1,82.63,68.86,79.56,57.5,1.445,0.1601,3,64.32,Aman,0,normal,50.01,79.48,1.637
2025-06-11T10:30:00,5,zone5,10,2,0,0,clear,31.33,69.1,360,2,0,0.156,81.89,70.5,79.04,70.47,1.186,0.1958,3,82.26,Aman,0,normal,63.78,70.77,0.389
2025-06-11T10:45:00,1,zone1,10,2,0,0,clear,32.0,67.24,520,3,1,0.913,204.59,295.76,299.34,144.93,0.605,0.5688,2,89.28,Bahaya,1,density_spike,313.36,218.33,3.627
2025-06-11T11:00:00,2,zone2,11,2,0,2,rain,31.54,88.09,680,4,0,0.057,147.72,125.34,124.65,25.74,1.056,0.1843,8,60.72,Aman,0,normal,111.46,134.53,1.281
2025-06-11T11:15:00,1,zone1,11,2,0,0,clear,30.61,74.03,520,3,0,0.139,225.66,244.75,224.23,85.53,1.086,0.4707,8,72.42,Waspada,0,normal,226.22,243.01,0.576
2025-06-11T11:30:00,1,zone1,11,2,0,0,clear,31.97,62.2,520,3,0,0.12,171.98,181.98,153.18,37.6,0.987,0.35,2,58.71,Aman,0,normal,183.04,190.05,0.307
2025-06-11T11:45:00,3,zone3,11,2,0,0,clear,29.54,65.01,430,2,0,0.166,116.55,131.02,111.5,65.23,1.012,0.3047,8,67.78,Aman,0,normal,137.19,117.02,1.121
2025-06-11T12:00:00,5,zone5,12,2,0,1,cloudy,27.34,62.09,360,2,0,0.07,102.71,99.88,75.3,65.05,0.439,0.2775,5,95.56,Aman,1,density_spike,238.14,105.44,4.429
2025-06-11T12:15:00,5,zone5,12,2,0,0,clear,25.08,72.8,360,2,0,0.125,71.74,88.1,92.7,34.22,1.179,0.2447,4,62.08,Aman,0,normal,84.75,77.98,0.376
2025-06-11T12:30:00,3,zone3,12,2,0,3,storm,26.13,91.94,430,2,0,0.001,96.24,58.93,61.86,50.01,0.987,0.137,4,65.13,Aman,0,normal,56.83,94.94,2.117
2025-06-11T12:45:00,4,zone4,12,2,0,0,clear,30.44,59.1,810,5,0,0.141,113.03,107.01,75.21,49.44,1.094,0.1321,6,71.75,Aman,0,normal,118.4,101.99,0.911
2025-06-11T13:00:00,4,zone4,13,2,0,0,clear,32.27,55.58,810,5,0,0.081,149.32,128.04,124.31,88.99,1.11,0.1581,8,64.68,Aman,0,normal,130.93,142.89,0.664
2025-06-11T13:15:00,5,zone5,13,2,0,0,clear,34.23,70.48,360,2,0,0.025,71.02,49.99,78.69,45.08,1.11,0.1389,7,68.0,Aman,0,normal,79.1,67.39,0.651
2025-06-11T13:30:00,1,zone1,13,2,0,0,clear,34.38,66.48,520,3,0,0.024,134.21,138.0,147.79,75.31,0.933,0.2654,8,69.76,Aman,0,normal,113.77,132.36,1.033
2025-06-11T13:45:00,2,zone2,13,2,0,1,cloudy,29.24,73.11,680,4,0,0.043,61.53,39.89,50.74,83.93,1.04,0.0587,8,75.3,Aman,0,normal,53.32,68.0,0.816
2025-06-11T14:00:00,1,zone1,14,2,0,0,clear,31.79,66.96,520,3,0,0.175,199.22,180.3,212.62,95.65,1.112,0.3467,2,70.22,Waspada,0,normal,216.05,190.12,1.137
2025-06-11T14:15:00,5,zone5,14,2,0,0,clear,32.68,56.79,360,2,1,0.704,86.43,113.09,129.68,138.14,1.015,0.3141,7,88.88,Waspada,0,normal,95.79,81.35,0.802
2025-06-11T14:30:00,3,zone3,14,2,0,0,clear,33.67,80.13,430,2,0,0.144,73.04,95.01,108.59,96.83,0.945,0.221,4,67.06,Aman,0,normal,89.79,70.67,1.063
2025-06-11T14:45:00,5,zone5,14,2,0,2,rain,27.36,83.44,360,2,0,0.036,8,4,4,45.85,0.934,0.0111,2,60.33,Aman,0,normal,23.57,8.15,0.857
2025-06-11T15:00:00,2,zone2,15,2,0,0,clear,29.05,64.52,680,4,0,0.038,131.26,117.47,113.51,85.23,1.19,0.1727,3,67.92,Aman,0,normal,137.61,142.3,0.261
2025-06-11T15:15:00,4,zone4,15,2,0,0,clear,30.29,72.24,810,5,0,0.178,97.55,142.25,115.63,48.06,1.1,0.1756,3,79.46,Aman,0,normal,126.09,99.89,1.456
2025-06-11T15:30:00,4,zone4,15,2,0,2,rain,28.08,75.71,810,5,0,0.06,106.36,54.89,50.1,32.52,1.04,0.0678,2,70.68,Aman,0,normal,69.43,97.16,1.541
2025-06-11T15:45:00,5,zone5,15,2,0,2,rain,28.25,78.65,360,2,0,0.058,119.03,94.41,80.73,107.88,1.143,0.2622,2,70.81,Aman,0,normal,98.77,126.47,1.539
2025-06-11T16:00:00,1,zone1,16,2,0,1,cloudy,32.25,72.42,520,3,0,0.026,141.09,115.17,87.46,70.87,1.211,0.2215,5,61.58,Aman,0,normal,133.33,129.91,0.19
2025-06-11T16:15:00,1,zone1,16,2,0,1,cloudy,29.78,71.98,520,3,0,0.161,93.31,111.57,157.1,74.1,0.726,0.2146,4,73.53,Aman,0,normal,128.11,99.96,1.564
2025-06-11T16:30:00,1,zone1,16,2,0,0,clear,29.64,62.41,520,3,0,0.155,193.93,195.57,205.76,48.28,0.828,0.3761,6,77.37,Aman,0,normal,200.0,168.99,1.529
2025-06-11T16:45:00,2,zone2,16,2,0,2,rain,25.14,67.99,680,4,0,0.099,95.91,78.62,53.84,53.28,1.193,0.1156,3,83.87,Aman,0,normal,94.72,89.66,0.281
2025-06-11T17:00:00,2,zone2,17,2,0,3,storm,23.84,71.63,680,4,0,0.002,88.2,60.68,29.73,79.52,1.318,0.0892,6,54.75,Aman,0,normal,75.11,82.37,0.404
2025-06-11T17:15:00,1,zone1,17,2,0,2,rain,30.48,74.43,520,3,0,0.061,150.85,172.64,135.64,43.72,0.529,0.332,3,92.16,Aman,1,density_spike,310.69,144.95,6.088
2025-06-11T17:30:00,1,zone1,17,2,0,0,clear,32.01,76.43,520,3,0,0.165,217.41,237.13,231.82,59.95,1.205,0.456,3,72.93,Waspada,0,normal,265.29,226.22,1.439
2025-06-11T17:45:00,2,zone2,17,2,0,1,cloudy,29.46,58.54,680,4,0,0.105,183.21,172.47,181.96,88.05,1.058,0.2536,5,68.97,Aman,0,normal,174.56,165.22,0.471
2025-06-11T18:00:00,1,zone1,18,2,0,0,clear,31.78,61.49,520,3,0,0.068,197.43,195.38,254.81,79.95,1.019,0.3757,3,63.36,Aman,0,normal,198.0,209.78,0.468
2025-06-11T18:15:00,1,zone1,18,2,0,0,clear,27.05,51.64,520,3,0,0.006,199.13,214.44,239.9,54.9,0.3,0.4124,2,80.99,Aman,1,density_spike,49.85,184.37,3.374
2025-06-11T18:30:00,2,zone2,18,2,0,1,cloudy,27.58,58.95,680,4,1,0.943,257.23,308.09,393.77,193.61,0.606,0.4531,6,93.76,Bahaya,0,normal,329.81,278.78,1.525
2025-06-11T18:45:00,4,zone4,18,2,0,0,clear,32.45,72.97,810,5,0,0.042,133.31,107.86,148.05,54.99,1.161,0.1332,7,64.13,Aman,0,normal,106.87,130.66,1.322
2025-06-11T19:00:00,1,zone1,19,2,0,1,cloudy,29.26,77.52,520,3,0,0.163,207.61,177.22,223.43,102.88,1.133,0.3408,7,70.95,Waspada,0,normal,175.44,221.47,1.732
2025-06-11T19:15:00,5,zone5,19,2,0,1,cloudy,26.46,77.85,360,2,0,0.164,80.93,74.37,71.8,33.5,1.217,0.2066,6,66.33,Aman,0,normal,95.26,84.97,0.572
2025-06-11T19:30:00,5,zone5,19,2,0,1,cloudy,29.1,60.49,360,2,0,0.085,130.25,140.0,176.36,63.23,1.116,0.3889,3,71.9,Aman,0,normal,144.45,135.7,0.486
2025-06-11T19:45:00,5,zone5,19,2,0,2,rain,23.07,59.06,360,2,0,0.105,74.43,68.57,70.76,70.68,0.464,0.1905,2,97.93,Aman,1,density_spike,22.03,73.24,4.809
2025-06-11T20:00:00,2,zone2,20,2,0,0,clear,28.83,73.46,680,4,0,0.011,135.96,189.1,204.58,35.94,1.353,0.2781,7,71.57,Aman,0,normal,172.66,150.63,1.219
2025-06-11T20:15:00,1,zone1,20,2,0,1,cloudy,29.45,78.16,520,3,0,0.132,222.71,189.71,187.65,66.81,1.281,0.3648,3,69.83,Aman,0,normal,167.88,240.78,2.523
2025-06-11T20:30:00,1,zone1,20,2,0,0,clear,32.59,69.74,520,3,0,0.007,199.41,205.74,239.82,66.33,0.977,0.3956,7,68.7,Aman,0,normal,168.98,208.57,1.582
2025-06-11T20:45:00,4,zone4,20,2,0,0,clear,34.07,73.47,810,5,0,0.017,74.77,80.63,102.02,59.16,1.183,0.0995,6,71.97,Aman,0,normal,32.1,65.74,1.869
2025-06-11T21:00:00,5,zone5,21,2,0,0,clear,30.35,74.23,360,2,0,0.105,115.39,165.11,216.19,68.8,1.118,0.4586,4,74.24,Waspada,0,normal,133.97,104.1,1.659
2025-06-11T21:15:00,1,zone1,21,2,0,0,clear,27.11,70.29,520,3,1,0.481,195.39,264.58,302.03,71.72,1.137,0.5088,5,85.25,Waspada,0,normal,252.76,203.62,2.011
2025-06-11T21:30:00,1,zone1,21,2,0,1,cloudy,30.6,86.06,520,3,0,0.065,130.02,110.29,137.4,41.54,1.56,0.2121,5,66.82,Aman,0,normal,115.4,132.25,0.936
2025-06-11T21:45:00,1,zone1,21,2,0,0,clear,30.62,71.33,520,3,0,0.03,205.43,217.65,241.46,33.83,1.101,0.4186,2,70.97,Aman,0,normal,236.77,184.01,2.389
2025-06-11T22:00:00,3,zone3,22,2,0,2,rain,28.36,91.56,430,2,0,0.058,127.13,126.06,80.57,54.4,1.309,0.2932,6,66.24,Aman,0,normal,135.79,133.78,0.111
2025-06-11T22:15:00,3,zone3,22,2,0,2,rain,26.25,60.87,430,2,0,0.118,91.0,71.98,85.72,26.92,1.002,0.1674,3,67.28,Aman,0,normal,92.69,100.93,0.458
2025-06-11T22:30:00,1,zone1,22,2,0,0,clear,28.79,58.97,520,3,0,0.044,180.76,182.34,174.34,55.72,0.964,0.3507,7,68.07,Aman,0,normal,178.78,173.02,0.277
2025-06-11T22:45:00,4,zone4,22,2,0,2,rain,26.39,62.17,810,5,0,0.048,55.97,18.41,28.35,70.01,1.034,0.0227,4,70.02,Aman,0,normal,9.78,51.04,2.292
2025-06-11T23:00:00,4,zone4,23,2,0,0,clear,31.64,70.5,810,5,0,0.154,137.5,138.15,87.33,67.17,0.649,0.1706,4,101.7,Aman,1,density_spike,292.69,128.46,5.968
2025-06-11T23:15:00,3,zone3,23,2,0,0,clear,31.85,62.8,430,2,0,0.033,110.56,132.64,157.96,43.7,1.141,0.3085,4,71.11,Aman,0,normal,121.44,108.11,0.741
2025-06-11T23:30:00,2,zone2,23,2,0,0,clear,29.36,61.78,680,4,0,0.106,132.74,148.53,151.1,59.12,1.011,0.2184,6,66.68,Aman,0,normal,181.14,145.12,2.001
2025-06-11T23:45:00,3,zone3,23,2,0,2,rain,27.89,79.88,430,2,0,0.146,67.84,37.57,60.14,47.89,1.205,0.0874,7,62.33,Aman,0,normal,13.17,67.08,2.995
2025-06-12T00:00:00,3,zone3,0,3,0,2,rain,29.3,77.88,430,2,0,0.022,49.77,30.91,46.43,37.51,1.29,0.0719,7,77.9,Aman,0,normal,59.1,48.4,0.594
2025-06-12T00:15:00,4,zone4,0,3,0,0,clear,28.85,78.05,810,5,0,0.116,39.91,28.25,4,73.97,1.256,0.0349,8,74.78,Aman,0,normal,61.22,39.12,1.228
2025-06-12T00:30:00,4,zone4,0,3,0,0,clear,27.29,71.95,810,5,0,0.034,123.96,151.87,143.71,53.69,1.118,0.1875,8,72.28,Aman,1,density_spike,195.89,123.92,3.999
2025-06-12T00:45:00,5,zone5,0,3,0,1,cloudy,24.68,77.56,360,2,1,0.464,76.02,106.48,117.42,104.65,1.135,0.2958,4,79.9,Waspada,0,normal,125.3,77.32,2.666
2025-06-12T01:00:00,5,zone5,1,3,0,1,cloudy,28.33,68.69,360,2,0,0.165,17.44,15.4,80.78,85.01,1.318,0.0428,3,71.98,Aman,0,normal,-3.4,18.22,1.201
2025-06-12T01:15:00,1,zone1,1,3,0,1,cloudy,31.42,59.97,520,3,0,0.131,114.31,117.99,101.64,54.52,0.635,0.2269,4,64.22,Aman,0,normal,79.99,102.72,1.263
2025-06-12T01:30:00,4,zone4,1,3,0,0,clear,27.31,68.14,810,5,0,0.161,87.58,112.02,135.78,43.71,1.284,0.1383,3,65.0,Aman,0,normal,91.76,80.48,0.627
2025-06-12T01:45:00,4,zone4,1,3,0,0,clear,29.59,66.83,810,5,0,0.099,89.97,79.07,79.86,10.59,1.176,0.0976,8,70.91,Aman,0,normal,64.26,79.68,0.857
2025-06-12T02:00:00,2,zone2,2,3,0,0,clear,30.11,52.8,680,4,0,0.152,38.69,36.75,18.51,48.26,1.482,0.054,8,68.46,Aman,0,normal,65.26,39.61,1.425
2025-06-12T02:15:00,3,zone3,2,3,0,1,cloudy,30.52,73.51,430,2,0,0.058,53.36,56.82,68.3,62.18,1.125,0.1321,7,71.86,Aman,0,normal,82.27,46.12,2.008
2025-06-12T02:30:00,5,zone5,2,3,0,0,clear,26.63,66.26,360,2,0,0.062,88.75,74.99,69.08,26.16,0.949,0.2083,3,62.28,Aman,0,normal,91.25,77.65,0.755
2025-06-12T02:45:00,3,zone3,2,3,0,0,clear,31.73,63.88,430,2,0,0.162,145.21,181.94,161.21,41.66,0.968,0.4231,2,78.31,Aman,0,normal,188.46,154.81,1.811
2025-06-12T03:00:00,2,zone2,3,3,0,0,clear,30.4,60.91,680,4,0,0.041,94.72,106.23,93.21,49.84,1.182,0.1562,8,70.79,Aman,0,normal,112.27,82.87,1.634
2025-06-12T03:15:00,4,zone4,3,3,0,1,cloudy,32.45,69.46,810,5,0,0.056,27.1,5.16,11.01,43.83,1.315,0.0064,3,61.02,Aman,0,normal,19.95,28.39,0.468
2025-06-12T03:30:00,5,zone5,3,3,0,1,cloudy,28.89,66.8,360,2,0,0.059,18.55,4,4,35.99,1.481,0.0111,5,63.78,Aman,0,normal,3.39,16.84,0.747
2025-06-12T03:45:00,3,zone3,3,3,0,0,clear,28.98,84.79,430,2,0,0.12,85.77,108.29,92.31,78.84,1.256,0.2518,3,60.64,Aman,0,normal,94.5,83.35,0.62
2025-06-12T04:00:00,4,zone4,4,3,0,0,clear,29.92,56.0,810,5,0,0.082,115.73,115.76,135.42,67.18,0.665,0.1429,8,84.46,Aman,1,density_spike,173.8,103.5,5.256
2025-06-12T04:15:00,4,zone4,4,3,0,1,cloudy,28.77,77.69,810,5,0,0.043,38.28,38.91,68.35,10.35,1.036,0.048,7,74.15,Aman,0,normal,56.66,36.19,1.137
2025-06-12T04:30:00,5,zone5,4,3,0,1,cloudy,25.73,76.26,360,2,0,0.115,73.3,76.23,85.27,62.1,1.258,0.2118,5,64.6,Aman,0,normal,54.53,68.42,0.772
2025-06-12T04:45:00,1,zone1,4,3,0,1,cloudy,28.43,82.33,520,3,1,0.681,119.16,145.56,188.2,109.11,0.893,0.2799,5,77.43,Waspada,0,normal,150.6,131.63,1.054
2025-06-12T05:00:00,2,zone2,5,3,0,0,clear,28.43,60.3,680,4,0,0.124,120.15,125.2,110.68,72.98,1.044,0.1841,2,65.8,Aman,0,normal,114.26,111.84,0.135
2025-06-12T05:15:00,1,zone1,5,3,0,0,clear,30.7,67.21,520,3,0,0.117,151.97,155.9,142.04,74.02,1.312,0.2998,6,68.21,Aman,0,normal,162.67,151.6,0.609
2025-06-12T05:30:00,2,zone2,5,3,0,0,clear,27.71,74.31,680,4,0,0.014,101.84,124.08,143.53,25.21,1.13,0.1825,4,63.6,Aman,0,normal,118.97,99.09,1.104
2025-06-12T05:45:00,3,zone3,5,3,0,1,cloudy,29.31,84.93,430,2,0,0.046,118.05,132.0,111.79,24.33,1.266,0.307,6,75.95,Aman,0,normal,92.47,109.46,0.944
2025-06-12T06:00:00,3,zone3,6,3,0,0,clear,31.6,62.81,430,2,0,0.158,57.9,64.59,55.88,40.88,1.169,0.1502,4,69.27,Aman,0,normal,62.38,60.67,0.095
2025-06-12T06:15:00,5,zone5,6,3,0,1,cloudy,28.06,72.19,360,2,0,0.105,55.18,62.07,72.58,116.31,0.5,0.1724,8,87.22,Aman,1,density_spike,93.28,54.32,4.034
2025-06-12T06:30:00,3,zone3,6,3,0,1,cloudy,29.72,78.54,430,2,0,0.067,43.93,21.36,35.26,56.31,0.637,0.0497,5,81.32,Aman,1,density_spike,4.59,38.51,3.538
2025-06-12T06:45:00,2,zone2,6,3,0,1,cloudy,26.27,68.43,680,4,0,0.155,98.2,86.8,104.08,57.58,0.978,0.1276,4,77.19,Aman,0,normal,45.4,98.63,2.958
2025-06-12T07:00:00,1,zone1,7,3,0,2,rain,28.05,90.28,520,3,0,0.17,117.97,123.51,126.82,83.87,1.03,0.2375,3,67.56,Aman,0,normal,134.73,102.93,1.767
2025-06-12T07:15:00,4,zone4,7,3,0,0,clear,32.58,71.24,810,5,0,0.024,160.96,169.4,185.79,66.6,1.245,0.2091,7,62.12,Aman,0,normal,143.68,155.82,0.649
2025-06-12T07:30:00,4,zone4,7,3,0,1,cloudy,32.89,74.41,810,5,0,0.005,155.24,121.09,103.67,77.93,1.353,0.1495,5,50.73,Aman,0,normal,123.87,139.68,0.879
2025-06-12T07:45:00,4,zone4,7,3,0,0,clear,32.24,52.4,810,5,0,0.084,84.78,102.61,106.48,53.02,1.24,0.1267,6,70.76,Aman,0,normal,98.92,90.88,0.446
2025-06-12T08:00:00,3,zone3,8,3,0,0,clear,30.82,67.44,430,2,0,0.081,162.67,139.06,145.53,71.31,0.899,0.3234,8,72.89,Aman,1,density_spike,91.31,145.58,3.015
2025-06-12T08:15:00,1,zone1,8,3,0,0,clear,28.08,78.03,520,3,0,0.046,221.55,249.94,255.78,61.01,0.754,0.4807,5,64.93,Waspada,0,normal,257.61,235.23,0.793
2025-06-12T08:30:00,3,zone3,8,3,0,1,cloudy,30.74,68.2,430,2,0,0.162,104.3,123.68,174.62,81.93,1.09,0.2876,6,69.41,Aman,0,normal,124.93,102.92,1.223
2025-06-12T08:45:00,2,zone2,8,3,0,0,clear,34.21,73.88,680,4,0,0.083,158.47,174.33,135.52,76.99,0.33,0.2564,2,103.7,Aman,1,density_spike,292.18,141.74,3.281
2025-06-12T09:00:00,3,zone3,9,3,0,1,cloudy,26.99,76.47,430,2,0,0.131,132.44,114.78,101.28,47.32,1.129,0.2669,6,62.17,Aman,0,normal,120.21,143.59,1.299
2025-06-12T09:15:00,5,zone5,9,3,0,0,clear,32.81,75.96,360,2,0,0.079,83.27,78.79,82.28,12.65,1.067,0.2189,3,70.95,Aman,0,normal,54.96,86.51,1.753
2025-06-12T09:30:00,5,zone5,9,3,0,0,clear,30.05,69.72,360,2,0,0.091,123.19,122.8,106.84,46.15,0.997,0.3411,3,71.57,Aman,0,normal,138.19,137.31,0.049
2025-06-12T09:45:00,2,zone2,9,3,0,1,cloudy,28.47,74.72,680,4,0,0.1,157.48,155.22,147.79,107.27,0.827,0.2283,2,71.18,Aman,0,normal,141.14,136.91,0.235
2025-06-12T10:00:00,2,zone2,10,3,0,1,cloudy,28.51,76.07,680,4,0,0.106,131.97,147.25,119.26,47.46,1.152,0.2165,2,71.87,Aman,0,normal,136.16,130.39,0.32
2025-06-12T10:15:00,4,zone4,10,3,0,0,clear,28.09,60.75,810,5,1,0.921,145.81,218.78,269.2,138.02,0.78,0.2701,4,89.81,Waspada,1,density_spike,208.73,132.8,4.218
2025-06-12T10:30:00,5,zone5,10,3,0,2,rain,27.42,89.92,360,2,0,0.052,113.56,75.44,61.71,83.8,0.846,0.2096,4,68.15,Aman,0,normal,93.8,121.42,1.534
2025-06-12T10:45:00,5,zone5,10,3,0,1,cloudy,26.48,80.83,360,2,1,0.871,109.6,166.22,185.23,137.92,1.176,0.4617,3,92.4,Bahaya,1,density_spike,210.86,111.29,5.531
2025-06-12T11:00:00,2,zone2,11,3,0,0,clear,32.17,79.6,680,4,0,0.09,166.95,208.09,201.12,68.28,1.172,0.306,6,75.14,Aman,0,normal,194.05,149.39,2.481
2025-06-12T11:15:00,2,zone2,11,3,0,1,cloudy,29.37,61.58,680,4,0,0.058,93.24,104.99,94.66,78.42,1.194,0.1544,4,61.88,Aman,0,normal,116.71,91.42,1.405
2025-06-12T11:30:00,2,zone2,11,3,0,1,cloudy,26.33,67.86,680,4,0,0.112,130.54,118.09,111.94,64.75,0.985,0.1737,2,62.51,Aman,0,normal,120.62,115.56,0.281
2025-06-12T11:45:00,1,zone1,11,3,0,0,clear,34.74,75.4,520,3,0,0.153,182.84,197.59,192.07,67.46,0.902,0.38,3,73.09,Aman,0,normal,179.63,171.32,0.404
2025-06-12T12:00:00,1,zone1,12,3,0,1,cloudy,28.05,73.24,520,3,0,0.157,64.02,53.63,59.31,61.11,1.187,0.1031,4,76.12,Aman,0,normal,85.19,61.54,1.314
2025-06-12T12:15:00,1,zone1,12,3,0,0,clear,26.88,65.2,520,3,0,0.103,159.08,184.02,172.98,54.91,0.987,0.3539,4,78.79,Aman,0,normal,177.24,148.47,1.599
2025-06-12T12:30:00,3,zone3,12,3,0,1,cloudy,29.72,74.52,430,2,0,0.078,97.97,105.31,79.82,38.86,0.969,0.2449,2,69.7,Aman,0,normal,116.18,101.84,0.797
2025-06-12T12:45:00,2,zone2,12,3,0,1,cloudy,25.94,76.0,680,4,0,0.132,135.37,155.84,143.31,91.18,0.798,0.2292,2,75.44,Aman,0,normal,182.22,137.11,2.506
2025-06-12T13:00:00,5,zone5,13,3,0,0,clear,29.22,65.96,360,2,0,0.017,73.84,66.76,58.17,45.14,1.241,0.1854,2,56.71,Aman,0,normal,83.0,77.06,0.33
2025-06-12T13:15:00,2,zone2,13,3,0,0,clear,34.88,55.77,680,4,0,0.071,138.73,169.14,167.0,58.3,1.158,0.2487,3,68.19,Aman,0,normal,168.78,132.13,2.036
2025-06-12T13:30:00,4,zone4,13,3,0,2,rain,29.68,95.44,810,5,0,0.119,71.99,58.26,36.43,72.41,1.293,0.0719,5,62.68,Aman,0,normal,20.8,65.23,2.469
2025-06-12T13:45:00,5,zone5,13,3,0,1,cloudy,25.91,61.56,360,2,0,0.142,58.61,64.13,92.92,64.69,1.069,0.1781,4,82.18,Aman,0,normal,54.58,61.84,0.403
2025-06-12T14:00:00,2,zone2,14,3,0,0,clear,30.95,66.05,680,4,0,0.078,124.31,129.05,139.06,64.46,0.998,0.1898,3,64.62,Aman,0,normal,147.02,128.66,1.02
2025-06-12T14:15:00,2,zone2,14,3,0,0,clear,33.63,64.31,680,4,0,0.154,86.89,78.32,127.72,58.93,0.883,0.1152,5,62.22,Aman,0,normal,96.46,84.27,0.677
2025-06-12T14:30:00,3,zone3,14,3,0,2,rain,27.97,73.28,430,2,0,0.114,26.25,11.2,23.15,37.56,1.314,0.026,6,68.92,Aman,0,normal,2.0,25.72,1.318
2025-06-12T14:45:00,4,zone4,14,3,0,1,cloudy,29.8,69.89,810,5,0,0.044,89.59,71.26,90.77,49.78,1.144,0.088,7,61.57,Aman,0,normal,82.81,99.25,0.914
2025-06-12T15:00:00,4,zone4,15,3,0,1,cloudy,26.83,69.0,810,5,0,0.064,113.94,124.42,114.05,77.91,0.716,0.1536,4,74.48,Aman,0,normal,122.65,117.87,0.265
2025-06-12T15:15:00,3,zone3,15,3,0,2,rain,29.78,84.31,430,2,0,0.109,84.12,66.8,61.75,41.8,1.004,0.1553,4,63.19,Aman,0,normal,51.95,84.65,1.816
2025-06-12T15:30:00,5,zone5,15,3,0,0,clear,30.55,71.97,360,2,0,0.09,56.12,30.15,30.3,64.03,1.299,0.0838,6,55.97,Aman,0,normal,14.9,49.9,1.944
2025-06-12T15:45:00,3,zone3,15,3,0,0,clear,29.28,79.98,430,2,0,0.097,112.39,134.17,133.83,58.42,0.989,0.312,4,74.17,Aman,0,normal,157.69,120.22,2.082
2025-06-12T16:00:00,3,zone3,16,3,0,3,storm,23.91,90.69,430,2,0,0.16,9.2,20.72,49.29,59.93,0.846,0.0482,2,64.91,Aman,0,normal,20.34,9.19,0.619
2025-06-12T16:15:00,1,zone1,16,3,0,0,clear,31.26,77.72,520,3,0,0.1,202.73,215.14,194.33,60.18,1.278,0.4137,6,59.96,Aman,0,normal,221.05,213.54,0.293
2025-06-12T16:30:00,3,zone3,16,3,0,0,clear,31.63,67.5,430,2,0,0.003,76.09,81.95,79.59,47.44,1.262,0.1906,5,60.27,Aman,0,normal,99.41,77.15,1.236
2025-06-12T16:45:00,1,zone1,16,3,0,2,rain,31.51,60.77,520,3,0,0.07,98.36,83.65,111.2,76.76,0.695,0.1609,7,60.38,Aman,0,normal,93.87,97.45,0.199
2025-06-12T17:00:00,1,zone1,17,3,0,1,cloudy,31.83,76.14,520,3,0,0.029,163.38,152.13,138.0,48.74,0.859,0.2926,2,81.5,Aman,0,normal,162.03,153.38,0.47
2025-06-12T17:15:00,1,zone1,17,3,0,0,clear,27.96,76.78,520,3,0,0.062,165.67,184.91,168.69,73.79,0.953,0.3556,2,73.36,Aman,0,normal,196.87,157.31,2.096
2025-06-12T17:30:00,4,zone4,17,3,0,0,clear,29.56,65.18,810,5,0,0.138,115.82,118.14,136.39,64.89,1.366,0.1459,4,69.33,Aman,0,normal,99.43,114.63,0.845
2025-06-12T17:45:00,3,zone3,17,3,0,0,clear,34.07,48.51,430,2,0,0.079,118.42,143.15,110.15,46.19,0.961,0.3329,5,67.47,Aman,1,density_spike,172.99,108.55,3.58
2025-06-12T18:00:00,5,zone5,18,3,0,0,clear,31.94,80.17,360,2,0,0.071,164.19,155.45,217.7,73.87,0.518,0.4318,7,83.18,Waspada,0,normal,141.97,162.32,1.045
2025-06-12T18:15:00,2,zone2,18,3,0,1,cloudy,27.04,84.39,680,4,0,0.128,155.01,149.82,195.66,61.42,0.984,0.2203,8,67.11,Aman,0,normal,167.74,172.7,0.24
2025-06-12T18:30:00,3,zone3,18,3,0,1,cloudy,31.84,60.61,430,2,0,0.01,70.76,57.8,50.21,63.81,1.136,0.1344,4,67.64,Aman,0,normal,51.29,72.6,1.184
2025-06-12T18:45:00,5,zone5,18,3,0,1,cloudy,27.4,75.56,360,2,0,0.053,103.96,103.73,116.53,30.05,0.893,0.2881,6,73.31,Aman,0,normal,82.59,90.4,0.434
2025-06-12T19:00:00,5,zone5,19,3,0,0,clear,26.77,65.02,360,2,0,0.022,145.74,163.09,187.78,45.87,0.655,0.453,3,70.65,Aman,0,normal,151.58,143.31,0.459
2025-06-12T19:15:00,1,zone1,19,3,0,0,clear,32.09,74.89,520,3,0,0.098,188.36,190.19,255.88,79.46,1.25,0.3657,4,68.71,Aman,0,normal,206.06,194.35,0.502
2025-06-12T19:30:00,2,zone2,19,3,0,0,clear,35.67,74.79,680,4,0,0.092,140.62,143.67,153.26,72.04,0.991,0.2113,5,72.14,Aman,0,normal,166.94,148.07,1.048
2025-06-12T19:45:00,1,zone1,19,3,0,3,storm,27.76,86.71,520,3,0,0.146,115.36,87.6,101.51,38.83,1.359,0.1685,4,63.17,Aman,0,normal,71.8,122.92,2.84
2025-06-12T20:00:00,1,zone1,20,3,0,0,clear,31.91,59.05,520,3,0,0.061,262.32,270.76,338.66,50.17,0.85,0.5207,2,70.05,Waspada,0,normal,280.34,261.21,0.61
2025-06-12T20:15:00,3,zone3,20,3,0,1,cloudy,26.35,77.9,430,2,0,0.093,117.51,146.95,163.54,48.23,0.856,0.3418,4,78.14,Aman,0,normal,122.21,128.24,0.335
2025-06-12T20:30:00,5,zone5,20,3,0,0,clear,29.05,60.7,360,2,0,0.17,112.1,119.11,163.96,82.61,0.744,0.3309,6,64.23,Aman,0,normal,128.36,114.8,0.753
2025-06-12T20:45:00,2,zone2,20,3,0,1,cloudy,33.11,67.41,680,4,0,0.081,157.8,170.45,207.28,51.36,0.983,0.2507,4,71.44,Aman,0,normal,137.7,144.16,0.359
2025-06-12T21:00:00,2,zone2,21,3,0,0,clear,26.33,68.67,680,4,0,0.094,144.53,125.74,159.72,81.51,1.111,0.1849,2,60.5,Aman,0,normal,161.62,147.21,0.8
2025-06-12T21:15:00,3,zone3,21,3,0,1,cloudy,29.76,77.27,430,2,0,0.004,113.49,84.78,65.16,60.84,0.903,0.1972,8,64.63,Aman,0,normal,85.96,106.91,1.164
2025-06-12T21:30:00,4,zone4,21,3,0,2,rain,23.38,82.2,810,5,0,0.04,144.58,147.4,166.53,77.86,1.101,0.182,5,66.84,Aman,0,normal,143.29,155.77,0.668
2025-06-12T21:45:00,1,zone1,21,3,0,0,clear,34.2,78.99,520,3,0,0.105,202.96,231.76,272.58,105.08,0.529,0.4457,4,69.03,Waspada,0,normal,243.26,197.05,1.954
2025-06-12T22:00:00,5,zone5,22,3,0,0,clear,33.59,73.64,360,2,0,0.018,106.23,117.75,124.54,56.43,1.047,0.3271,5,70.65,Aman,0,normal,122.87,110.61,0.681
2025-06-12T22:15:00,4,zone4,22,3,0,0,clear,28.25,58.53,810,5,0,0.039,68.24,67.63,46.17,49.71,1.349,0.0835,8,60.59,Aman,0,normal,50.6,75.99,1.41
2025-06-12T22:30:00,4,zone4,22,3,0,0,clear,29.42,57.64,810,5,0,0.053,130.63,142.68,124.53,70.37,0.903,0.1762,4,77.37,Aman,0,normal,137.94,115.78,1.231
2025-06-12T22:45:00,1,zone1,22,3,0,1,cloudy,27.75,67.35,520,3,0,0.164,204.1,208.37,213.62,89.89,1.179,0.4007,8,69.91,Waspada,0,normal,220.37,184.93,1.597
2025-06-12T23:00:00,3,zone3,23,3,0,0,clear,35.53,52.59,430,2,0,0.123,141.2,134.18,118.09,21.65,0.842,0.312,4,68.01,Aman,0,normal,121.59,155.17,1.803
2025-06-12T23:15:00,1,zone1,23,3,0,0,clear,34.15,78.8,520,3,0,0.098,169.37,178.53,176.44,78.87,1.162,0.3433,5,73.54,Aman,0,normal,167.85,157.07,0.572
2025-06-12T23:30:00,1,zone1,23,3,0,0,clear,31.06,74.52,520,3,0,0.107,197.4,194.41,186.85,67.28,0.855,0.3739,8,64.08,Aman,0,normal,236.08,200.91,1.459
2025-06-12T23:45:00,2,zone2,23,3,0,0,clear,32.09,62.36,680,4,0,0.05,109.16,98.98,102.48,34.26,1.552,0.1456,2,69.47,Aman,0,normal,84.19,115.13,1.719
2025-06-13T00:00:00,4,zone4,0,4,0,0,clear,32.46,72.95,810,5,0,0.035,34.17,47.01,37.19,43.2,1.342,0.058,8,56.1,Aman,0,normal,62.83,36.19,1.48
2025-06-13T00:15:00,5,zone5,0,4,0,1,cloudy,29.44,82.11,360,2,0,0.091,63.63,35.31,44.64,36.91,1.342,0.0981,7,67.63,Aman,0,normal,14.6,68.44,2.991
2025-06-13T00:30:00,1,zone1,0,4,0,1,cloudy,30.36,65.82,520,3,0,0.02,130.53,154.46,188.17,23.12,1.083,0.297,3,76.6,Aman,0,normal,160.78,145.18,0.867
2025-06-13T00:45:00,2,zone2,0,4,0,2,rain,26.66,71.99,680,4,0,0.13,72.93,61.91,67.19,57.56,1.113,0.0911,2,60.1,Aman,0,normal,45.78,64.61,1.046
2025-06-13T01:00:00,3,zone3,1,4,0,0,clear,30.0,63.66,430,2,0,0.151,117.46,135.57,131.32,61.94,0.941,0.3153,8,85.68,Aman,0,normal,132.56,101.87,1.705
2025-06-13T01:15:00,4,zone4,1,4,0,3,storm,25.76,89.23,810,5,0,0.103,8.77,4,17.11,33.08,1.25,0.0049,3,70.89,Aman,0,normal,-21.41,9.08,1.694
2025-06-13T01:30:00,1,zone1,1,4,0,0,clear,31.21,55.96,520,3,0,0.009,89.47,102.98,93.76,38.72,0.325,0.198,5,98.53,Aman,1,density_spike,232.48,78.25,5.516
2025-06-13T01:45:00,4,zone4,1,4,0,1,cloudy,30.26,74.67,810,5,1,0.648,61.82,93.82,124.28,99.14,1.328,0.1158,4,79.87,Aman,0,normal,110.93,66.0,2.496
2025-06-13T02:00:00,1,zone1,2,4,0,1,cloudy,33.41,83.23,520,3,0,0.083,124.06,95.06,100.22,63.48,1.218,0.1828,6,69.85,Aman,0,normal,82.57,135.23,2.925
2025-06-13T02:15:00,1,zone1,2,4,0,1,cloudy,31.37,86.61,520,3,0,0.157,90.71,89.33,115.51,78.92,1.269,0.1718,6,76.15,Aman,0,normal,84.55,78.16,0.355
2025-06-13T02:30:00,2,zone2,2,4,0,0,clear,31.81,74.29,680,4,0,0.026,75.29,110.76,117.88,48.74,1.073,0.1629,5,67.06,Aman,0,normal,83.6,68.95,0.813
2025-06-13T02:45:00,1,zone1,2,4,0,1,cloudy,26.25,79.36,520,3,0,0.148,93.54,83.7,90.6,52.24,1.057,0.161,3,67.47,Aman,0,normal,96.11,83.62,0.694
2025-06-13T03:00:00,4,zone4,3,4,0,1,cloudy,28.07,77.68,810,5,0,0.1,64.9,50.08,35.47,75.92,1.055,0.0618,5,67.6,Aman,0,normal,86.46,65.51,1.164
2025-06-13T03:15:00,1,zone1,3,4,0,0,clear,28.49,68.11,520,3,0,0.159,184.91,187.55,156.16,86.03,0.649,0.3607,4,84.03,Waspada,0,normal,150.72,191.44,1.773
2025-06-13T03:30:00,4,zone4,3,4,0,0,clear,28.23,70.81,810,5,1,0.455,80.94,125.68,130.5,94.27,1.221,0.1552,2,75.45,Aman,0,normal,116.18,70.29,2.549
2025-06-13T03:45:00,4,zone4,3,4,0,0,clear,27.97,58.87,810,5,1,0.764,164.66,185.16,212.66,169.44,0.759,0.2286,5,86.31,Waspada,0,normal,194.22,155.57,2.071
2025-06-13T04:00:00,5,zone5,4,4,0,0,clear,33.32,66.75,360,2,0,0.081,53.79,59.22,38.32,42.38,1.044,0.1645,3,66.94,Aman,0,normal,74.92,47.18,1.541
2025-06-13T04:15:00,2,zone2,4,4,0,2,rain,27.42,87.64,680,4,0,0.059,133.82,120.03,117.15,79.45,1.143,0.1765,5,66.06,Aman,0,normal,101.2,123.41,1.234
2025-06-13T04:30:00,1,zone1,4,4,0,0,clear,28.73,56.99,520,3,0,0.138,157.88,174.89,174.21,71.27,0.709,0.3363,2,77.73,Aman,0,normal,179.34,161.55,0.918
2025-06-13T04:45:00,4,zone4,4,4,0,1,cloudy,29.81,67.04,810,5,0,0.096,63.96,57.38,26.27,40.32,1.071,0.0708,6,55.85,Aman,0,normal,47.56,56.38,0.49
2025-06-13T05:00:00,5,zone5,5,4,0,0,clear,32.66,69.65,360,2,0,0.07,115.14,123.54,137.63,38.19,0.966,0.3432,5,71.5,Aman,0,normal,131.08,124.01,0.393
2025-06-13T05:15:00,1,zone1,5,4,0,0,clear,31.27,68.24,520,3,0,0.1,139.29,145.07,169.5,66.3,0.598,0.279,4,62.42,Aman,0,normal,119.17,143.86,1.372
2025-06-13T05:30:00,2,zone2,5,4,0,0,clear,29.15,59.87,680,4,0,0.074,79.94,123.97,110.62,50.28,0.865,0.1823,8,71.48,Aman,1,density_spike,143.8,83.64,3.343
2025-06-13T05:45:00,1,zone1,5,4,0,2,rain,29.15,77.91,520,3,0,0.097,139.06,87.37,87.13,44.51,0.26,0.168,6,101.89,Aman,1,density_spike,153.49,133.73,4.652
2025-06-13T06:00:00,3,zone3,6,4,0,2,rain,29.59,79.69,430,2,0,0.142,118.65,107.23,136.8,98.47,0.948,0.2494,2,73.51,Aman,0,normal,113.52,104.96,0.476
2025-06-13T06:15:00,3,zone3,6,4,0,0,clear,28.44,52.43,430,2,0,0.075,24.05,40.6,69.69,38.79,1.383,0.0944,4,67.93,Aman,0,normal,43.78,23.59,1.122
2025-06-13T06:30:00,1,zone1,6,4,0,0,clear,27.39,71.15,520,3,0,0.01,148.21,158.91,160.9,60.65,1.325,0.3056,3,67.57,Aman,0,normal,176.8,155.79,1.124
2025-06-13T06:45:00,2,zone2,6,4,0,0,clear,31.53,54.17,680,4,0,0.17,113.69,154.87,160.5,56.7,0.589,0.2277,8,105.68,Aman,1,density_spike,266.77,109.06,5.131
2025-06-13T07:00:00,4,zone4,7,4,0,3,storm,25.62,98,810,5,0,0.054,110.7,91.44,89.52,55.12,0.86,0.1129,7,64.9,Aman,0,normal,99.74,104.1,0.242
2025-06-13T07:15:00,4,zone4,7,4,0,0,clear,33.3,64.65,810,5,0,0.096,77.67,80.95,91.84,41.66,0.863,0.0999,7,74.45,Aman,0,normal,79.08,83.91,0.268
2025-06-13T07:30:00,4,zone4,7,4,0,2,rain,23.98,86.18,810,5,0,0.141,100.5,80.99,128.05,79.44,1.439,0.1,5,63.11,Aman,0,normal,77.73,108.8,1.726
2025-06-13T07:45:00,1,zone1,7,4,0,1,cloudy,22.23,63.84,520,3,0,0.115,200.24,246.9,256.31,93.03,1.061,0.4748,6,75.29,Waspada,0,normal,245.27,188.52,2.509
2025-06-13T08:00:00,2,zone2,8,4,0,0,clear,28.53,56.44,680,4,0,0.075,121.61,134.02,139.66,64.92,0.382,0.1971,4,80.71,Aman,1,density_spike,232.05,109.76,5.146
2025-06-13T08:15:00,1,zone1,8,4,0,1,cloudy,30.78,67.38,520,3,0,0.128,219.38,226.98,249.95,55.67,0.912,0.4365,2,70.15,Waspada,0,normal,243.13,222.14,0.788
2025-06-13T08:30:00,5,zone5,8,4,0,1,cloudy,28.86,77.01,360,2,0,0.095,95.13,71.6,95.35,54.18,1.121,0.1989,8,70.08,Aman,0,normal,100.95,82.89,1.003
2025-06-13T08:45:00,2,zone2,8,4,0,1,cloudy,31.6,71.46,680,4,0,0.144,162.55,169.53,162.68,57.87,1.148,0.2493,7,72.15,Aman,0,normal,156.95,145.8,0.619
2025-06-13T09:00:00,5,zone5,9,4,0,0,clear,27.3,79.72,360,2,0,0.036,80.39,74.87,36.63,60.84,0.806,0.208,2,72.55,Aman,0,normal,90.79,69.82,1.165
2025-06-13T09:15:00,1,zone1,9,4,0,0,clear,33.68,73.92,520,3,0,0.089,170.0,189.67,155.04,62.35,0.982,0.3648,7,59.86,Aman,0,normal,217.83,179.82,1.762
2025-06-13T09:30:00,5,zone5,9,4,0,3,storm,24.88,85.79,360,2,0,0.13,37.21,12.06,42.05,48.93,0.867,0.0335,2,65.52,Aman,0,normal,2.75,41.27,2.14
2025-06-13T09:45:00,1,zone1,9,4,0,0,clear,30.34,65.42,520,3,0,0.1,195.99,214.39,189.51,81.11,0.97,0.4123,5,71.57,Waspada,0,normal,223.55,189.73,1.485
2025-06-13T10:00:00,5,zone5,10,4,0,1,cloudy,25.45,60.28,360,2,0,0.111,124.18,154.43,135.2,32.54,0.132,0.429,4,102.17,Aman,1,density_spike,207.14,124.09,4.835
2025-06-13T10:15:00,2,zone2,10,4,0,1,cloudy,30.09,79.4,680,4,0,0.121,139.42,127.7,143.81,77.92,0.948,0.1878,2,71.58,Aman,0,normal,118.5,147.74,1.625
2025-06-13T10:30:00,4,zone4,10,4,0,3,storm,24.12,80.74,810,5,0,0.148,170.24,167.09,140.03,52.28,0.749,0.2063,4,73.77,Aman,0,normal,140.16,163.62,1.195
2025-06-13T10:45:00,5,zone5,10,4,0,1,cloudy,30.32,75.34,360,2,0,0.153,104.92,86.89,118.05,69.34,0.996,0.2414,4,66.06,Aman,0,normal,95.75,94.19,0.087
2025-06-13T11:00:00,4,zone4,11,4,0,2,rain,31.28,80.95,810,5,0,0.066,127.87,107.23,111.26,18.36,1.334,0.1324,7,64.11,Aman,0,normal,109.03,127.87,1.047
2025-06-13T11:15:00,3,zone3,11,4,0,0,clear,31.47,65.07,430,2,0,0.002,125.3,123.69,90.47,63.99,0.722,0.2877,4,78.14,Aman,0,normal,148.49,120.04,1.58
2025-06-13T11:30:00,5,zone5,11,4,0,3,storm,26.57,81.2,360,2,0,0.073,65.87,79.93,66.61,43.2,1.051,0.222,2,78.15,Aman,0,normal,76.28,71.73,0.253
2025-06-13T11:45:00,2,zone2,11,4,0,0,clear,31.45,51.08,680,4,0,0.105,171.49,194.13,187.46,69.87,1.193,0.2855,7,76.45,Aman,0,normal,218.82,187.87,1.373
2025-06-13T12:00:00,3,zone3,12,4,0,1,cloudy,26.48,68.88,430,2,0,0.107,92.47,91.07,85.42,66.23,1.244,0.2118,8,61.76,Aman,0,normal,90.71,83.39,0.407
2025-06-13T12:15:00,3,zone3,12,4,0,0,clear,33.14,72.3,430,2,0,0.178,109.37,104.08,120.61,77.17,1.196,0.242,5,77.37,Aman,0,normal,112.46,97.54,0.829
2025-06-13T12:30:00,3,zone3,12,4,0,1,cloudy,30.82,76.76,430,2,0,0.179,60.0,66.94,79.17,82.77,1.085,0.1557,2,57.41,Aman,0,normal,81.38,56.23,1.397
2025-06-13T12:45:00,4,zone4,12,4,0,1,cloudy,30.41,70.82,810,5,0,0.029,104.44,95.67,128.43,44.15,0.985,0.1181,3,61.01,Aman,0,normal,94.04,91.06,0.165
2025-06-13T13:00:00,3,zone3,13,4,0,0,clear,30.43,74.92,430,2,0,0.161,159.09,204.48,226.06,54.26,1.0,0.4755,6,71.99,Waspada,1,density_spike,221.16,154.09,3.627
2025-06-13T13:15:00,5,zone5,13,4,0,0,clear,34.21,66.57,360,2,0,0.086,113.61,141.62,121.03,68.27,0.741,0.3934,6,70.82,Aman,0,normal,148.13,107.59,2.252
2025-06-13T13:30:00,2,zone2,13,4,0,0,clear,24.99,59.81,680,4,0,0.005,150.48,124.12,92.21,56.07,1.087,0.1825,4,62.58,Aman,0,normal,126.85,166.64,1.99
2025-06-13T13:45:00,3,zone3,13,4,0,0,clear,34.32,72.81,430,2,1,0.711,110.69,132.86,174.19,114.4,1.101,0.309,8,94.5,Waspada,0,normal,139.05,110.36,1.594
2025-06-13T14:00:00,2,zone2,14,4,0,0,clear,28.84,68.11,680,4,0,0.135,123.06,121.26,120.29,53.54,0.984,0.1783,2,57.73,Aman,0,normal,108.44,132.39,1.331
2025-06-13T14:15:00,4,zone4,14,4,0,0,clear,29.45,64.29,810,5,0,0.14,65.63,88.31,78.89,52.8,1.493,0.109,5,58.34,Aman,0,normal,120.22,70.7,2.751
2025-06-13T14:30:00,1,zone1,14,4,0,0,clear,30.67,70.23,520,3,0,0.032,164.82,183.89,204.71,55.82,0.48,0.3536,4,101.39,Aman,1,density_spike,48.36,162.98,4.497
2025-06-13T14:45:00,2,zone2,14,4,0,1,cloudy,27.78,71.26,680,4,1,0.958,179.15,243.93,243.61,139.15,0.579,0.3587,4,83.69,Waspada,1,density_spike,254.85,165.89,4.468
2025-06-13T15:00:00,5,zone5,15,4,0,0,clear,31.06,74.89,360,2,0,0.146,74.99,104.39,154.56,58.17,1.155,0.29,6,71.92,Aman,0,normal,103.68,82.62,1.17
2025-06-13T15:15:00,5,zone5,15,4,0,2,rain,24.41,81.42,360,2,0,0.02,82.71,65.16,48.7,36.88,1.136,0.181,8,77.49,Aman,0,normal,86.12,73.67,0.692
2025-06-13T15:30:00,3,zone3,15,4,0,1,cloudy,25.65,80.62,430,2,0,0.139,161.22,174.34,170.48,51.2,0.734,0.4054,5,66.15,Aman,0,normal,199.39,151.38,2.642
2025-06-13T15:45:00,5,zone5,15,4,0,0,clear,31.1,51.52,360,2,0,0.0,71.34,40.95,54.69,24.19,1.266,0.1137,4,67.16,Aman,0,normal,41.73,61.54,1.101
2025-06-13T16:00:00,1,zone1,16,4,0,1,cloudy,33.39,80.07,520,3,0,0.031,155.2,155.04,123.44,82.48,0.945,0.2982,6,69.2,Aman,0,normal,168.29,156.57,0.624
2025-06-13T16:15:00,3,zone3,16,4,0,2,rain,28.15,74.09,430,2,0,0.031,92.65,77.05,83.5,59.4,1.256,0.1792,7,69.74,Aman,0,normal,75.5,100.99,1.417
2025-06-13T16:30:00,3,zone3,16,4,0,0,clear,35.1,71.8,430,2,0,0.123,134.7,124.58,141.12,33.34,0.959,0.2897,6,79.91,Aman,0,normal,143.97,122.59,1.188
2025-06-13T16:45:00,2,zone2,16,4,0,1,cloudy,31.28,61.71,680,4,0,0.146,178.14,152.18,140.56,81.81,1.077,0.2238,3,69.94,Aman,0,normal,143.91,193.95,2.15
2025-06-13T17:00:00,3,zone3,17,4,0,1,cloudy,29.24,63.68,430,2,0,0.163,56.49,29.68,49.01,65.84,1.077,0.069,5,70.41,Aman,0,normal,32.69,52.67,1.11
2025-06-13T17:15:00,3,zone3,17,4,0,1,cloudy,28.88,70.49,430,2,0,0.162,116.17,126.64,129.65,79.62,1.157,0.2945,2,64.42,Aman,0,normal,148.51,103.77,2.485
2025-06-13T17:30:00,3,zone3,17,4,0,0,clear,31.53,54.06,430,2,0,0.154,94.73,116.04,129.15,59.53,1.29,0.2699,2,73.88,Aman,0,normal,105.97,82.12,1.325
2025-06-13T17:45:00,5,zone5,17,4,0,2,rain,26.12,86.54,360,2,0,0.025,62.09,50.12,58.08,38.04,1.247,0.1392,4,64.97,Aman,0,normal,80.17,55.65,1.362
2025-06-13T18:00:00,1,zone1,18,4,0,0,clear,30.23,66.13,520,3,0,0.009,134.91,137.79,152.49,43.51,0.995,0.265,7,55.5,Aman,0,normal,157.65,121.4,2.014
2025-06-13T18:15:00,3,zone3,18,4,0,1,cloudy,26.5,71.53,430,2,0,0.126,143.82,152.41,195.18,68.88,0.968,0.3544,8,63.3,Aman,0,normal,163.66,154.7,0.483
2025-06-13T18:30:00,2,zone2,18,4,0,2,rain,29.73,70.72,680,4,0,0.106,111.46,104.31,163.89,28.76,1.233,0.1534,6,55.04,Aman,0,normal,117.03,103.82,0.734
2025-06-13T18:45:00,3,zone3,18,4,0,1,cloudy,27.98,76.77,430,2,0,0.149,103.53,120.55,147.29,36.02,1.158,0.2804,3,70.34,Aman,0,normal,105.64,102.01,0.201
2025-06-13T19:00:00,2,zone2,19,4,0,0,clear,30.5,59.09,680,4,0,0.155,148.88,175.53,220.31,54.73,0.946,0.2581,8,78.64,Aman,0,normal,155.16,148.68,0.36
2025-06-13T19:15:00,4,zone4,19,4,0,0,clear,35.88,77.41,810,5,0,0.054,161.88,145.3,189.25,59.14,1.215,0.1794,2,68.54,Aman,0,normal,131.55,150.73,1.061
2025-06-13T19:30:00,5,zone5,19,4,0,0,clear,31.03,78.68,360,2,1,0.457,102.0,139.44,187.6,92.1,0.95,0.3873,8,71.63,Waspada,0,normal,121.82,89.12,1.817
2025-06-13T19:45:00,4,zone4,19,4,0,2,rain,27.64,71.08,810,5,0,0.003,77.27,85.72,116.87,58.74,1.227,0.1058,4,66.89,Aman,0,normal,95.81,83.26,0.697
2025-06-13T20:00:00,5,zone5,20,4,0,0,clear,32.76,78.78,360,2,0,0.125,141.63,153.32,157.88,73.25,0.861,0.4259,2,67.25,Waspada,0,normal,202.05,152.4,2.715
2025-06-13T20:15:00,4,zone4,20,4,0,0,clear,34.79,75.03,810,5,0,0.128,151.28,176.14,216.61,58.03,1.098,0.2175,5,63.02,Aman,0,normal,144.6,156.58,0.637
2025-06-13T20:30:00,2,zone2,20,4,0,1,cloudy,27.77,64.0,680,4,0,0.116,152.82,180.32,236.45,65.74,1.31,0.2652,5,80.2,Aman,0,normal,191.15,142.86,2.683
2025-06-13T20:45:00,4,zone4,20,4,0,1,cloudy,29.19,80.65,810,5,0,0.065,104.85,124.07,128.36,33.57,1.254,0.1532,8,65.97,Aman,0,normal,120.02,97.73,1.239
2025-06-13T21:00:00,1,zone1,21,4,0,0,clear,30.42,73.78,520,3,0,0.018,197.44,199.65,253.18,41.3,0.886,0.3839,7,80.32,Aman,0,normal,202.78,184.53,0.824
2025-06-13T21:15:00,1,zone1,21,4,0,1,cloudy,21.71,62.19,520,3,0,0.048,205.61,193.89,243.37,74.62,0.785,0.3729,5,75.72,Aman,0,normal,227.25,218.13,0.349
2025-06-13T21:30:00,2,zone2,21,4,0,0,clear,30.17,67.64,680,4,0,0.075,145.39,170.47,212.48,82.25,1.039,0.2507,2,68.6,Aman,0,normal,153.24,137.84,0.855
2025-06-13T21:45:00,4,zone4,21,4,0,1,cloudy,27.72,71.23,810,5,0,0.016,108.07,103.24,159.09,23.77,0.938,0.1275,2,61.31,Aman,0,normal,100.14,104.94,0.267
2025-06-13T22:00:00,4,zone4,22,4,0,1,cloudy,31.32,85.36,810,5,0,0.082,78.44,73.13,54.39,58.74,1.016,0.0903,5,54.05,Aman,0,normal,38.25,74.62,2.021
2025-06-13T22:15:00,2,zone2,22,4,0,1,cloudy,31.18,78.02,680,4,0,0.042,167.22,178.06,122.65,85.87,1.156,0.2619,7,59.89,Aman,0,normal,175.2,145.27,1.663
2025-06-13T22:30:00,4,zone4,22,4,0,0,clear,28.41,65.54,810,5,0,0.104,111.15,103.21,127.15,64.4,1.27,0.1274,2,72.08,Aman,0,normal,106.86,107.49,0.035
2025-06-13T22:45:00,2,zone2,22,4,0,1,cloudy,31.62,75.14,680,4,0,0.165,134.96,137.63,146.11,49.69,1.114,0.2024,3,66.24,Aman,0,normal,99.78,120.29,1.139
2025-06-13T23:00:00,2,zone2,23,4,0,1,cloudy,28.99,68.91,680,4,0,0.16,101.98,97.57,105.77,65.63,0.39,0.1435,6,88.49,Aman,1,density_spike,143.73,107.85,5.429
2025-06-13T23:15:00,2,zone2,23,4,0,1,cloudy,28.98,75.51,680,4,0,0.156,73.11,56.97,65.72,58.35,1.029,0.0838,7,66.0,Aman,0,normal,42.79,65.5,1.262
2025-06-13T23:30:00,4,zone4,23,4,0,0,clear,31.44,74.19,810,5,0,0.101,101.35,85.92,60.63,73.89,1.338,0.1061,3,58.87,Aman,0,normal,108.79,97.76,0.613
2025-06-13T23:45:00,1,zone1,23,4,0,0,clear,29.62,65.93,520,3,0,0.104,219.53,244.7,206.32,126.59,1.212,0.4706,8,74.46,Waspada,0,normal,252.22,228.89,0.849
2025-06-14T00:00:00,2,zone2,0,5,1,1,cloudy,31.64,76.98,680,4,0,0.016,137.02,118.68,122.72,38.83,1.101,0.1745,4,69.86,Aman,1,density_spike,72.75,142.61,3.881
2025-06-14T00:15:00,1,zone1,0,5,1,1,cloudy,27.28,68.67,520,3,0,0.059,111.8,89.28,64.14,66.4,1.243,0.1717,6,73.15,Aman,0,normal,92.39,101.37,0.499
2025-06-14T00:30:00,5,zone5,0,5,1,0,clear,29.07,67.08,360,2,1,0.592,151.0,251.15,278.9,161.62,0.709,0.6976,8,87.4,Bahaya,1,density_spike,270.94,135.62,7.518
2025-06-14T00:45:00,4,zone4,0,5,1,1,cloudy,28.23,67.4,810,5,1,0.709,73.39,139.53,173.99,134.57,1.067,0.1723,3,76.83,Waspada,0,normal,119.74,77.54,2.344
2025-06-14T01:00:00,1,zone1,1,5,1,0,clear,31.07,67.61,520,3,0,0.045,177.04,167.63,188.3,45.65,1.038,0.3224,5,65.94,Aman,0,normal,158.64,154.76,0.209
2025-06-14T01:15:00,1,zone1,1,5,1,0,clear,31.74,70.84,520,3,1,0.467,152.28,210.22,233.4,129.48,0.708,0.4043,5,86.45,Waspada,1,density_spike,249.81,152.75,5.295
2025-06-14T01:30:00,3,zone3,1,5,1,2,rain,26.35,85.66,430,2,0,0.059,72.9,56.02,72.06,66.95,0.469,0.1303,6,103.82,Aman,1,density_spike,171.12,74.66,5.225
2025-06-14T01:45:00,4,zone4,1,5,1,2,rain,28.0,82.87,810,5,1,0.71,103.84,140.18,174.16,123.24,1.132,0.1731,6,81.87,Waspada,0,normal,128.4,114.21,0.788
2025-06-14T02:00:00,3,zone3,2,5,1,0,clear,28.51,68.04,430,2,0,0.145,70.81,60.0,52.72,77.33,1.233,0.1395,2,69.3,Aman,0,normal,76.28,74.64,0.091
2025-06-14T02:15:00,2,zone2,2,5,1,1,cloudy,32.23,74.57,680,4,0,0.073,38.81,69.6,96.52,71.88,1.117,0.1024,3,66.16,Aman,0,normal,90.31,41.68,2.702
2025-06-14T02:30:00,1,zone1,2,5,1,0,clear,27.34,63.61,520,3,0,0.137,164.38,166.59,159.51,76.31,1.056,0.3204,2,74.27,Aman,0,normal,165.43,174.02,0.411
2025-06-14T02:45:00,4,zone4,2,5,1,1,cloudy,28.04,72.83,810,5,0,0.05,134.66,129.95,148.71,46.88,0.788,0.1604,6,72.51,Aman,0,normal,112.42,150.75,2.119
2025-06-14T03:00:00,3,zone3,3,5,1,0,clear,31.94,58.12,430,2,0,0.074,122.7,124.7,144.5,63.26,0.724,0.29,6,73.47,Aman,0,normal,103.27,109.65,0.355
2025-06-14T03:15:00,2,zone2,3,5,1,0,clear,29.2,72.38,680,4,1,0.591,126.54,159.69,194.05,90.69,1.202,0.2348,2,94.12,Waspada,0,normal,150.02,127.55,1.248
2025-06-14T03:30:00,2,zone2,3,5,1,2,rain,23.84,81.09,680,4,0,0.177,147.65,133.58,164.33,102.6,0.745,0.1964,6,75.53,Aman,1,density_spike,83.14,148.2,3.614
2025-06-14T03:45:00,4,zone4,3,5,1,1,cloudy,24.43,71.66,810,5,0,0.034,97.02,76.46,82.45,50.13,1.392,0.0944,2,65.8,Aman,0,normal,102.46,89.67,0.711
2025-06-14T04:00:00,5,zone5,4,5,1,0,clear,31.74,61.12,360,2,0,0.138,112.87,121.5,168.23,71.64,0.977,0.3375,7,57.97,Aman,0,normal,98.13,101.37,0.18
2025-06-14T04:15:00,3,zone3,4,5,1,1,cloudy,26.08,72.91,430,2,0,0.154,70.27,69.3,48.13,62.15,1.215,0.1612,3,63.72,Aman,0,normal,106.13,75.85,1.682
2025-06-14T04:30:00,1,zone1,4,5,1,1,cloudy,33.15,64.89,520,3,0,0.116,138.82,145.03,156.74,23.54,1.319,0.2789,4,63.39,Aman,0,normal,131.26,124.85,0.356
2025-06-14T04:45:00,1,zone1,4,5,1,1,cloudy,33.2,87.34,520,3,0,0.077,146.17,150.38,120.75,59.32,1.442,0.2892,5,79.62,Aman,0,normal,137.31,146.43,0.506
2025-06-14T05:00:00,1,zone1,5,5,1,1,cloudy,29.26,81.89,520,3,0,0.072,193.03,189.62,166.54,84.95,1.249,0.3647,5,74.29,Aman,0,normal,200.46,194.7,0.247
2025-06-14T05:15:00,3,zone3,5,5,1,2,rain,25.88,73.36,430,2,1,0.586,117.25,131.17,158.77,114.91,0.498,0.305,2,87.21,Waspada,1,density_spike,185.57,103.79,4.637
2025-06-14T05:30:00,3,zone3,5,5,1,0,clear,27.82,71.8,430,2,0,0.136,120.19,134.65,123.28,33.82,1.001,0.3131,7,72.47,Aman,0,normal,136.0,118.5,0.972
2025-06-14T05:45:00,2,zone2,5,5,1,2,rain,21.71,87.97,680,4,0,0.056,117.77,98.07,125.24,58.11,0.932,0.1442,2,64.24,Aman,0,normal,103.09,108.19,0.283
2025-06-14T06:00:00,1,zone1,6,5,1,1,cloudy,24.85,84.42,520,3,0,0.058,125.02,100.18,59.74,18.53,0.984,0.1927,4,72.53,Aman,0,normal,112.02,138.76,1.485
2025-06-14T06:15:00,3,zone3,6,5,1,0,clear,30.8,54.09,430,2,0,0.046,152.42,184.33,196.11,46.34,0.912,0.4287,6,72.03,Aman,0,normal,168.7,164.18,0.23
2025-06-14T06:30:00,5,zone5,6,5,1,0,clear,34.12,71.01,360,2,0,0.108,53.91,76.95,80.48,55.62,1.034,0.2137,8,59.9,Aman,0,normal,67.99,50.84,0.953
2025-06-14T06:45:00,2,zone2,6,5,1,1,cloudy,32.24,90.03,680,4,0,0.098,173.2,172.39,166.51,70.97,1.225,0.2535,8,68.68,Aman,0,normal,158.46,165.69,0.364
2025-06-14T07:00:00,5,zone5,7,5,1,0,clear,33.96,81.5,360,2,0,0.113,132.72,143.2,132.04,62.05,0.838,0.3978,4,78.22,Aman,0,normal,119.44,123.89,0.247
2025-06-14T07:15:00,2,zone2,7,5,1,0,clear,34.29,59.03,680,4,0,0.036,164.89,151.41,132.88,57.93,1.115,0.2227,6,71.2,Aman,0,normal,132.9,163.48,1.559
2025-06-14T07:30:00,5,zone5,7,5,1,0,clear,27.22,71.91,360,2,0,0.107,88.96,88.32,87.77,50.44,1.24,0.2453,7,66.08,Aman,0,normal,112.38,81.65,1.707
2025-06-14T07:45:00,4,zone4,7,5,1,0,clear,33.36,74.32,810,5,1,0.745,175.18,212.02,237.33,136.49,0.907,0.2618,7,79.41,Waspada,0,normal,221.1,171.37,2.418
2025-06-14T08:00:00,2,zone2,8,5,1,0,clear,34.7,76.24,680,4,0,0.108,194.05,202.51,195.66,98.84,0.937,0.2978,8,72.53,Aman,0,normal,208.53,211.87,0.132
2025-06-14T08:15:00,1,zone1,8,5,1,0,clear,28.63,67.7,520,3,1,0.665,153.49,187.94,204.13,122.61,1.146,0.3614,8,72.76,Waspada,1,density_spike,208.98,139.18,3.878
2025-06-14T08:30:00,5,zone5,8,5,1,0,clear,34.13,84.42,360,2,1,0.578,112.08,145.49,167.73,108.37,0.261,0.4041,5,103.43,Waspada,1,density_spike,44.9,111.45,4.202
2025-06-14T08:45:00,1,zone1,8,5,1,0,clear,34.45,77.9,520,3,1,0.742,277.54,317.99,328.34,156.96,0.617,0.6115,6,80.79,Bahaya,0,normal,304.8,310.01,0.14
2025-06-14T09:00:00,2,zone2,9,5,1,1,cloudy,31.15,63.43,680,4,1,0.524,158.05,209.04,232.04,91.14,0.331,0.3074,6,104.28,Waspada,1,density_spike,544.31,159.53,5.321
2025-06-14T09:15:00,4,zone4,9,5,1,0,clear,32.9,68.79,810,5,0,0.089,44.61,36.53,74.49,74.41,1.185,0.0451,3,58.84,Aman,0,normal,27.47,46.41,1.052
2025-06-14T09:30:00,2,zone2,9,5,1,0,clear,35.86,65.53,680,4,1,0.459,177.18,185.58,192.15,115.88,1.129,0.2729,8,82.63,Waspada,0,normal,191.94,197.54,0.236
2025-06-14T09:45:00,3,zone3,9,5,1,0,clear,29.85,69.11,430,2,0,0.089,148.85,152.74,153.32,81.53,0.942,0.3552,8,68.78,Aman,0,normal,151.51,128.42,1.283
2025-06-14T10:00:00,2,zone2,10,5,1,1,cloudy,31.78,82.63,680,4,0,0.073,87.16,129.37,114.88,72.11,1.507,0.1903,7,68.07,Aman,0,normal,123.9,90.36,1.864
2025-06-14T10:15:00,1,zone1,10,5,1,0,clear,29.8,74.67,520,3,1,0.74,244.2,288.08,326.69,136.34,0.988,0.554,6,86.02,Bahaya,0,normal,317.83,271.52,1.421
2025-06-14T10:30:00,3,zone3,10,5,1,0,clear,29.27,60.92,430,2,0,0.058,168.94,161.25,148.15,79.55,0.699,0.375,8,64.05,Waspada,0,normal,121.94,170.57,2.376
2025-06-14T10:45:00,4,zone4,10,5,1,1,cloudy,27.92,66.2,810,5,0,0.07,162.86,162.25,202.75,57.89,0.482,0.2003,7,93.07,Aman,1,density_spike,38.78,169.14,6.109
2025-06-14T11:00:00,4,zone4,11,5,1,1,cloudy,31.34,79.46,810,5,1,0.596,150.98,175.93,203.55,117.93,0.938,0.2172,3,90.0,Waspada,0,normal,158.67,156.94,0.092
2025-06-14T11:15:00,2,zone2,11,5,1,0,clear,33.24,49.87,680,4,0,0.073,131.09,145.23,168.22,69.99,1.184,0.2136,3,73.45,Aman,0,normal,132.38,133.78,0.078
2025-06-14T11:30:00,2,zone2,11,5,1,0,clear,32.01,71.32,680,4,0,0.165,155.55,154.71,138.98,67.31,1.136,0.2275,7,77.51,Aman,0,normal,161.68,143.94,0.985
2025-06-14T11:45:00,2,zone2,11,5,1,1,cloudy,29.45,73.31,680,4,1,0.603,170.9,224.53,242.84,141.97,1.098,0.3302,3,78.71,Waspada,0,normal,209.45,161.24,2.492
2025-06-14T12:00:00,3,zone3,12,5,1,1,cloudy,35.0,86.49,430,2,1,0.664,131.38,175.67,194.33,97.26,1.072,0.4085,2,85.26,Waspada,0,normal,172.61,126.43,2.566
2025-06-14T12:15:00,2,zone2,12,5,1,1,cloudy,25.89,80.61,680,4,0,0.113,171.82,188.69,174.72,57.33,1.061,0.2775,2,69.33,Aman,0,normal,183.96,165.57,0.926
2025-06-14T12:30:00,4,zone4,12,5,1,0,clear,33.48,71.35,810,5,0,0.001,140.21,145.95,168.48,59.66,1.204,0.1802,4,69.9,Aman,0,normal,166.86,147.12,1.097
2025-06-14T12:45:00,1,zone1,12,5,1,0,clear,28.97,70.7,520,3,0,0.003,189.24,160.69,169.11,48.85,1.119,0.309,5,78.07,Aman,0,normal,144.33,183.89,1.793
2025-06-14T13:00:00,1,zone1,13,5,1,0,clear,30.48,66.14,520,3,0,0.145,150.42,187.88,196.15,55.62,1.138,0.3613,5,66.68,Aman,0,normal,179.17,146.88,1.794
2025-06-14T13:15:00,1,zone1,13,5,1,0,clear,35.24,66.76,520,3,0,0.106,220.06,214.64,180.37,86.85,0.251,0.4128,8,89.97,Waspada,1,density_spike,603.17,218.21,5.023
2025-06-14T13:30:00,3,zone3,13,5,1,1,cloudy,32.36,76.96,430,2,0,0.037,122.26,96.81,97.31,61.63,1.119,0.2251,5,69.16,Aman,1,density_spike,58.72,127.99,3.848
2025-06-14T13:45:00,1,zone1,13,5,1,1,cloudy,28.18,66.13,520,3,0,0.059,134.48,141.42,132.82,87.1,1.092,0.272,3,64.32,Aman,0,normal,100.97,121.36,1.133
2025-06-14T14:00:00,5,zone5,14,5,1,3,storm,21.72,72.51,360,2,0,0.055,93.71,103.96,90.33,42.31,0.964,0.2888,7,69.28,Aman,0,normal,62.93,99.46,2.029
2025-06-14T14:15:00,4,zone4,14,5,1,0,clear,28.7,48,810,5,0,0.087,98.29,70.95,61.12,74.09,1.267,0.0876,5,69.94,Aman,0,normal,99.91,99.24,0.037
2025-06-14T14:30:00,3,zone3,14,5,1,0,clear,32.13,53.98,430,2,0,0.108,156.41,160.45,160.33,50.14,0.302,0.3731,4,83.88,Aman,1,density_spike,362.6,142.36,5.76
2025-06-14T14:45:00,1,zone1,14,5,1,0,clear,34.17,59.42,520,3,0,0.103,157.74,180.71,189.81,86.59,1.021,0.3475,4,67.98,Aman,0,normal,162.93,147.05,0.882
2025-06-14T15:00:00,5,zone5,15,5,1,2,rain,27.51,74.42,360,2,0,0.135,62.96,54.75,75.72,53.99,1.116,0.1521,2,73.07,Aman,0,normal,67.32,62.68,0.258
2025-06-14T15:15:00,3,zone3,15,5,1,1,cloudy,31.81,78.01,430,2,0,0.075,62.36,53.88,66.67,78.95,0.929,0.1253,4,56.5,Aman,0,normal,25.38,53.71,1.574
2025-06-14T15:30:00,2,zone2,15,5,1,0,clear,31.23,74.92,680,4,0,0.096,122.77,128.46,118.76,79.84,1.167,0.1889,2,66.79,Aman,0,normal,103.55,107.04,0.194
2025-06-14T15:45:00,2,zone2,15,5,1,0,clear,35.13,65.53,680,4,0,0.031,102.2,101.55,104.94,35.2,0.991,0.1493,2,66.08,Aman,0,normal,108.64,95.05,0.755
2025-06-14T16:00:00,5,zone5,16,5,1,1,cloudy,29.58,84.16,360,2,0,0.148,33.45,38.12,56.65,35.05,0.825,0.1059,4,68.05,Aman,0,normal,21.19,29.72,0.474
2025-06-14T16:15:00,3,zone3,16,5,1,0,clear,28.47,62.84,430,2,1,0.563,191.93,211.5,256.4,108.46,0.472,0.4919,2,102.88,Waspada,1,density_spike,352.02,177.6,4.912
2025-06-14T16:30:00,2,zone2,16,5,1,1,cloudy,30.24,63.05,680,4,0,0.03,135.36,154.36,152.11,52.95,0.321,0.227,6,79.24,Aman,1,density_spike,35.39,128.1,5.718
2025-06-14T16:45:00,5,zone5,16,5,1,1,cloudy,33.9,80.98,360,2,0,0.085,152.89,125.92,132.67,68.57,0.958,0.3498,4,68.61,Aman,1,density_spike,65.86,158.79,4.877
2025-06-14T17:00:00,2,zone2,17,5,1,0,clear,29.19,61.74,680,4,0,0.13,145.83,178.26,201.03,50.36,0.455,0.2621,6,98.34,Aman,1,density_spike,465.11,154.48,4.218
2025-06-14T17:15:00,3,zone3,17,5,1,0,clear,27.21,75.83,430,2,0,0.087,194.84,209.68,245.64,43.38,0.973,0.4876,5,75.31,Waspada,0,normal,257.94,213.9,1.716
2025-06-14T17:30:00,1,zone1,17,5,1,3,storm,27.14,80.37,520,3,0,0.161,104.18,92.59,94.44,73.32,1.003,0.178,4,67.28,Aman,0,normal,115.34,104.45,0.605
2025-06-14T17:45:00,2,zone2,17,5,1,0,clear,31.5,78.95,680,4,0,0.04,92.83,75.39,82.2,5.75,0.923,0.1109,3,64.76,Aman,0,normal,73.11,99.45,1.463
2025-06-14T18:00:00,4,zone4,18,5,1,0,clear,31.55,66.11,810,5,0,0.144,126.95,132.39,177.18,56.98,0.924,0.1634,4,66.93,Aman,0,normal,117.9,135.29,0.966
2025-06-14T18:15:00,5,zone5,18,5,1,0,clear,30.47,69.34,360,2,0,0.156,126.67,123.93,117.68,66.46,0.786,0.3443,2,69.49,Aman,0,normal,124.17,128.07,0.216
2025-06-14T18:30:00,5,zone5,18,5,1,1,cloudy,28.45,70.81,360,2,0,0.03,109.43,116.17,117.19,52.39,0.65,0.3227,2,62.98,Aman,0,normal,92.28,98.41,0.341
2025-06-14T18:45:00,5,zone5,18,5,1,0,clear,28.65,65.86,360,2,0,0.133,85.43,97.65,113.53,84.88,0.929,0.2712,6,64.5,Aman,0,normal,70.93,84.82,0.771
2025-06-14T19:00:00,1,zone1,19,5,1,1,cloudy,29.56,75.96,520,3,0,0.165,227.07,182.96,235.24,76.07,0.917,0.3519,5,63.98,Aman,0,normal,144.99,203.78,2.404
2025-06-14T19:15:00,5,zone5,19,5,1,1,cloudy,27.85,82.45,360,2,0,0.119,91.06,85.08,108.78,57.54,1.016,0.2363,5,63.24,Aman,0,normal,96.93,95.59,0.075
2025-06-14T19:30:00,2,zone2,19,5,1,0,clear,30.0,61.6,680,4,0,0.002,175.77,184.21,235.62,87.28,1.142,0.2709,4,74.75,Aman,0,normal,186.47,182.3,0.191
2025-06-14T19:45:00,3,zone3,19,5,1,0,clear,33.21,69.12,430,2,1,0.713,162.85,221.91,290.68,125.4,1.184,0.5161,4,81.77,Bahaya,0,normal,221.17,181.2,1.838
2025-06-14T20:00:00,3,zone3,20,5,1,2,rain,26.11,84.93,430,2,0,0.117,130.39,78.35,135.82,53.37,1.181,0.1822,6,68.58,Aman,1,density_spike,43.56,133.42,4.992
2025-06-14T20:15:00,1,zone1,20,5,1,1,cloudy,33.47,71.61,520,3,0,0.079,266.4,246.43,277.53,79.88,0.855,0.4739,7,67.5,Waspada,0,normal,233.6,264.6,0.976
2025-06-14T20:30:00,4,zone4,20,5,1,1,cloudy,28.38,84.19,810,5,0,0.165,156.32,141.75,208.57,34.37,1.132,0.175,3,66.57,Aman,0,normal,142.94,153.93,0.595
2025-06-14T20:45:00,1,zone1,20,5,1,0,clear,32.9,71.88,520,3,0,0.066,188.84,214.59,295.79,55.24,0.736,0.4127,3,61.2,Aman,0,normal,203.14,197.3,0.247
2025-06-14T21:00:00,1,zone1,21,5,1,0,clear,36.29,73.7,520,3,0,0.127,252.55,290.07,351.86,97.34,0.467,0.5578,4,75.81,Waspada,0,normal,265.63,265.71,0.002
2025-06-14T21:15:00,1,zone1,21,5,1,2,rain,27.26,70.58,520,3,0,0.054,168.76,170.66,177.24,39.88,1.212,0.3282,4,60.77,Aman,0,normal,163.02,185.57,1.013
2025-06-14T21:30:00,5,zone5,21,5,1,0,clear,30.63,82.77,360,2,1,0.452,133.4,174.24,221.17,99.62,0.815,0.484,8,75.31,Waspada,1,density_spike,178.01,118.15,3.325
2025-06-14T21:45:00,4,zone4,21,5,1,0,clear,34.21,66.75,810,5,0,0.127,109.45,92.75,104.07,65.9,1.018,0.1145,7,67.57,Aman,0,normal,83.1,105.66,1.253
2025-06-14T22:00:00,2,zone2,22,5,1,3,storm,24.03,86.63,680,4,0,0.005,151.27,118.54,148.35,45.9,0.884,0.1743,5,62.48,Aman,0,normal,125.5,152.04,1.454
2025-06-14T22:15:00,5,zone5,22,5,1,1,cloudy,31.9,91.39,360,2,0,0.074,129.85,188.1,185.32,65.08,0.45,0.5225,4,82.34,Waspada,1,density_spike,194.85,139.97,3.049
2025-06-14T22:30:00,2,zone2,22,5,1,0,clear,32.08,76.03,680,4,0,0.007,166.81,185.97,165.77,65.21,0.89,0.2735,7,68.12,Aman,0,normal,195.69,163.07,1.667
2025-06-14T22:45:00,4,zone4,22,5,1,0,clear,29.12,69.75,810,5,0,0.111,132.25,142.83,123.99,30.48,1.196,0.1763,4,72.51,Aman,0,normal,129.24,115.54,0.761
2025-06-14T23:00:00,2,zone2,23,5,1,0,clear,29.59,67.57,680,4,1,0.57,185.42,208.76,248.75,105.39,0.889,0.307,6,71.67,Waspada,0,normal,174.41,182.89,0.386
2025-06-14T23:15:00,1,zone1,23,5,1,0,clear,31.7,60.05,520,3,1,0.569,255.64,304.25,286.22,104.36,1.283,0.5851,7,81.31,Waspada,0,normal,251.98,275.13,0.701
2025-06-14T23:30:00,3,zone3,23,5,1,1,cloudy,29.21,76.85,430,2,0,0.046,96.31,91.88,103.54,45.67,1.288,0.2137,3,66.98,Aman,0,normal,86.87,106.0,1.063
2025-06-14T23:45:00,3,zone3,23,5,1,1,cloudy,24.83,77.11,430,2,0,0.149,170.72,183.82,193.65,76.52,0.726,0.4275,6,73.14,Waspada,0,normal,193.75,177.36,0.77
2025-06-15T00:00:00,5,zone5,0,6,1,0,clear,30.99,63.99,360,2,0,0.089,87.5,100.37,89.15,26.79,0.973,0.2788,7,62.82,Aman,0,normal,90.83,80.78,0.558
2025-06-15T00:15:00,1,zone1,0,6,1,0,clear,30.3,67.66,520,3,0,0.096,174.17,206.55,226.46,47.46,0.998,0.3972,6,66.86,Aman,0,normal,182.93,164.28,0.946
2025-06-15T00:30:00,3,zone3,0,6,1,1,cloudy,34.37,91.17,430,2,0,0.073,97.28,84.88,60.7,64.73,0.376,0.1974,7,96.78,Aman,1,density_spike,20.34,88.19,3.705
2025-06-15T00:45:00,3,zone3,0,6,1,3,storm,29.09,95.98,430,2,0,0.06,57.11,16.2,4,55.1,1.334,0.0377,2,71.83,Aman,0,normal,19.53,49.66,1.674
2025-06-15T01:00:00,3,zone3,1,6,1,0,clear,30.85,68.44,430,2,0,0.026,111.96,99.2,96.7,86.48,0.979,0.2307,8,68.59,Aman,0,normal,105.07,125.14,1.115
2025-06-15T01:15:00,2,zone2,1,6,1,0,clear,31.78,76.54,680,4,0,0.118,198.36,193.74,167.71,77.57,1.05,0.2849,8,72.01,Aman,0,normal,217.81,180.51,1.722
2025-06-15T01:30:00,3,zone3,1,6,1,0,clear,32.03,68.07,430,2,0,0.175,126.79,163.57,165.61,106.81,0.833,0.3804,3,76.18,Waspada,0,normal,165.82,122.22,2.423
2025-06-15T01:45:00,1,zone1,1,6,1,0,clear,28.56,70.38,520,3,0,0.077,109.46,117.62,123.39,74.71,0.685,0.2262,3,64.36,Aman,0,normal,94.3,118.81,1.362
2025-06-15T02:00:00,5,zone5,2,6,1,0,clear,33.12,62.05,360,2,0,0.032,74.81,95.26,96.11,35.57,1.125,0.2646,5,71.79,Aman,0,normal,91.72,80.81,0.606
2025-06-15T02:15:00,2,zone2,2,6,1,0,clear,31.47,74.99,680,4,0,0.115,167.45,191.65,179.35,86.29,1.157,0.2818,4,64.88,Aman,0,normal,182.68,156.57,1.389
2025-06-15T02:30:00,3,zone3,2,6,1,2,rain,29.63,66.15,430,2,0,0.13,58.89,69.64,63.7,31.6,0.871,0.162,8,62.99,Aman,0,normal,76.89,62.1,0.822
2025-06-15T02:45:00,4,zone4,2,6,1,0,clear,34.78,62.98,810,5,0,0.054,102.82,129.03,141.62,75.67,0.908,0.1593,5,63.01,Aman,0,normal,125.08,95.68,1.634
2025-06-15T03:00:00,3,zone3,3,6,1,0,clear,33.47,59.89,430,2,0,0.135,71.37,72.1,104.0,76.16,1.261,0.1677,6,62.62,Aman,0,normal,73.97,75.33,0.076
2025-06-15T03:15:00,1,zone1,3,6,1,0,clear,31.51,67.32,520,3,0,0.17,92.65,79.91,108.76,47.56,0.915,0.1537,2,71.94,Aman,0,normal,59.71,88.83,1.618
2025-06-15T03:30:00,2,zone2,3,6,1,1,cloudy,29.81,72.82,680,4,0,0.17,72.05,53.32,104.48,50.13,1.57,0.0784,5,60.89,Aman,0,normal,105.7,64.17,2.307
2025-06-15T03:45:00,2,zone2,3,6,1,1,cloudy,27.6,68.12,680,4,0,0.139,104.24,98.51,117.4,76.75,1.324,0.1449,8,67.18,Aman,0,normal,81.82,100.64,1.045
2025-06-15T04:00:00,2,zone2,4,6,1,1,cloudy,27.51,61.07,680,4,0,0.135,138.92,115.55,113.79,75.57,1.179,0.1699,8,52.63,Aman,0,normal,96.99,123.44,1.47
2025-06-15T04:15:00,3,zone3,4,6,1,1,cloudy,28.7,72.78,430,2,1,0.675,98.87,164.02,199.67,108.35,0.918,0.3814,3,86.18,Waspada,1,density_spike,161.54,94.03,3.751
2025-06-15T04:30:00,1,zone1,4,6,1,0,clear,37.38,55.29,520,3,0,0.044,151.7,150.08,146.88,47.02,1.108,0.2886,3,69.75,Aman,0,normal,142.97,163.32,1.039
2025-06-15T04:45:00,5,zone5,4,6,1,1,cloudy,27.52,74.22,360,2,0,0.149,61.14,59.77,57.14,65.19,1.149,0.166,5,73.35,Aman,0,normal,66.25,61.23,0.279
2025-06-15T05:00:00,1,zone1,5,6,1,3,storm,23.23,94.01,520,3,0,0.128,121.76,105.74,126.34,40.48,1.448,0.2033,2,75.51,Aman,0,normal,131.91,132.63,0.04
2025-06-15T05:15:00,5,zone5,5,6,1,3,storm,25.35,98,360,2,0,0.013,8,4,8.85,64.74,1.483,0.0111,3,69.09,Aman,0,normal,-2.45,8,0.58
2025-06-15T05:30:00,1,zone1,5,6,1,0,clear,30.11,64.59,520,3,0,0.077,122.17,116.82,66.89,62.13,0.994,0.2247,6,70.04,Aman,0,normal,140.86,130.07,0.599
2025-06-15T05:45:00,4,zone4,5,6,1,0,clear,33.97,60.39,810,5,0,0.141,131.1,123.91,83.09,89.78,0.573,0.153,4,84.87,Aman,0,normal,125.27,130.5,0.29
2025-06-15T06:00:00,1,zone1,6,6,1,0,clear,33.51,75.94,520,3,1,0.912,219.28,271.53,351.93,132.03,1.262,0.5222,3,89.04,Bahaya,0,normal,255.68,217.66,1.456
2025-06-15T06:15:00,5,zone5,6,6,1,0,clear,33.27,74.29,360,2,0,0.174,93.95,96.2,88.41,91.13,0.997,0.2672,5,70.01,Aman,0,normal,110.22,84.5,1.429
2025-06-15T06:30:00,1,zone1,6,6,1,0,clear,32.58,69.85,520,3,0,0.166,221.29,240.61,211.87,91.29,0.793,0.4627,4,68.2,Waspada,0,normal,253.14,247.75,0.181
2025-06-15T06:45:00,1,zone1,6,6,1,0,clear,30.52,76.64,520,3,0,0.051,216.66,246.14,252.17,49.2,0.804,0.4733,6,76.14,Waspada,0,normal,235.39,220.38,0.568
2025-06-15T07:00:00,5,zone5,7,6,1,0,clear,28.92,60.77,360,2,1,0.653,86.28,110.91,124.68,119.19,0.92,0.3081,4,87.43,Waspada,0,normal,118.14,94.08,1.336
2025-06-15T07:15:00,1,zone1,7,6,1,0,clear,30.48,64.15,520,3,0,0.024,165.76,164.03,161.49,56.82,1.049,0.3154,2,73.84,Aman,0,normal,142.59,154.38,0.636
2025-06-15T07:30:00,1,zone1,7,6,1,3,storm,24.5,98,520,3,0,0.117,147.06,117.54,125.14,41.21,1.11,0.226,2,69.47,Aman,1,density_spike,95.91,157.55,3.26
2025-06-15T07:45:00,1,zone1,7,6,1,0,clear,31.92,71.9,520,3,0,0.001,203.44,213.72,236.55,88.09,1.221,0.411,7,65.36,Waspada,0,normal,209.85,204.37,0.223
2025-06-15T08:00:00,5,zone5,8,6,1,0,clear,33.12,65.77,360,2,0,0.028,140.03,141.98,137.53,57.31,1.19,0.3944,6,77.48,Aman,0,normal,118.83,124.64,0.323
2025-06-15T08:15:00,2,zone2,8,6,1,0,clear,31.3,57.21,680,4,1,0.919,265.58,346.06,434.32,202.45,0.714,0.5089,3,97.94,Bahaya,0,normal,372.13,283.05,2.623
2025-06-15T08:30:00,1,zone1,8,6,1,1,cloudy,31.35,89.24,520,3,0,0.065,227.25,219.84,199.44,71.56,1.117,0.4228,8,76.13,Waspada,0,normal,210.89,201.48,0.389
2025-06-15T08:45:00,2,zone2,8,6,1,0,clear,28.58,68.56,680,4,0,0.157,220.56,233.87,197.72,100.59,1.133,0.3439,4,62.24,Waspada,0,normal,242.64,225.74,0.624
2025-06-15T09:00:00,2,zone2,9,6,1,0,clear,29.63,64.35,680,4,0,0.1,182.58,191.38,156.12,110.89,0.769,0.2814,2,65.75,Aman,0,normal,195.46,183.52,0.542
2025-06-15T09:15:00,5,zone5,9,6,1,1,cloudy,28.16,80.15,360,2,0,0.045,49.31,45.35,79.47,44.85,1.136,0.126,8,62.59,Aman,0,normal,63.71,47.18,0.918
2025-06-15T09:30:00,1,zone1,9,6,1,0,clear,28.9,52.74,520,3,0,0.104,221.7,207.86,178.2,81.91,0.913,0.3997,3,69.75,Waspada,0,normal,185.88,215.4,1.142
2025-06-15T09:45:00,4,zone4,9,6,1,0,clear,33.24,63.29,810,5,0,0.136,158.44,173.84,168.95,62.11,1.25,0.2146,2,64.87,Aman,0,normal,167.93,173.29,0.257
2025-06-15T10:00:00,3,zone3,10,6,1,0,clear,32.95,75.27,430,2,1,0.604,126.35,183.42,183.31,88.78,0.879,0.4266,8,72.26,Waspada,1,density_spike,194.7,114.59,4.451
2025-06-15T10:15:00,2,zone2,10,6,1,0,clear,29.64,78.93,680,4,1,0.588,128.17,138.71,162.74,106.31,1.288,0.204,3,71.55,Waspada,0,normal,176.71,123.5,2.956
2025-06-15T10:30:00,5,zone5,10,6,1,0,clear,31.18,61.35,360,2,0,0.152,123.82,136.46,101.15,67.81,1.104,0.3791,4,73.21,Aman,0,normal,138.34,131.04,0.406
2025-06-15T10:45:00,5,zone5,10,6,1,0,clear,30.02,84.32,360,2,0,0.04,116.05,92.97,54.93,63.54,1.189,0.2582,2,72.07,Aman,0,normal,108.6,105.35,0.18
2025-06-15T11:00:00,5,zone5,11,6,1,1,cloudy,30.85,75.79,360,2,0,0.018,101.98,102.44,111.44,62.29,0.844,0.2846,8,70.52,Aman,0,normal,68.08,105.85,2.098
2025-06-15T11:15:00,2,zone2,11,6,1,0,clear,31.17,71.64,680,4,0,0.001,112.39,124.28,133.38,64.17,1.135,0.1828,8,73.31,Aman,0,normal,130.84,124.05,0.377
2025-06-15T11:30:00,2,zone2,11,6,1,0,clear,31.18,69.56,680,4,0,0.121,113.87,110.4,119.6,86.04,0.917,0.1623,6,69.4,Aman,0,normal,103.36,98.57,0.266
2025-06-15T11:45:00,4,zone4,11,6,1,0,clear,29.6,79.01,810,5,0,0.068,72.77,73.5,98.29,35.44,1.16,0.0907,6,59.24,Aman,0,normal,60.83,79.58,1.042
2025-06-15T12:00:00,3,zone3,12,6,1,1,cloudy,30.1,80.39,430,2,0,0.145,122.81,116.48,97.65,81.44,0.735,0.2709,8,72.9,Aman,0,normal,112.82,114.86,0.113
2025-06-15T12:15:00,1,zone1,12,6,1,1,cloudy,26.95,77.66,520,3,0,0.063,118.12,110.88,100.54,73.57,1.199,0.2132,5,66.07,Aman,0,normal,113.76,107.01,0.375
2025-06-15T12:30:00,4,zone4,12,6,1,0,clear,27.35,70.96,810,5,1,0.767,170.41,200.66,227.83,134.04,0.877,0.2477,6,85.02,Waspada,1,density_spike,217.02,149.62,3.745
2025-06-15T12:45:00,4,zone4,12,6,1,0,clear,30.14,70.66,810,5,0,0.086,138.62,139.68,148.57,68.31,1.304,0.1724,6,71.94,Aman,0,normal,126.1,142.13,0.891
2025-06-15T13:00:00,5,zone5,13,6,1,0,clear,30.33,57.94,360,2,0,0.09,118.14,104.19,107.09,62.94,1.153,0.2894,8,80.67,Aman,1,density_spike,63.86,119.11,3.069
2025-06-15T13:15:00,2,zone2,13,6,1,1,cloudy,31.12,80.53,680,4,1,0.529,150.76,158.31,163.83,116.32,0.929,0.2328,3,87.68,Waspada,0,normal,151.65,133.71,0.997
2025-06-15T13:30:00,2,zone2,13,6,1,1,cloudy,31.53,84.11,680,4,0,0.062,206.62,198.47,204.0,61.15,1.284,0.2919,7,60.88,Aman,0,normal,208.83,220.88,0.454
2025-06-15T13:45:00,4,zone4,13,6,1,0,clear,31.8,81.28,810,5,0,0.04,139.4,151.46,152.17,64.58,1.229,0.187,4,67.22,Aman,1,density_spike,198.0,133.13,3.604
2025-06-15T14:00:00,4,zone4,14,6,1,1,cloudy,27.43,78.98,810,5,0,0.047,94.93,107.48,125.44,82.8,0.891,0.1327,8,70.15,Aman,0,normal,88.46,97.08,0.479
2025-06-15T14:15:00,5,zone5,14,6,1,0,clear,28.64,69.71,360,2,0,0.167,172.12,200.55,226.25,96.63,0.595,0.5571,8,66.28,Waspada,0,normal,201.81,158.38,2.285
2025-06-15T14:30:00,1,zone1,14,6,1,1,cloudy,30.81,78.17,520,3,0,0.039,167.59,171.07,173.28,67.09,0.735,0.329,4,66.56,Aman,0,normal,165.2,178.44,0.618
2025-06-15T14:45:00,1,zone1,14,6,1,0,clear,29.51,59.65,520,3,0,0.089,216.58,228.94,215.81,88.14,1.094,0.4403,7,73.74,Waspada,0,normal,255.3,216.09,1.512
2025-06-15T15:00:00,4,zone4,15,6,1,0,clear,25.86,64.97,810,5,0,0.17,120.72,120.97,98.95,38.24,0.983,0.1493,7,64.52,Aman,0,normal,105.81,126.35,1.141
2025-06-15T15:15:00,1,zone1,15,6,1,0,clear,32.19,68.79,520,3,0,0.04,196.14,231.64,180.13,55.59,0.93,0.4455,2,71.16,Aman,0,normal,221.16,210.59,0.418
2025-06-15T15:30:00,5,zone5,15,6,1,0,clear,35.54,65.47,360,2,0,0.023,100.35,66.01,83.63,101.71,1.191,0.1833,7,66.11,Aman,0,normal,92.23,106.91,0.816
2025-06-15T15:45:00,4,zone4,15,6,1,0,clear,34.8,56.62,810,5,0,0.015,183.38,200.68,194.52,50.86,0.825,0.2477,4,66.23,Aman,0,normal,198.23,204.68,0.263
2025-06-15T16:00:00,3,zone3,16,6,1,1,cloudy,28.22,64.39,430,2,0,0.02,115.51,125.16,152.06,24.66,1.184,0.2911,8,57.59,Aman,0,normal,138.42,99.37,2.17
2025-06-15T16:15:00,4,zone4,16,6,1,0,clear,27.58,66.31,810,5,0,0.129,136.59,131.55,112.96,107.11,1.249,0.1624,7,68.57,Aman,0,normal,126.47,126.53,0.003
2025-06-15T16:30:00,3,zone3,16,6,1,0,clear,30.51,61.43,430,2,0,0.063,112.27,116.28,119.36,72.6,0.783,0.2704,4,68.23,Aman,0,normal,106.71,105.61,0.061
2025-06-15T16:45:00,5,zone5,16,6,1,1,cloudy,29.12,77.49,360,2,1,0.672,159.22,182.85,228.0,89.16,0.888,0.5079,6,86.36,Waspada,0,normal,180.53,173.71,0.327
2025-06-15T17:00:00,1,zone1,17,6,1,0,clear,30.76,58.67,520,3,0,0.125,217.04,252.64,240.23,81.3,0.74,0.4858,8,71.9,Waspada,0,normal,220.58,191.47,1.267
2025-06-15T17:15:00,3,zone3,17,6,1,1,cloudy,25.88,93.3,430,2,0,0.036,99.82,75.79,87.05,65.14,1.156,0.1763,2,67.94,Aman,0,normal,87.67,95.1,0.413
2025-06-15T17:30:00,5,zone5,17,6,1,0,clear,28.75,65.4,360,2,0,0.127,105.93,159.15,187.29,65.88,0.658,0.4421,3,77.92,Waspada,1,density_spike,193.39,109.26,4.673
2025-06-15T17:45:00,3,zone3,17,6,1,0,clear,32.64,54.29,430,2,1,0.632,213.72,275.11,289.3,92.48,0.793,0.6398,2,96.15,Bahaya,1,density_spike,276.47,202.74,3.031
2025-06-15T18:00:00,4,zone4,18,6,1,0,clear,30.15,73.8,810,5,0,0.077,115.36,109.71,152.01,64.85,0.348,0.1354,4,102.03,Aman,1,density_spike,152.82,127.5,4.548
2025-06-15T18:15:00,5,zone5,18,6,1,2,rain,30.69,64.77,360,2,0,0.023,125.23,128.7,154.29,65.36,0.774,0.3575,7,70.61,Aman,0,normal,108.11,137.65,1.641
2025-06-15T18:30:00,1,zone1,18,6,1,0,clear,31.02,63.89,520,3,0,0.053,196.32,180.72,195.29,62.67,1.257,0.3475,2,70.22,Aman,0,normal,194.79,172.57,1.073
2025-06-15T18:45:00,2,zone2,18,6,1,0,clear,28.45,69.94,680,4,0,0.039,123.59,154.27,195.19,25.6,1.109,0.2269,7,68.11,Aman,0,normal,118.28,131.47,0.733
2025-06-15T19:00:00,1,zone1,19,6,1,1,cloudy,29.76,64.65,520,3,0,0.085,206.17,184.51,225.32,48.48,0.862,0.3548,6,64.37,Aman,0,normal,186.03,205.4,0.786
2025-06-15T19:15:00,1,zone1,19,6,1,1,cloudy,30.08,82.37,520,3,0,0.029,237.12,228.21,282.13,53.66,0.707,0.4389,4,72.74,Aman,0,normal,256.06,211.76,1.743
2025-06-15T19:30:00,1,zone1,19,6,1,1,cloudy,29.57,76.55,520,3,0,0.112,262.89,265.42,303.82,79.96,0.985,0.5104,5,64.85,Waspada,0,normal,270.33,231.73,1.388
2025-06-15T19:45:00,1,zone1,19,6,1,0,clear,31.48,73.02,520,3,0,0.164,228.15,244.18,298.19,61.93,1.063,0.4696,7,67.92,Waspada,0,normal,247.54,223.24,0.907
2025-06-15T20:00:00,2,zone2,20,6,1,0,clear,32.79,66.92,680,4,0,0.09,168.58,175.27,218.4,79.59,0.859,0.2578,8,73.54,Aman,0,normal,155.67,184.27,1.293
2025-06-15T20:15:00,3,zone3,20,6,1,1,cloudy,27.29,78.18,430,2,0,0.028,143.79,185.82,257.96,51.48,0.921,0.4321,7,70.4,Aman,0,normal,175.48,138.35,2.063
2025-06-15T20:30:00,5,zone5,20,6,1,2,rain,26.99,79.25,360,2,0,0.09,153.89,142.73,160.62,35.2,0.926,0.3965,5,68.55,Aman,0,normal,140.18,159.02,0.987
2025-06-15T20:45:00,1,zone1,20,6,1,0,clear,30.47,61.99,520,3,0,0.038,226.2,241.93,272.77,51.63,0.694,0.4653,7,71.67,Waspada,0,normal,282.39,244.23,1.302
2025-06-15T21:00:00,4,zone4,21,6,1,1,cloudy,28.67,81.93,810,5,0,0.161,145.01,150.61,181.73,46.37,0.858,0.1859,3,72.39,Aman,1,density_spike,195.73,129.01,3.707
2025-06-15T21:15:00,5,zone5,21,6,1,3,storm,25.73,76.8,360,2,1,0.804,111.92,118.41,228.31,148.26,1.087,0.3289,6,94.98,Waspada,0,normal,128.15,97.69,1.692
2025-06-15T21:30:00,2,zone2,21,6,1,1,cloudy,27.98,70.13,680,4,0,0.016,134.15,140.02,150.41,38.24,1.128,0.2059,3,61.17,Aman,0,normal,162.97,117.7,2.515
2025-06-15T21:45:00,4,zone4,21,6,1,2,rain,28.05,80.97,810,5,0,0.138,63.57,82.68,71.82,70.9,1.727,0.1021,8,63.86,Aman,0,normal,102.17,58.18,2.444
2025-06-15T22:00:00,2,zone2,22,6,1,0,clear,30.37,72.34,680,4,0,0.089,126.38,139.46,148.06,60.88,1.011,0.2051,4,73.26,Aman,1,density_spike,170.36,116.33,3.001
2025-06-15T22:15:00,1,zone1,22,6,1,1,cloudy,27.56,65.61,520,3,1,0.897,258.35,309.13,337.21,139.43,0.849,0.5945,3,96.81,Bahaya,0,normal,304.06,238.04,2.311
2025-06-15T22:30:00,3,zone3,22,6,1,0,clear,33.34,54.79,430,2,0,0.071,114.63,104.21,81.04,70.31,1.141,0.2424,5,67.62,Aman,0,normal,100.29,98.91,0.077
2025-06-15T22:45:00,1,zone1,22,6,1,2,rain,29.39,81.03,520,3,0,0.058,143.2,150.43,133.36,77.63,0.912,0.2893,6,59.31,Aman,0,normal,133.09,144.21,0.618
2025-06-15T23:00:00,3,zone3,23,6,1,0,clear,26.51,76.55,430,2,0,0.084,183.0,183.42,177.26,69.13,1.132,0.4266,4,69.11,Waspada,0,normal,221.24,172.46,2.357
2025-06-15T23:15:00,3,zone3,23,6,1,0,clear,34.87,82.4,430,2,0,0.161,96.27,96.6,124.92,66.61,1.141,0.2247,8,78.1,Aman,0,normal,67.64,91.58,1.33
2025-06-15T23:30:00,5,zone5,23,6,1,0,clear,31.09,65.45,360,2,0,0.151,85.87,99.1,82.43,38.08,1.284,0.2753,4,79.92,Aman,0,normal,122.19,77.89,2.461
2025-06-15T23:45:00,3,zone3,23,6,1,1,cloudy,28.99,75.1,430,2,0,0.113,107.13,109.64,83.76,69.2,1.064,0.255,3,65.84,Aman,0,normal,94.77,109.56,0.821
2025-06-16T00:00:00,2,zone2,0,0,0,1,cloudy,30.1,73.05,680,4,0,0.072,31.55,76.57,98.98,83.24,1.059,0.1126,2,66.14,Aman,1,density_spike,108.62,28.51,4.45
2025-06-16T00:15:00,2,zone2,0,0,0,0,clear,29.31,68.78,680,4,0,0.047,106.91,88.95,109.87,70.35,0.661,0.1308,6,91.37,Aman,1,density_spike,137.38,99.96,4.634
2025-06-16T00:30:00,3,zone3,0,0,0,0,clear,34.54,69.99,430,2,0,0.173,35.31,64.46,64.69,61.74,0.851,0.1499,8,77.96,Aman,0,normal,54.31,32.69,1.201
2025-06-16T00:45:00,3,zone3,0,0,0,0,clear,32.99,60.17,430,2,0,0.099,97.47,111.83,95.18,68.25,0.965,0.2601,7,71.05,Aman,0,normal,88.07,105.53,0.97
2025-06-16T01:00:00,3,zone3,1,0,0,1,cloudy,29.0,83.36,430,2,0,0.113,90.13,78.12,120.38,52.88,0.978,0.1817,2,60.25,Aman,0,normal,76.32,88.59,0.681
2025-06-16T01:15:00,5,zone5,1,0,0,0,clear,31.25,88.76,360,2,0,0.159,62.45,81.29,61.39,47.76,0.86,0.2258,4,62.87,Aman,0,normal,92.1,59.18,1.829
2025-06-16T01:30:00,3,zone3,1,0,0,0,clear,31.84,75.84,430,2,0,0.055,46.9,72.77,51.56,38.74,1.032,0.1692,8,67.58,Aman,1,density_spike,100.6,43.75,3.158
2025-06-16T01:45:00,5,zone5,1,0,0,0,clear,34.14,61.42,360,2,0,0.041,33.64,65.47,42.75,37.14,0.432,0.1819,8,87.63,Aman,1,density_spike,113.96,33.84,3.527
2025-06-16T02:00:00,3,zone3,2,0,0,0,clear,33.04,72.73,430,2,0,0.125,89.09,97.65,111.34,81.96,1.013,0.2271,2,74.62,Aman,0,normal,86.18,82.75,0.191
2025-06-16T02:15:00,2,zone2,2,0,0,1,cloudy,27.46,65.26,680,4,0,0.15,52.33,79.16,100.18,68.31,1.111,0.1164,3,66.82,Aman,1,density_spike,117.0,50.46,3.697
2025-06-16T02:30:00,4,zone4,2,0,0,2,rain,26.99,85.48,810,5,0,0.078,109.39,78.72,61.92,77.1,0.961,0.0972,6,75.77,Aman,0,normal,66.23,104.04,2.1
2025-06-16T02:45:00,4,zone4,2,0,0,3,storm,24.34,94.25,810,5,0,0.148,129.13,98.76,93.53,86.51,0.39,0.1219,4,97.24,Aman,1,density_spike,149.41,126.29,3.521
2025-06-16T03:00:00,4,zone4,3,0,0,0,clear,32.79,68.04,810,5,0,0.045,110.07,84.24,63.81,22.15,1.031,0.104,7,56.32,Aman,0,normal,83.84,116.44,1.811
2025-06-16T03:15:00,1,zone1,3,0,0,0,clear,30.09,65.56,520,3,0,0.092,142.86,139.38,143.28,26.78,0.844,0.268,5,71.44,Aman,0,normal,127.13,152.21,1.373
2025-06-16T03:30:00,5,zone5,3,0,0,1,cloudy,26.51,82.5,360,2,0,0.078,89.48,91.87,84.61,27.66,1.152,0.2552,8,75.16,Aman,0,normal,65.28,93.79,1.584
2025-06-16T03:45:00,2,zone2,3,0,0,2,rain,28.02,78.18,680,4,0,0.141,104.53,73.89,73.51,74.51,1.125,0.1087,4,67.51,Aman,0,normal,84.44,93.84,0.522
2025-06-16T04:00:00,2,zone2,4,0,0,0,clear,31.73,63.3,680,4,0,0.155,132.29,168.87,183.25,80.1,0.756,0.2483,5,73.04,Aman,0,normal,181.99,134.73,2.625
2025-06-16T04:15:00,3,zone3,4,0,0,1,cloudy,30.07,72.29,430,2,0,0.015,102.85,99.3,113.1,27.58,1.17,0.2309,3,75.58,Aman,0,normal,105.87,92.64,0.735
2025-06-16T04:30:00,4,zone4,4,0,0,0,clear,29.54,81.1,810,5,0,0.019,104.97,125.34,168.09,40.36,0.981,0.1547,8,63.56,Aman,0,normal,127.9,115.1,0.711
2025-06-16T04:45:00,4,zone4,4,0,0,0,clear,31.07,77.35,810,5,0,0.134,103.09,79.21,86.06,64.1,1.237,0.0978,6,72.83,Aman,0,normal,86.87,94.5,0.424
2025-06-16T05:00:00,4,zone4,5,0,0,0,clear,29.13,80.94,810,5,1,0.525,103.09,140.08,151.34,90.42,0.9,0.1729,7,83.46,Aman,0,normal,139.15,90.17,2.721
2025-06-16T05:15:00,2,zone2,5,0,0,0,clear,34.18,62.81,680,4,0,0.068,125.37,130.92,153.93,30.48,0.856,0.1925,7,70.49,Aman,0,normal,123.0,118.12,0.271
2025-06-16T05:30:00,4,zone4,5,0,0,0,clear,31.56,78.45,810,5,0,0.009,95.4,64.89,58.17,73.13,1.023,0.0801,7,69.12,Aman,0,normal,70.62,85.67,0.836
2025-06-16T05:45:00,1,zone1,5,0,0,2,rain,26.62,83.6,520,3,0,0.12,79.86,103.07,124.06,55.62,1.238,0.1982,4,67.75,Aman,0,normal,113.09,70.72,2.354
2025-06-16T06:00:00,5,zone5,6,0,0,0,clear,31.8,63.31,360,2,0,0.031,74.1,48.95,79.78,60.34,1.076,0.136,8,63.08,Aman,0,normal,50.87,79.93,1.614
2025-06-16T06:15:00,1,zone1,6,0,0,1,cloudy,26.46,74.8,520,3,0,0.178,195.51,182.68,171.31,47.08,0.991,0.3513,7,73.38,Aman,0,normal,183.86,174.72,0.436
2025-06-16T06:30:00,1,zone1,6,0,0,1,cloudy,25.76,71.06,520,3,0,0.164,127.9,136.15,114.99,92.69,1.145,0.2618,8,69.0,Aman,0,normal,154.44,117.2,2.069
2025-06-16T06:45:00,5,zone5,6,0,0,1,cloudy,27.87,80.6,360,2,0,0.144,78.04,78.09,102.81,52.51,1.023,0.2169,5,72.66,Aman,0,normal,86.15,75.79,0.575
2025-06-16T07:00:00,4,zone4,7,0,0,0,clear,29.77,66.33,810,5,0,0.021,63.02,64.37,76.9,61.86,1.027,0.0795,3,55.22,Aman,0,normal,68.29,60.45,0.436
2025-06-16T07:15:00,3,zone3,7,0,0,0,clear,30.78,61.44,430,2,0,0.018,66.44,79.97,58.58,35.75,1.657,0.186,3,61.28,Aman,0,normal,54.96,73.64,1.038
2025-06-16T07:30:00,1,zone1,7,0,0,0,clear,33.78,69.21,520,3,0,0.159,117.67,142.1,196.81,69.13,1.313,0.2733,5,61.82,Aman,0,normal,133.32,106.52,1.489
2025-06-16T07:45:00,2,zone2,7,0,0,0,clear,29.85,76.18,680,4,0,0.096,102.95,123.84,109.99,26.61,1.154,0.1821,5,60.92,Aman,0,normal,113.66,112.69,0.054
2025-06-16T08:00:00,2,zone2,8,0,0,0,clear,34.84,74.51,680,4,0,0.173,132.04,156.64,140.55,34.88,1.112,0.2303,7,62.04,Aman,0,normal,176.28,133.35,2.385
2025-06-16T08:15:00,5,zone5,8,0,0,0,clear,26.96,80.11,360,2,0,0.087,156.8,156.74,168.34,99.81,1.071,0.4354,2,72.77,Waspada,0,normal,163.42,156.99,0.341
2025-06-16T08:30:00,5,zone5,8,0,0,0,clear,31.47,55.06,360,2,0,0.093,51.35,53.42,4,25.75,1.088,0.1484,8,68.93,Aman,0,normal,48.68,51.18,0.139
2025-06-16T08:45:00,3,zone3,8,0,0,2,rain,26.24,81.23,430,2,0,0.051,31.21,12.4,9.65,63.4,1.535,0.0288,2,59.57,Aman,0,normal,6.81,29.56,1.264
2025-06-16T09:00:00,5,zone5,9,0,0,1,cloudy,26.51,71.8,360,2,0,0.096,161.44,141.91,119.21,71.5,0.763,0.3942,8,64.94,Aman,0,normal,154.6,149.05,0.308
2025-06-16T09:15:00,5,zone5,9,0,0,0,clear,29.7,63.46,360,2,0,0.15,88.79,115.08,156.65,48.94,1.101,0.3197,4,77.25,Aman,0,normal,103.44,78.4,1.391
2025-06-16T09:30:00,2,zone2,9,0,0,0,clear,32.2,71.18,680,4,0,0.106,110.84,109.09,123.12,58.7,1.418,0.1604,7,61.93,Aman,0,normal,96.82,107.6,0.599
2025-06-16T09:45:00,2,zone2,9,0,0,0,clear,29.13,65.94,680,4,0,0.177,140.5,181.39,165.84,75.98,1.247,0.2667,8,82.43,Aman,1,density_spike,189.8,132.17,3.201
2025-06-16T10:00:00,1,zone1,10,0,0,0,clear,33.99,68.06,520,3,0,0.108,133.53,163.59,143.79,66.07,0.62,0.3146,8,78.21,Aman,0,normal,164.11,135.18,1.607
2025-06-16T10:15:00,3,zone3,10,0,0,3,storm,28.54,92.6,430,2,0,0.114,61.23,22.12,75.61,40.73,1.372,0.0514,4,66.79,Aman,1,density_spike,5.38,66.68,3.405
2025-06-16T10:30:00,3,zone3,10,0,0,2,rain,26.27,72.76,430,2,0,0.162,138.0,148.71,157.27,80.49,1.019,0.3458,6,76.49,Waspada,0,normal,146.88,128.05,1.047
2025-06-16T10:45:00,5,zone5,10,0,0,0,clear,28.14,73.92,360,2,0,0.057,145.19,161.86,163.61,86.93,0.707,0.4496,6,62.74,Waspada,1,density_spike,202.62,126.61,4.223
2025-06-16T11:00:00,3,zone3,11,0,0,0,clear,30.08,55.97,430,2,0,0.097,102.57,138.03,105.57,51.11,0.915,0.321,2,72.06,Aman,0,normal,116.28,112.0,0.238
2025-06-16T11:15:00,4,zone4,11,0,0,0,clear,32.8,73.89,810,5,1,0.933,198.02,254.85,286.47,151.03,1.009,0.3146,7,89.04,Waspada,1,density_spike,270.52,170.88,4.859
2025-06-16T11:30:00,3,zone3,11,0,0,0,clear,26.69,51.99,430,2,0,0.031,103.74,133.17,92.81,50.71,0.954,0.3097,2,75.37,Aman,0,normal,134.75,94.2,2.253
2025-06-16T11:45:00,1,zone1,11,0,0,2,rain,25.67,70.61,520,3,0,0.142,165.43,172.34,204.19,37.31,0.909,0.3314,3,73.77,Aman,0,normal,185.19,177.05,0.383
2025-06-16T12:00:00,1,zone1,12,0,0,1,cloudy,30.06,88.4,520,3,0,0.074,169.94,162.69,158.29,44.22,1.185,0.3129,4,69.93,Aman,0,normal,156.29,158.74,0.128
2025-06-16T12:15:00,5,zone5,12,0,0,1,cloudy,28.66,71.98,360,2,0,0.084,107.38,108.96,99.37,87.04,0.554,0.3027,7,72.65,Aman,0,normal,102.52,116.36,0.769
2025-06-16T12:30:00,1,zone1,12,0,0,0,clear,30.52,64.94,520,3,0,0.069,178.45,204.75,205.97,67.0,1.11,0.3938,5,64.04,Aman,0,normal,230.47,184.28,2.089
2025-06-16T12:45:00,5,zone5,12,0,0,0,clear,30.66,66.09,360,2,0,0.069,82.65,93.01,97.34,68.76,0.77,0.2584,3,65.47,Aman,0,normal,83.52,88.14,0.257
2025-06-16T13:00:00,2,zone2,13,0,0,0,clear,30.64,66.58,680,4,0,0.121,141.66,167.23,172.51,82.58,0.816,0.2459,3,76.39,Aman,1,density_spike,189.64,125.61,3.557
2025-06-16T13:15:00,5,zone5,13,0,0,0,clear,36.42,60.34,360,2,1,0.689,97.86,150.34,170.14,120.29,1.161,0.4176,5,78.98,Waspada,0,normal,144.49,95.61,2.716
2025-06-16T13:30:00,1,zone1,13,0,0,1,cloudy,26.08,82.89,520,3,0,0.175,110.15,82.0,110.37,13.25,0.855,0.1577,5,59.74,Aman,1,density_spike,45.1,101.85,3.153
2025-06-16T13:45:00,4,zone4,13,0,0,0,clear,30.77,66.89,810,5,0,0.108,129.44,121.23,125.79,61.23,1.219,0.1497,6,68.98,Aman,0,normal,87.33,122.77,1.969
2025-06-16T14:00:00,5,zone5,14,0,0,2,rain,28.46,76.27,360,2,0,0.049,58.55,18.28,7.63,25.88,1.031,0.0508,6,62.7,Aman,0,normal,11.88,50.6,2.151
2025-06-16T14:15:00,1,zone1,14,0,0,2,rain,28.04,90.51,520,3,0,0.078,91.63,93.36,69.85,61.98,1.087,0.1795,8,72.08,Aman,0,normal,48.63,101.02,2.911
2025-06-16T14:30:00,3,zone3,14,0,0,0,clear,29.73,60.35,430,2,0,0.075,134.31,139.57,114.1,54.96,1.258,0.3246,5,69.81,Aman,0,normal,137.56,135.17,0.133
2025-06-16T14:45:00,2,zone2,14,0,0,3,storm,23.24,98,680,4,0,0.16,70.06,40.0,38.65,99.23,0.828,0.0588,4,61.85,Aman,0,normal,13.72,67.7,2.999
2025-06-16T15:00:00,2,zone2,15,0,0,0,clear,31.66,70.54,680,4,0,0.024,178.48,157.63,158.96,39.35,0.795,0.2318,6,71.99,Aman,0,normal,156.09,174.18,0.866
2025-06-16T15:15:00,1,zone1,15,0,0,3,storm,27.0,79.6,520,3,0,0.043,111.61,81.88,57.52,50.15,0.84,0.1575,8,68.92,Aman,1,density_spike,55.94,118.06,3.451
2025-06-16T15:30:00,3,zone3,15,0,0,1,cloudy,29.75,75.93,430,2,0,0.073,130.8,132.59,122.65,74.67,1.355,0.3083,2,57.71,Aman,0,normal,114.97,117.3,0.129
2025-06-16T15:45:00,5,zone5,15,0,0,1,cloudy,27.83,80.28,360,2,1,0.612,91.8,132.1,151.32,129.92,0.761,0.3669,5,69.38,Waspada,0,normal,138.4,88.19,2.79
2025-06-16T16:00:00,1,zone1,16,0,0,2,rain,25.11,81.13,520,3,0,0.039,120.22,129.8,125.47,77.56,0.835,0.2496,7,70.68,Aman,0,normal,142.02,105.64,2.021
2025-06-16T16:15:00,4,zone4,16,0,0,0,clear,29.33,73.95,810,5,0,0.134,93.91,128.74,104.04,76.53,1.018,0.1589,8,60.76,Aman,0,normal,141.19,102.49,2.15
2025-06-16T16:30:00,4,zone4,16,0,0,0,clear,33.8,73.96,810,5,0,0.007,155.18,134.15,98.82,33.27,1.093,0.1656,8,59.73,Aman,0,normal,107.6,161.05,2.766
2025-06-16T16:45:00,3,zone3,16,0,0,0,clear,31.15,74.93,430,2,0,0.034,45.32,56.25,13.95,78.86,0.812,0.1308,8,60.35,Aman,0,normal,66.66,39.27,1.522
2025-06-16T17:00:00,1,zone1,17,0,0,2,rain,23.31,81.47,520,3,0,0.084,114.09,92.41,90.85,63.08,0.556,0.1777,7,86.25,Aman,1,density_spike,173.23,115.57,5.389
2025-06-16T17:15:00,3,zone3,17,0,0,1,cloudy,27.61,76.81,430,2,0,0.134,70.02,58.23,84.62,72.87,1.104,0.1354,7,81.3,Aman,0,normal,46.2,75.96,1.654
2025-06-16T17:30:00,4,zone4,17,0,0,0,clear,28.54,78.8,810,5,1,0.826,155.27,177.4,238.64,140.81,1.213,0.219,2,88.97,Waspada,0,normal,150.02,166.43,0.822
2025-06-16T17:45:00,4,zone4,17,0,0,0,clear,35.02,76.97,810,5,0,0.138,79.95,74.37,67.45,56.47,1.242,0.0918,6,58.16,Aman,0,normal,73.9,78.07,0.232
2025-06-16T18:00:00,4,zone4,18,0,0,0,clear,31.0,56.72,810,5,0,0.055,144.73,138.61,168.49,40.26,1.107,0.1711,7,69.16,Aman,0,normal,119.27,139.52,1.125
2025-06-16T18:15:00,2,zone2,18,0,0,1,cloudy,27.78,69.63,680,4,1,0.655,120.5,116.39,206.23,110.32,1.101,0.1712,7,82.71,Waspada,0,normal,128.25,110.89,0.965
2025-06-16T18:30:00,5,zone5,18,0,0,1,cloudy,31.7,73.84,360,2,0,0.163,71.21,105.1,120.56,42.38,0.344,0.2919,2,94.33,Aman,1,density_spike,211.96,65.24,4.053
2025-06-16T18:45:00,5,zone5,18,0,0,2,rain,28.64,91.1,360,2,0,0.132,95.9,96.95,141.78,83.59,0.79,0.2693,2,69.92,Aman,0,normal,100.37,104.85,0.249
2025-06-16T19:00:00,2,zone2,19,0,0,2,rain,22.88,75.07,680,4,0,0.091,181.29,122.05,115.12,53.27,1.0,0.1795,5,79.36,Aman,0,normal,117.9,179.33,2.855
2025-06-16T19:15:00,3,zone3,19,0,0,0,clear,30.05,66.3,430,2,0,0.002,146.78,136.95,173.51,71.03,0.942,0.3185,4,69.95,Aman,0,normal,162.62,146.35,0.904
2025-06-16T19:30:00,2,zone2,19,0,0,1,cloudy,25.73,92.45,680,4,0,0.108,118.52,99.64,132.74,38.92,1.063,0.1465,2,60.15,Aman,0,normal,86.92,119.0,1.782
2025-06-16T19:45:00,1,zone1,19,0,0,0,clear,32.01,66.01,520,3,0,0.112,215.12,232.7,320.33,61.25,0.863,0.4475,8,79.77,Waspada,0,normal,212.31,225.97,0.504
2025-06-16T20:00:00,5,zone5,20,0,0,0,clear,32.98,55.19,360,2,0,0.069,73.95,29.9,60.74,83.24,1.383,0.0831,4,62.06,Aman,0,normal,30.41,68.25,2.102
2025-06-16T20:15:00,1,zone1,20,0,0,0,clear,31.01,74.19,520,3,0,0.028,181.71,168.34,261.46,54.2,1.203,0.3237,3,64.9,Aman,0,normal,154.37,196.38,1.783
2025-06-16T20:30:00,3,zone3,20,0,0,0,clear,33.92,57.78,430,2,0,0.146,97.64,114.75,138.89,57.34,1.759,0.2669,7,74.97,Aman,0,normal,116.64,91.66,1.387
2025-06-16T20:45:00,4,zone4,20,0,0,0,clear,34.58,81.67,810,5,0,0.059,91.91,112.85,154.75,80.1,1.095,0.1393,2,72.04,Aman,0,normal,92.85,87.2,0.314
2025-06-16T21:00:00,3,zone3,21,0,0,1,cloudy,28.94,76.32,430,2,0,0.165,214.01,223.45,303.06,63.73,1.026,0.5196,6,75.02,Waspada,0,normal,239.33,225.98,0.492
2025-06-16T21:15:00,2,zone2,21,0,0,0,clear,34.79,74.33,680,4,0,0.144,111.89,103.72,125.48,53.87,1.13,0.1525,7,63.72,Aman,0,normal,125.04,101.18,1.325
2025-06-16T21:30:00,5,zone5,21,0,0,1,cloudy,28.84,75.45,360,2,0,0.026,66.04,43.35,62.7,18.39,1.157,0.1204,6,74.79,Aman,0,normal,84.08,67.68,0.911
2025-06-16T21:45:00,2,zone2,21,0,0,1,cloudy,28.96,81.24,680,4,0,0.082,110.9,110.09,138.79,83.67,1.059,0.1619,8,64.6,Aman,0,normal,110.51,118.59,0.449
2025-06-16T22:00:00,1,zone1,22,0,0,0,clear,29.45,83.0,520,3,0,0.053,169.29,167.68,152.74,42.35,0.614,0.3225,7,91.5,Aman,1,density_spike,328.79,187.31,3.189
2025-06-16T22:15:00,3,zone3,22,0,0,0,clear,34.05,69.73,430,2,0,0.152,158.25,165.1,218.9,30.28,1.253,0.384,4,71.84,Aman,0,normal,173.02,156.78,0.863
2025-06-16T22:30:00,5,zone5,22,0,0,0,clear,29.41,57.47,360,2,0,0.124,116.99,135.59,123.28,52.79,1.005,0.3767,6,71.6,Aman,0,normal,133.03,116.14,0.939
2025-06-16T22:45:00,5,zone5,22,0,0,1,cloudy,30.22,74.5,360,2,0,0.037,53.86,72.03,81.0,56.88,1.032,0.2001,6,75.12,Aman,0,normal,89.67,49.03,2.257
2025-06-16T23:00:00,3,zone3,23,0,0,0,clear,31.22,65.89,430,2,0,0.12,147.16,135.24,125.51,56.14,1.168,0.3145,8,65.87,Aman,1,density_spike,85.77,164.62,3.991
2025-06-16T23:15:00,2,zone2,23,0,0,1,cloudy,31.37,76.24,680,4,0,0.103,70.95,43.64,28.89,50.66,1.527,0.0642,7,65.92,Aman,0,normal,52.95,65.44,0.694
2025-06-16T23:30:00,1,zone1,23,0,0,2,rain,27.58,89.9,520,3,0,0.039,77.76,51.05,75.02,68.12,0.856,0.0982,4,58.42,Aman,0,normal,28.98,75.04,2.559
2025-06-16T23:45:00,3,zone3,23,0,0,0,clear,29.58,66.23,430,2,0,0.107,67.99,81.95,35.43,46.01,1.079,0.1906,3,68.31,Aman,0,normal,81.71,71.97,0.541
2025-06-17T00:00:00,2,zone2,0,1,0,0,clear,33.45,65.46,680,4,0,0.079,72.38,96.5,82.09,97.26,0.794,0.1419,7,67.48,Aman,0,normal,90.41,80.1,0.572
2025-06-17T00:15:00,3,zone3,0,1,0,1,cloudy,28.23,80.61,430,2,0,0.15,134.83,144.23,158.83,63.42,0.937,0.3354,5,72.57,Aman,0,normal,127.69,137.99,0.572
2025-06-17T00:30:00,5,zone5,0,1,0,0,clear,34.3,60.63,360,2,0,0.082,71.41,75.8,40.66,18.11,0.805,0.2105,3,70.63,Aman,0,normal,75.69,63.64,0.669
2025-06-17T00:45:00,4,zone4,0,1,0,0,clear,33.5,59.82,810,5,0,0.048,54.48,59.45,51.81,32.96,1.39,0.0734,4,58.39,Aman,0,normal,68.81,50.22,1.033
2025-06-17T01:00:00,1,zone1,1,1,0,1,cloudy,31.21,62.71,520,3,0,0.133,132.21,135.77,146.21,32.22,1.324,0.2611,6,71.38,Aman,0,normal,133.87,119.63,0.791
2025-06-17T01:15:00,5,zone5,1,1,0,1,cloudy,29.11,85.67,360,2,0,0.139,76.75,59.14,67.18,81.92,1.201,0.1643,8,71.41,Aman,0,normal,61.55,78.66,0.95
2025-06-17T01:30:00,1,zone1,1,1,0,0,clear,28.67,48.04,520,3,0,0.035,176.89,180.43,167.72,72.33,1.01,0.347,6,79.38,Aman,0,normal,195.64,174.48,1.011
2025-06-17T01:45:00,1,zone1,1,1,0,0,clear,30.12,63.77,520,3,0,0.161,107.35,134.63,122.75,65.01,1.37,0.2589,5,76.2,Aman,0,normal,154.82,113.24,2.31
2025-06-17T02:00:00,3,zone3,2,1,0,1,cloudy,28.57,72.45,430,2,1,0.78,8,43.85,56.08,132.97,1.264,0.102,6,83.72,Waspada,1,density_spike,77.56,8.92,3.813
2025-06-17T02:15:00,2,zone2,2,1,0,0,clear,29.54,69.8,680,4,0,0.121,45.78,70.29,55.37,66.26,1.226,0.1034,3,63.18,Aman,0,normal,58.35,47.01,0.63
2025-06-17T02:30:00,4,zone4,2,1,0,0,clear,25.65,58.18,810,5,0,0.14,45.57,57.39,40.47,24.71,1.053,0.0709,6,67.73,Aman,0,normal,79.9,43.63,2.015
2025-06-17T02:45:00,3,zone3,2,1,0,0,clear,31.24,53.51,430,2,0,0.141,101.21,102.12,86.15,59.14,1.29,0.2375,6,61.38,Aman,0,normal,99.15,104.49,0.296
2025-06-17T03:00:00,4,zone4,3,1,0,0,clear,35.25,62.6,810,5,0,0.14,85.8,96.4,84.71,87.7,1.125,0.119,3,64.59,Aman,0,normal,76.9,95.74,1.047
2025-06-17T03:15:00,3,zone3,3,1,0,2,rain,21.61,82.6,430,2,0,0.031,83.4,91.35,89.87,55.04,0.733,0.2125,2,65.49,Aman,0,normal,76.34,74.17,0.121
2025-06-17T03:30:00,5,zone5,3,1,0,0,clear,32.96,67.19,360,2,0,0.009,83.72,95.66,92.0,69.31,1.066,0.2657,4,69.7,Aman,0,normal,93.83,91.47,0.131
2025-06-17T03:45:00,3,zone3,3,1,0,2,rain,26.53,88.46,430,2,0,0.09,109.84,111.24,123.42,41.49,0.817,0.2587,5,64.96,Aman,0,normal,135.43,107.82,1.534
2025-06-17T04:00:00,3,zone3,4,1,0,0,clear,26.55,66.87,430,2,0,0.097,88.92,98.46,105.38,28.56,1.151,0.229,5,63.8,Aman,0,normal,106.21,87.75,1.026
2025-06-17T04:15:00,1,zone1,4,1,0,0,clear,30.82,55.34,520,3,0,0.096,129.81,130.29,122.79,65.39,0.581,0.2506,3,105.01,Aman,1,density_spike,30.36,111.7,3.88
2025-06-17T04:30:00,4,zone4,4,1,0,1,cloudy,29.0,71.64,810,5,0,0.131,37.12,21.91,39.49,26.93,1.319,0.027,4,59.59,Aman,0,normal,8.71,41.52,1.822
2025-06-17T04:45:00,3,zone3,4,1,0,1,cloudy,27.66,63.45,430,2,0,0.022,81.79,60.47,46.14,66.65,1.166,0.1406,6,68.91,Aman,0,normal,62.65,86.28,1.312
2025-06-17T05:00:00,4,zone4,5,1,0,1,cloudy,27.01,81.4,810,5,0,0.103,45.32,53.53,74.13,48.38,1.118,0.0661,7,75.35,Aman,0,normal,58.7,43.28,0.857
2025-06-17T05:15:00,5,zone5,5,1,0,0,clear,29.18,74.7,360,2,0,0.045,51.15,59.55,36.17,51.18,1.493,0.1654,8,61.16,Aman,0,normal,71.63,50.04,1.2
2025-06-17T05:30:00,5,zone5,5,1,0,0,clear,31.74,72.84,360,2,0,0.174,66.86,86.09,93.1,66.14,1.059,0.2391,5,67.95,Aman,0,normal,76.47,66.06,0.578
2025-06-17T05:45:00,2,zone2,5,1,0,0,clear,32.36,79.89,680,4,0,0.131,158.16,171.7,128.7,83.06,1.012,0.2525,2,78.69,Aman,0,normal,167.0,163.33,0.187
2025-06-17T06:00:00,2,zone2,6,1,0,1,cloudy,27.97,59.32,680,4,0,0.079,129.75,109.8,122.58,59.46,1.192,0.1615,7,74.18,Aman,0,normal,97.29,127.47,1.676
2025-06-17T06:15:00,1,zone1,6,1,0,0,clear,31.42,62.38,520,3,0,0.137,141.57,158.97,156.47,78.61,0.791,0.3057,3,69.92,Aman,0,normal,186.69,133.62,2.949
2025-06-17T06:30:00,4,zone4,6,1,0,0,clear,29.2,67.48,810,5,0,0.088,13.2,4,29.77,19.43,1.365,0.0049,8,59.43,Aman,0,normal,-8.74,12.26,1.166
2025-06-17T06:45:00,2,zone2,6,1,0,0,clear,34.06,52.95,680,4,0,0.057,98.4,121.76,131.79,64.98,0.849,0.1791,7,65.12,Aman,0,normal,132.77,108.2,1.365
2025-06-17T07:00:00,1,zone1,7,1,0,1,cloudy,28.43,75.88,520,3,0,0.037,142.91,130.01,107.86,45.18,1.261,0.25,4,60.5,Aman,0,normal,159.09,156.26,0.151
2025-06-17T07:15:00,2,zone2,7,1,0,0,clear,31.58,71.46,680,4,0,0.047,70.08,78.45,95.5,89.28,1.1,0.1154,2,68.01,Aman,0,normal,96.63,63.83,1.822
2025-06-17T07:30:00,4,zone4,7,1,0,2,rain,27.08,71.58,810,5,0,0.087,114.99,104.33,93.51,41.29,1.274,0.1288,5,74.33,Aman,0,normal,76.79,110.05,1.847
2025-06-17T07:45:00,1,zone1,7,1,0,1,cloudy,28.33,82.97,520,3,0,0.017,154.7,142.52,162.82,32.48,1.039,0.2741,7,69.33,Aman,0,normal,130.12,142.14,0.668
2025-06-17T08:00:00,2,zone2,8,1,0,0,clear,32.23,67.19,680,4,0,0.059,105.94,96.73,118.49,70.06,1.011,0.1422,7,58.78,Aman,0,normal,99.84,91.67,0.454
2025-06-17T08:15:00,1,zone1,8,1,0,3,storm,28.15,85.89,520,3,0,0.135,93.05,76.72,92.1,84.36,0.564,0.1475,7,75.93,Aman,0,normal,84.61,97.86,0.736
2025-06-17T08:30:00,5,zone5,8,1,0,0,clear,32.57,67.11,360,2,0,0.098,82.31,89.76,89.76,66.17,0.992,0.2493,6,82.06,Aman,0,normal,93.11,86.38,0.374
2025-06-17T08:45:00,1,zone1,8,1,0,0,clear,35.79,68.05,520,3,0,0.103,142.06,177.16,180.91,36.78,1.105,0.3407,6,74.28,Aman,0,normal,171.13,150.71,1.129
2025-06-17T09:00:00,2,zone2,9,1,0,1,cloudy,24.78,67.25,680,4,0,0.035,126.96,119.14,106.24,64.71,1.23,0.1752,5,79.31,Aman,0,normal,125.0,121.64,0.187
2025-06-17T09:15:00,1,zone1,9,1,0,2,rain,26.01,89.4,520,3,0,0.055,186.16,172.98,157.15,51.21,0.473,0.3327,6,87.23,Aman,1,density_spike,36.17,187.5,4.151
2025-06-17T09:30:00,1,zone1,9,1,0,0,clear,29.73,66.57,520,3,0,0.154,186.69,212.96,167.08,76.21,1.09,0.4095,3,86.24,Waspada,0,normal,189.45,179.09,0.482
2025-06-17T09:45:00,2,zone2,9,1,0,1,cloudy,30.52,66.32,680,4,0,0.106,203.13,179.74,186.96,85.25,1.198,0.2643,8,73.77,Aman,0,normal,164.55,177.9,0.625
2025-06-17T10:00:00,2,zone2,10,1,0,0,clear,31.97,61.21,680,4,0,0.118,95.75,89.14,78.14,35.19,1.156,0.1311,8,68.93,Aman,0,normal,100.22,88.01,0.678
2025-06-17T10:15:00,4,zone4,10,1,0,0,clear,34.79,57.45,810,5,0,0.09,142.87,165.58,163.25,67.76,0.931,0.2044,4,60.46,Aman,0,normal,150.29,159.4,0.476
2025-06-17T10:30:00,2,zone2,10,1,0,2,rain,24.79,86.25,680,4,0,0.178,153.63,120.81,129.35,73.32,0.823,0.1777,4,61.35,Aman,1,density_spike,85.29,144.06,3.265
2025-06-17T10:45:00,1,zone1,10,1,0,0,clear,32.82,75.35,520,3,0,0.085,176.35,168.15,171.51,63.96,0.842,0.3234,5,66.27,Aman,0,normal,171.28,182.98,0.533
2025-06-17T11:00:00,5,zone5,11,1,0,0,clear,30.61,75.51,360,2,0,0.122,49.32,45.98,49.28,82.04,0.988,0.1277,5,68.67,Aman,0,normal,44.39,51.69,0.406
2025-06-17T11:15:00,4,zone4,11,1,0,0,clear,28.84,69.9,810,5,0,0.168,86.64,73.47,84.13,86.31,0.891,0.0907,5,77.24,Aman,0,normal,80.51,87.34,0.379
2025-06-17T11:30:00,4,zone4,11,1,0,0,clear,33.97,67.55,810,5,0,0.084,99.04,74.58,46.85,63.5,1.548,0.0921,8,72.58,Aman,0,normal,65.0,88.52,1.307
2025-06-17T11:45:00,1,zone1,11,1,0,0,clear,31.39,61.58,520,3,0,0.118,154.6,166.77,181.14,55.26,0.385,0.3207,2,94.96,Aman,1,density_spike,279.05,144.21,5.625
2025-06-17T12:00:00,4,zone4,12,1,0,1,cloudy,31.09,75.93,810,5,0,0.127,141.52,141.77,135.36,56.16,0.763,0.175,4,60.92,Aman,0,normal,127.62,125.03,0.144
2025-06-17T12:15:00,1,zone1,12,1,0,0,clear,31.03,70.98,520,3,0,0.169,164.35,193.46,177.42,70.78,1.195,0.372,4,63.34,Aman,0,normal,178.37,175.51,0.136
2025-06-17T12:30:00,3,zone3,12,1,0,0,clear,30.73,66.02,430,2,0,0.056,116.46,105.3,125.47,52.06,1.54,0.2449,4,69.45,Aman,0,normal,124.93,117.03,0.439
2025-06-17T12:45:00,4,zone4,12,1,0,0,clear,36.02,70.65,810,5,1,0.549,107.99,138.4,157.11,132.59,1.37,0.1709,5,71.24,Waspada,0,normal,117.53,102.02,0.862
2025-06-17T13:00:00,4,zone4,13,1,0,2,rain,26.0,86.73,810,5,0,0.14,46.65,33.4,15.89,51.84,1.407,0.0412,3,59.32,Aman,0,normal,42.38,43.17,0.044
2025-06-17T13:15:00,4,zone4,13,1,0,0,clear,32.26,76.31,810,5,0,0.085,120.07,114.16,125.38,46.96,1.192,0.1409,8,68.13,Aman,0,normal,114.23,113.38,0.047
2025-06-17T13:30:00,2,zone2,13,1,0,0,clear,31.09,62.1,680,4,0,0.123,175.35,187.58,183.11,44.42,1.325,0.2758,5,74.41,Aman,0,normal,168.84,163.18,0.289
2025-06-17T13:45:00,1,zone1,13,1,0,0,clear,27.99,73.75,520,3,0,0.073,178.83,158.43,162.47,70.65,1.051,0.3047,3,64.7,Aman,0,normal,163.39,192.16,1.248
2025-06-17T14:00:00,4,zone4,14,1,0,0,clear,30.42,70.71,810,5,0,0.138,23.44,21.78,29.79,56.27,0.732,0.0269,5,90.5,Aman,1,density_spike,-0.5,23.54,5.566
2025-06-17T14:15:00,5,zone5,14,1,0,0,clear,33.29,67.33,360,2,0,0.087,109.61,107.2,91.23,50.98,0.782,0.2978,5,68.15,Aman,0,normal,83.03,108.41,1.41
2025-06-17T14:30:00,4,zone4,14,1,0,1,cloudy,27.97,68.11,810,5,1,0.521,112.86,146.97,145.22,95.14,1.083,0.1814,3,62.41,Aman,0,normal,161.99,110.26,2.874
2025-06-17T14:45:00,2,zone2,14,1,0,1,cloudy,29.56,71.02,680,4,0,0.091,121.33,136.47,151.72,98.22,0.945,0.2007,4,74.33,Aman,0,normal,107.87,124.72,0.936
2025-06-17T15:00:00,5,zone5,15,1,0,0,clear,29.78,58.67,360,2,1,0.883,129.35,185.2,269.61,97.2,1.245,0.5145,4,87.07,Bahaya,0,normal,169.24,119.25,2.777
2025-06-17T15:15:00,1,zone1,15,1,0,0,clear,27.15,71.21,520,3,0,0.125,172.95,156.29,114.39,106.39,0.964,0.3006,7,64.62,Aman,0,normal,132.64,169.47,1.811
2025-06-17T15:30:00,3,zone3,15,1,0,0,clear,28.08,59.82,430,2,0,0.036,132.19,115.34,88.82,59.16,0.756,0.2682,4,68.81,Aman,0,normal,111.39,127.64,0.903
2025-06-17T15:45:00,1,zone1,15,1,0,2,rain,26.55,91.17,520,3,0,0.103,103.21,98.53,147.91,43.24,0.247,0.1895,3,92.74,Aman,1,density_spike,177.66,89.58,3.129
2025-06-17T16:00:00,4,zone4,16,1,0,0,clear,33.4,69.55,810,5,0,0.052,55.66,80.44,76.12,42.66,1.007,0.0993,2,76.63,Aman,0,normal,73.85,51.21,1.258
2025-06-17T16:15:00,1,zone1,16,1,0,2,rain,27.07,83.74,520,3,0,0.027,120.76,112.96,106.38,20.84,1.184,0.2172,5,55.18,Aman,0,normal,115.03,117.08,0.114
2025-06-17T16:30:00,1,zone1,16,1,0,2,rain,27.22,79.38,520,3,0,0.094,113.49,93.91,123.92,54.09,1.27,0.1806,8,71.54,Aman,0,normal,95.53,113.5,0.999
2025-06-17T16:45:00,3,zone3,16,1,0,1,cloudy,30.65,74.61,430,2,0,0.164,164.95,125.89,137.03,81.12,1.011,0.2928,6,59.09,Aman,0,normal,143.45,173.67,1.45
2025-06-17T17:00:00,2,zone2,17,1,0,0,clear,32.9,80.97,680,4,1,0.846,131.08,181.25,211.87,114.01,0.729,0.2665,5,90.55,Waspada,1,density_spike,194.96,123.35,3.978
2025-06-17T17:15:00,3,zone3,17,1,0,0,clear,30.35,53.86,430,2,0,0.009,142.14,148.86,157.6,38.39,1.107,0.3462,3,67.73,Aman,0,normal,128.41,135.68,0.404
2025-06-17T17:30:00,5,zone5,17,1,0,0,clear,27.84,70.13,360,2,0,0.172,87.36,101.48,100.76,76.88,1.076,0.2819,3,62.3,Aman,0,normal,72.81,79.1,0.349
2025-06-17T17:45:00,2,zone2,17,1,0,0,clear,33.9,59.8,680,4,0,0.092,149.49,156.92,204.68,65.98,1.235,0.2308,7,85.42,Aman,0,normal,174.2,145.01,1.621
2025-06-17T18:00:00,2,zone2,18,1,0,0,clear,31.59,65.6,680,4,0,0.168,121.28,125.61,152.33,48.47,1.23,0.1847,2,71.99,Aman,0,normal,125.7,105.82,1.105
2025-06-17T18:15:00,1,zone1,18,1,0,0,clear,31.79,66.96,520,3,1,0.971,260.58,332.35,440.16,127.24,0.567,0.6391,7,100.4,Bahaya,0,normal,365.29,279.51,2.558
2025-06-17T18:30:00,3,zone3,18,1,0,0,clear,30.39,67.41,430,2,1,0.777,174.91,196.61,285.08,143.3,0.914,0.4572,5,84.23,Bahaya,0,normal,196.78,154.56,2.276
2025-06-17T18:45:00,3,zone3,18,1,0,2,rain,26.78,72.22,430,2,0,0.134,193.07,167.56,254.82,113.58,0.748,0.3897,6,68.11,Waspada,0,normal,186.87,204.02,0.701
2025-06-17T19:00:00,1,zone1,19,1,0,2,rain,27.86,80.86,520,3,0,0.144,114.13,103.77,151.76,60.97,1.427,0.1996,2,66.34,Aman,0,normal,85.47,123.44,2.109
2025-06-17T19:15:00,4,zone4,19,1,0,0,clear,28.25,59.68,810,5,0,0.157,62.05,66.59,90.42,70.37,1.209,0.0822,4,62.79,Aman,0,normal,66.48,63.89,0.144
2025-06-17T19:30:00,4,zone4,19,1,0,2,rain,26.76,92.79,810,5,0,0.123,37.12,46.35,26.75,53.87,1.13,0.0572,2,62.27,Aman,0,normal,51.36,35.95,0.856
2025-06-17T19:45:00,2,zone2,19,1,0,0,clear,35.26,79.45,680,4,0,0.09,160.34,162.46,193.39,76.26,0.701,0.2389,7,66.07,Aman,0,normal,159.31,178.2,0.884
2025-06-17T20:00:00,5,zone5,20,1,0,1,cloudy,27.21,74.54,360,2,1,0.9,89.57,155.18,262.11,139.63,0.245,0.4311,5,95.58,Bahaya,1,density_spike,31.74,80.77,5.315
2025-06-17T20:15:00,5,zone5,20,1,0,0,clear,27.15,65.72,360,2,0,0.156,109.36,106.84,117.49,55.94,0.611,0.2968,5,93.5,Aman,1,density_spike,179.17,109.21,4.971
2025-06-17T20:30:00,5,zone5,20,1,0,1,cloudy,28.03,73.82,360,2,0,0.067,81.85,89.62,88.81,48.75,1.168,0.249,5,70.06,Aman,0,normal,59.6,79.64,1.113
2025-06-17T20:45:00,1,zone1,20,1,0,2,rain,25.79,87.07,520,3,0,0.088,150.67,123.83,159.88,85.8,1.162,0.2381,8,73.33,Aman,0,normal,123.55,158.98,1.857
2025-06-17T21:00:00,4,zone4,21,1,0,0,clear,29.28,64.36,810,5,0,0.003,76.35,104.26,112.5,63.16,1.178,0.1287,5,59.02,Aman,0,normal,100.41,70.46,1.664
2025-06-17T21:15:00,5,zone5,21,1,0,0,clear,33.2,76.28,360,2,0,0.029,82.16,68.55,101.63,47.04,1.079,0.1904,2,70.67,Aman,0,normal,82.63,88.13,0.306
2025-06-17T21:30:00,1,zone1,21,1,0,1,cloudy,26.93,78.62,520,3,0,0.053,128.03,121.38,172.48,61.79,1.392,0.2334,6,62.97,Aman,0,normal,99.89,125.36,1.415
2025-06-17T21:45:00,1,zone1,21,1,0,0,clear,32.5,69.72,520,3,1,0.889,265.68,328.01,450.75,156.88,0.781,0.6308,6,93.95,Bahaya,0,normal,341.61,293.2,1.376
2025-06-17T22:00:00,4,zone4,22,1,0,1,cloudy,27.82,68.74,810,5,0,0.019,58.1,39.95,32.85,57.42,1.212,0.0493,6,65.1,Aman,0,normal,25.37,51.47,1.45
2025-06-17T22:15:00,2,zone2,22,1,0,0,clear,28.25,76.49,680,4,0,0.073,119.24,127.81,130.87,66.27,1.546,0.188,2,56.75,Aman,0,normal,138.86,132.11,0.375
2025-06-17T22:30:00,1,zone1,22,1,0,1,cloudy,28.97,81.36,520,3,0,0.133,204.42,217.73,191.45,52.39,0.57,0.4187,4,74.52,Aman,0,normal,208.68,178.11,1.431
2025-06-17T22:45:00,5,zone5,22,1,0,0,clear,32.15,69.19,360,2,0,0.053,84.39,84.99,80.38,22.24,0.956,0.2361,5,63.9,Aman,0,normal,95.61,84.68,0.607
2025-06-17T23:00:00,3,zone3,23,1,0,0,clear,33.4,70.96,430,2,0,0.026,101.33,126.03,122.24,77.04,0.799,0.2931,3,64.86,Aman,0,normal,116.9,89.17,1.54
2025-06-17T23:15:00,1,zone1,23,1,0,2,rain,27.67,69.13,520,3,1,0.534,174.62,171.66,165.96,135.59,0.872,0.3301,6,74.75,Waspada,0,normal,181.79,151.29,1.68
2025-06-17T23:30:00,1,zone1,23,1,0,2,rain,25.48,79.02,520,3,0,0.134,155.98,117.49,94.63,44.33,1.196,0.2259,7,66.67,Aman,0,normal,93.23,146.46,2.957
2025-06-17T23:45:00,2,zone2,23,1,0,0,clear,34.09,66.96,680,4,0,0.04,126.83,154.81,170.31,50.32,1.066,0.2277,8,68.28,Aman,0,normal,156.42,141.5,0.829
2025-06-18T00:00:00,2,zone2,0,2,0,0,clear,31.03,96.2,680,4,0,0.08,122.09,127.91,146.49,63.9,1.402,0.1881,8,74.79,Aman,0,normal,150.5,117.26,1.846
2025-06-18T00:15:00,5,zone5,0,2,0,0,clear,32.23,72.84,360,2,1,0.508,102.29,113.87,173.94,96.13,1.21,0.3163,8,87.0,Waspada,0,normal,110.12,108.99,0.063
2025-06-18T00:30:00,3,zone3,0,2,0,0,clear,32.01,67.07,430,2,0,0.179,79.97,117.76,80.9,36.98,0.807,0.2739,3,74.07,Aman,0,normal,116.79,73.53,2.403
2025-06-18T00:45:00,2,zone2,0,2,0,2,rain,27.49,83.93,680,4,0,0.054,8,4,16.68,14.24,1.391,0.0059,4,64.14,Aman,0,normal,-0.6,8,0.478
2025-06-18T01:00:00,2,zone2,1,2,0,0,clear,32.48,61.95,680,4,0,0.015,56.26,41.76,30.55,74.44,1.268,0.0614,2,68.26,Aman,0,normal,-1.65,49.28,2.829
2025-06-18T01:15:00,5,zone5,1,2,0,0,clear,34.47,67.88,360,2,0,0.139,91.58,111.04,88.57,41.87,1.002,0.3085,5,68.4,Aman,0,normal,116.1,102.28,0.768
2025-06-18T01:30:00,4,zone4,1,2,0,1,cloudy,27.43,81.23,810,5,1,0.489,143.09,158.5,168.71,89.22,1.291,0.1957,8,94.54,Aman,0,normal,149.43,124.43,1.389
2025-06-18T01:45:00,4,zone4,1,2,0,0,clear,29.43,85.53,810,5,0,0.076,68.94,98.51,105.36,59.98,1.219,0.1216,4,69.13,Aman,0,normal,82.59,69.9,0.705
2025-06-18T02:00:00,2,zone2,2,2,0,0,clear,33.64,55.02,680,4,0,0.093,87.55,42.32,63.89,43.69,1.325,0.0622,2,67.93,Aman,1,density_spike,39.72,93.93,3.011
2025-06-18T02:15:00,1,zone1,2,2,0,0,clear,34.19,64.07,520,3,0,0.105,91.44,63.54,24.86,58.97,1.34,0.1222,2,63.8,Aman,0,normal,46.76,81.11,1.908
2025-06-18T02:30:00,5,zone5,2,2,0,2,rain,23.17,75.3,360,2,0,0.125,8,4,37.8,83.24,1.329,0.0111,8,72.84,Aman,0,normal,17.94,8.66,0.515
2025-06-18T02:45:00,4,zone4,2,2,0,1,cloudy,30.5,57.59,810,5,0,0.082,66.18,46.27,4,64.84,0.487,0.0571,3,74.04,Aman,1,density_spike,11.83,64.49,4.232
2025-06-18T03:00:00,2,zone2,3,2,0,2,rain,25.67,81.01,680,4,0,0.023,94.23,84.58,114.55,53.85,0.943,0.1244,4,60.0,Aman,0,normal,94.54,90.86,0.204
2025-06-18T03:15:00,1,zone1,3,2,0,0,clear,31.0,71.26,520,3,0,0.176,96.79,107.97,114.93,83.81,0.935,0.2076,3,64.66,Aman,0,normal,57.16,101.47,2.462
2025-06-18T03:30:00,4,zone4,3,2,0,2,rain,26.3,92.85,810,5,0,0.027,12.32,4,9.67,42.34,1.405,0.0049,2,65.05,Aman,0,normal,6.64,13.11,0.359
2025-06-18T03:45:00,1,zone1,3,2,0,0,clear,30.94,55.77,520,3,0,0.013,107.55,98.34,88.1,49.48,0.508,0.1891,8,104.38,Aman,1,density_spike,284.47,116.41,5.394
2025-06-18T04:00:00,2,zone2,4,2,0,0,clear,28.02,61.76,680,4,0,0.175,75.58,66.27,56.14,27.15,1.116,0.0975,5,69.56,Aman,0,normal,79.57,83.32,0.208
2025-06-18T04:15:00,1,zone1,4,2,0,0,clear,30.85,63.99,520,3,0,0.176,153.7,167.77,235.85,99.66,0.695,0.3226,4,83.23,Waspada,0,normal,210.9,163.04,2.446
2025-06-18T04:30:00,2,zone2,4,2,0,2,rain,28.71,81.32,680,4,1,0.567,95.5,99.25,120.86,122.93,1.371,0.146,7,79.66,Waspada,0,normal,98.55,86.84,0.651
2025-06-18T04:45:00,5,zone5,4,2,0,0,clear,31.07,72.71,360,2,0,0.057,84.26,72.6,61.08,37.48,1.129,0.2017,8,65.69,Aman,0,normal,69.28,84.98,0.872
2025-06-18T05:00:00,2,zone2,5,2,0,3,storm,30.07,81.98,680,4,0,0.162,123.33,86.44,107.57,25.7,1.323,0.1271,3,70.22,Aman,1,density_spike,52.98,133.19,4.456
2025-06-18T05:15:00,2,zone2,5,2,0,0,clear,28.19,57.06,680,4,0,0.075,88.48,86.82,111.61,55.64,1.016,0.1277,7,66.36,Aman,0,normal,66.68,78.69,0.667
2025-06-18T05:30:00,1,zone1,5,2,0,0,clear,31.0,63.97,520,3,0,0.04,137.14,164.44,141.75,58.11,0.958,0.3162,4,73.73,Aman,0,normal,165.72,142.0,1.318
2025-06-18T05:45:00,4,zone4,5,2,0,1,cloudy,33.06,75.28,810,5,0,0.087,73.43,62.0,56.1,48.09,1.251,0.0765,3,81.1,Aman,0,normal,48.72,72.09,1.298
2025-06-18T06:00:00,2,zone2,6,2,0,2,rain,27.54,75.16,680,4,0,0.071,116.36,115.97,107.67,78.95,1.369,0.1705,4,60.91,Aman,0,normal,102.59,128.86,1.459
2025-06-18T06:15:00,5,zone5,6,2,0,0,clear,30.92,75.76,360,2,0,0.176,87.94,93.59,117.26,41.35,0.949,0.26,3,70.02,Aman,0,normal,86.83,86.6,0.013
2025-06-18T06:30:00,4,zone4,6,2,0,3,storm,26.07,94.29,810,5,0,0.039,80.17,69.44,91.41,44.17,0.592,0.0857,4,78.84,Aman,1,density_spike,16.98,86.67,4.221
2025-06-18T06:45:00,5,zone5,6,2,0,1,cloudy,32.03,63.21,360,2,0,0.03,81.24,67.94,58.13,5,1.202,0.1887,8,73.5,Aman,0,normal,73.19,85.0,0.656
2025-06-18T07:00:00,1,zone1,7,2,0,0,clear,31.05,65.38,520,3,0,0.129,169.52,163.68,156.43,77.77,1.014,0.3148,6,71.02,Aman,0,normal,149.72,158.78,0.476
2025-06-18T07:15:00,4,zone4,7,2,0,1,cloudy,28.93,66.58,810,5,0,0.11,88.78,106.81,89.45,55.47,1.234,0.1319,7,75.92,Aman,0,normal,123.04,76.77,2.57
2025-06-18T07:30:00,1,zone1,7,2,0,0,clear,30.64,75.75,520,3,0,0.055,158.48,171.78,156.25,67.08,1.013,0.3303,5,69.62,Aman,0,normal,166.97,141.61,1.409
2025-06-18T07:45:00,2,zone2,7,2,0,0,clear,31.33,70.79,680,4,0,0.121,149.48,176.39,155.06,75.54,1.238,0.2594,8,62.59,Aman,0,normal,186.27,161.57,1.274
2025-06-18T08:00:00,5,zone5,8,2,0,0,clear,31.65,67.13,360,2,0,0.071,115.04,93.4,63.15,32.93,0.785,0.2594,2,80.53,Aman,0,normal,90.82,106.53,0.873
2025-06-18T08:15:00,4,zone4,8,2,0,0,clear,34.14,74.59,810,5,0,0.104,125.51,126.97,111.72,65.88,0.964,0.1568,2,73.24,Aman,0,normal,137.89,112.6,1.405
2025-06-18T08:30:00,2,zone2,8,2,0,0,clear,32.71,55.82,680,4,0,0.053,190.97,195.94,160.32,26.5,0.831,0.2882,7,73.53,Aman,0,normal,221.96,202.6,0.796
2025-06-18T08:45:00,3,zone3,8,2,0,0,clear,34.45,65.85,430,2,0,0.029,152.85,196.67,184.12,47.15,1.205,0.4574,3,67.24,Waspada,0,normal,186.19,168.06,0.899
2025-06-18T09:00:00,3,zone3,9,2,0,0,clear,32.43,69.87,430,2,0,0.169,101.31,91.46,106.64,66.69,1.207,0.2127,3,65.47,Aman,0,normal,102.23,105.2,0.165
2025-06-18T09:15:00,5,zone5,9,2,0,0,clear,31.96,57.65,360,2,0,0.04,55.58,54.43,82.02,51.39,1.127,0.1512,4,66.9,Aman,0,normal,52.27,58.77,0.361
2025-06-18T09:30:00,5,zone5,9,2,0,0,clear,30.43,68.34,360,2,0,0.153,105.5,109.65,128.47,64.05,1.172,0.3046,7,62.26,Aman,0,normal,113.84,100.73,0.729
2025-06-18T09:45:00,3,zone3,9,2,0,1,cloudy,29.7,68.56,430,2,0,0.08,103.56,107.85,106.95,44.25,0.771,0.2508,6,66.17,Aman,0,normal,76.89,101.65,1.376
2025-06-18T10:00:00,4,zone4,10,2,0,2,rain,29.71,82.92,810,5,0,0.156,86.74,79.65,44.94,45.5,1.031,0.0983,5,67.72,Aman,0,normal,99.76,91.66,0.45
2025-06-18T10:15:00,2,zone2,10,2,0,0,clear,27.37,72.46,680,4,0,0.068,102.56,108.39,100.46,66.75,1.067,0.1594,5,72.3,Aman,0,normal,124.87,103.61,1.181
2025-06-18T10:30:00,5,zone5,10,2,0,1,cloudy,26.41,57.54,360,2,1,0.994,104.7,170.69,230.26,160.47,1.014,0.4741,7,93.18,Bahaya,1,density_spike,176.96,113.07,3.55
2025-06-18T10:45:00,3,zone3,10,2,0,1,cloudy,26.99,59.17,430,2,0,0.164,126.32,132.85,161.59,45.97,1.033,0.309,6,74.81,Aman,0,normal,147.21,129.75,0.97
2025-06-18T11:00:00,5,zone5,11,2,0,0,clear,34.78,67.72,360,2,0,0.019,81.98,96.47,74.89,42.28,1.058,0.268,6,67.66,Aman,0,normal,74.06,75.56,0.084
2025-06-18T11:15:00,3,zone3,11,2,0,1,cloudy,26.18,77.14,430,2,0,0.123,87.02,86.09,127.08,53.31,1.442,0.2002,2,73.79,Aman,0,normal,58.46,77.9,1.08
2025-06-18T11:30:00,3,zone3,11,2,0,0,clear,29.19,61.45,430,2,0,0.138,131.83,141.14,104.87,93.54,0.984,0.3282,6,65.07,Waspada,0,normal,94.08,144.94,2.825
2025-06-18T11:45:00,5,zone5,11,2,0,1,cloudy,29.81,85.77,360,2,0,0.109,75.9,91.26,89.39,70.57,0.9,0.2535,8,65.17,Aman,0,normal,115.93,81.01,1.94
2025-06-18T12:00:00,4,zone4,12,2,0,0,clear,32.26,63.53,810,5,0,0.039,156.34,167.43,160.38,54.54,0.828,0.2067,8,61.14,Aman,0,normal,203.02,173.36,1.426
2025-06-18T12:15:00,2,zone2,12,2,0,0,clear,30.49,60.16,680,4,1,0.795,210.24,248.48,277.77,147.61,1.065,0.3654,7,98.82,Waspada,0,normal,252.0,203.15,2.004
2025-06-18T12:30:00,3,zone3,12,2,0,0,clear,27.11,69.97,430,2,0,0.123,114.47,130.17,143.18,64.13,1.158,0.3027,4,76.6,Aman,0,normal,122.05,107.77,0.793
2025-06-18T12:45:00,5,zone5,12,2,0,0,clear,31.56,60.09,360,2,0,0.124,58.51,80.44,80.95,51.66,1.087,0.2234,5,73.79,Aman,0,normal,83.39,55.75,1.536
2025-06-18T13:00:00,4,zone4,13,2,0,3,storm,30.86,83.9,810,5,1,0.99,51.0,104.05,173.9,151.97,0.99,0.1285,8,91.01,Waspada,0,normal,78.89,50.09,1.6
2025-06-18T13:15:00,5,zone5,13,2,0,0,clear,34.84,69.42,360,2,0,0.017,113.34,85.59,87.88,56.83,0.73,0.2377,4,69.99,Aman,0,normal,92.23,123.09,1.714
2025-06-18T13:30:00,5,zone5,13,2,0,1,cloudy,29.25,65.52,360,2,0,0.114,69.16,86.13,83.57,45.6,1.205,0.2392,4,82.09,Aman,1,density_spike,133.77,69.92,3.547
2025-06-18T13:45:00,3,zone3,13,2,0,0,clear,26.27,68.17,430,2,0,0.088,133.68,144.84,126.69,65.99,0.865,0.3368,3,73.42,Aman,1,density_spike,173.27,117.11,3.12
2025-06-18T14:00:00,4,zone4,14,2,0,0,clear,35.74,86.27,810,5,0,0.125,72.76,91.78,74.3,31.87,1.443,0.1133,6,69.69,Aman,0,normal,110.82,66.05,2.487
2025-06-18T14:15:00,1,zone1,14,2,0,0,clear,30.36,62.57,520,3,0,0.109,169.53,195.74,185.09,75.94,0.959,0.3764,4,78.38,Aman,0,normal,204.38,155.0,2.655
2025-06-18T14:30:00,1,zone1,14,2,0,0,clear,34.64,57.34,520,3,0,0.161,125.42,156.26,145.79,66.92,1.066,0.3005,3,66.67,Aman,0,normal,155.6,135.22,1.132
2025-06-18T14:45:00,5,zone5,14,2,0,0,clear,31.95,70.19,360,2,1,0.635,72.53,126.54,163.0,81.0,1.159,0.3515,6,82.89,Waspada,1,density_spike,147.62,76.49,3.951
2025-06-18T15:00:00,1,zone1,15,2,0,0,clear,32.92,73.37,520,3,0,0.058,120.73,120.48,132.1,76.52,1.203,0.2317,3,75.46,Aman,0,normal,120.41,129.9,0.528
2025-06-18T15:15:00,2,zone2,15,2,0,0,clear,33.05,60.68,680,4,0,0.01,114.1,98.6,106.23,33.98,1.135,0.145,7,73.71,Aman,0,normal,100.62,122.41,1.21
2025-06-18T15:30:00,4,zone4,15,2,0,2,rain,30.37,80.96,810,5,0,0.079,75.84,96.48,86.03,70.48,1.198,0.1191,7,74.18,Aman,0,normal,95.09,83.09,0.667
2025-06-18T15:45:00,5,zone5,15,2,0,0,clear,26.34,54.69,360,2,0,0.084,115.41,139.44,145.79,77.05,1.147,0.3873,6,73.43,Waspada,0,normal,152.77,111.22,2.309
2025-06-18T16:00:00,5,zone5,16,2,0,0,clear,31.05,69.09,360,2,0,0.026,71.33,45.45,45.66,31.65,1.145,0.1262,3,64.32,Aman,0,normal,30.2,70.91,2.262
2025-06-18T16:15:00,4,zone4,16,2,0,0,clear,28.97,63.43,810,5,1,0.561,135.67,192.7,211.04,105.74,1.244,0.2379,8,85.38,Waspada,1,density_spike,201.05,135.15,3.661
2025-06-18T16:30:00,2,zone2,16,2,0,1,cloudy,29.47,56.54,680,4,0,0.024,123.77,133.8,126.32,48.25,1.07,0.1968,6,56.87,Aman,0,normal,133.52,124.35,0.51
2025-06-18T16:45:00,1,zone1,16,2,0,0,clear,28.71,56.66,520,3,0,0.14,172.51,143.97,149.88,63.87,1.098,0.2769,5,80.98,Aman,0,normal,155.99,150.97,0.277
2025-06-18T17:00:00,4,zone4,17,2,0,3,storm,23.73,98,810,5,0,0.132,55.44,40.68,64.74,45.31,0.533,0.0502,2,89.44,Aman,1,density_spike,16.61,55.9,4.639
2025-06-18T17:15:00,2,zone2,17,2,0,0,clear,30.54,65.61,680,4,1,0.641,165.13,182.98,216.2,131.0,0.987,0.2691,7,90.3,Waspada,0,normal,185.11,168.63,0.814
2025-06-18T17:30:00,3,zone3,17,2,0,2,rain,30.62,70.01,430,2,0,0.085,74.04,38.67,53.87,37.88,1.211,0.0899,4,61.35,Aman,0,normal,25.63,72.36,2.596
2025-06-18T17:45:00,2,zone2,17,2,0,0,clear,28.77,77.35,680,4,0,0.111,196.88,199.36,186.45,67.12,1.203,0.2932,2,68.38,Aman,0,normal,201.32,209.92,0.342
2025-06-18T18:00:00,3,zone3,18,2,0,0,clear,32.85,54.47,430,2,0,0.034,129.94,108.0,132.2,72.58,0.791,0.2512,7,63.09,Aman,0,normal,101.18,132.29,1.729
2025-06-18T18:15:00,4,zone4,18,2,0,1,cloudy,30.1,64.77,810,5,1,0.742,145.41,191.8,229.17,106.33,1.118,0.2368,2,78.69,Waspada,0,normal,179.25,144.3,1.942
2025-06-18T18:30:00,5,zone5,18,2,0,1,cloudy,30.65,84.93,360,2,0,0.038,72.47,81.66,97.13,56.04,0.991,0.2268,4,68.95,Aman,0,normal,85.4,72.83,0.698
2025-06-18T18:45:00,3,zone3,18,2,0,0,clear,32.49,51.89,430,2,0,0.106,147.55,175.5,234.45,93.79,1.034,0.4081,4,75.66,Waspada,0,normal,172.1,152.88,1.048
2025-06-18T19:00:00,5,zone5,19,2,0,0,clear,31.0,60.07,360,2,0,0.058,110.19,125.85,161.73,41.06,0.859,0.3496,8,61.38,Aman,0,normal,118.86,100.45,1.022
2025-06-18T19:15:00,1,zone1,19,2,0,2,rain,26.3,87.19,520,3,0,0.155,235.89,201.93,292.11,33.39,0.997,0.3883,2,68.63,Aman,0,normal,198.65,238.1,1.381
2025-06-18T19:30:00,4,zone4,19,2,0,2,rain,24.4,79.72,810,5,0,0.018,156.0,132.3,165.03,35.28,1.014,0.1633,6,71.38,Aman,0,normal,138.85,134.36,0.249
2025-06-18T19:45:00,1,zone1,19,2,0,0,clear,28.03,67.06,520,3,0,0.045,211.54,217.82,246.77,65.92,1.036,0.4189,3,72.0,Aman,0,normal,201.54,189.85,0.513
2025-06-18T20:00:00,2,zone2,20,2,0,0,clear,30.12,65.08,680,4,0,0.151,117.43,127.44,95.02,82.36,0.682,0.1874,4,74.74,Aman,0,normal,112.28,108.87,0.189
2025-06-18T20:15:00,3,zone3,20,2,0,0,clear,28.78,48,430,2,0,0.167,142.98,205.54,226.32,95.27,0.864,0.478,2,64.92,Waspada,1,density_spike,217.18,135.34,4.547
2025-06-18T20:30:00,5,zone5,20,2,0,0,clear,28.34,54.56,360,2,0,0.045,146.7,171.97,219.39,42.87,0.932,0.4777,3,75.7,Aman,1,density_spike,201.1,139.49,3.423
2025-06-18T20:45:00,4,zone4,20,2,0,0,clear,29.81,60.96,810,5,0,0.127,168.87,180.17,264.2,102.22,0.997,0.2224,2,69.44,Aman,0,normal,184.88,159.11,1.35
2025-06-18T21:00:00,4,zone4,21,2,0,0,clear,35.46,63.23,810,5,0,0.081,117.75,129.34,184.8,21.02,1.285,0.1597,7,54.89,Aman,0,normal,105.79,103.33,0.137
2025-06-18T21:15:00,4,zone4,21,2,0,2,rain,22.75,81.82,810,5,0,0.034,116.46,104.14,114.36,72.79,0.431,0.1286,2,88.79,Aman,1,density_spike,168.61,123.11,4.39
2025-06-18T21:30:00,3,zone3,21,2,0,1,cloudy,28.59,64.77,430,2,0,0.092,105.84,116.0,146.22,53.27,1.141,0.2698,8,66.97,Aman,0,normal,126.34,100.34,1.445
2025-06-18T21:45:00,5,zone5,21,2,0,0,clear,31.1,62.04,360,2,0,0.164,109.14,134.34,162.59,44.37,0.812,0.3732,6,68.59,Aman,0,normal,134.24,113.52,1.151
2025-06-18T22:00:00,3,zone3,22,2,0,0,clear,29.22,70.55,430,2,1,0.535,106.5,113.78,153.06,123.13,0.68,0.2646,2,69.25,Waspada,0,normal,112.66,96.23,0.913
2025-06-18T22:15:00,4,zone4,22,2,0,2,rain,30.91,76.76,810,5,0,0.176,17.81,4,28.59,37.42,1.268,0.0049,5,68.6,Aman,0,normal,-8.01,15.98,1.333
2025-06-18T22:30:00,4,zone4,22,2,0,3,storm,24.47,78.13,810,5,0,0.027,100.78,65.43,66.74,61.92,1.626,0.0808,2,70.48,Aman,0,normal,70.19,92.63,1.247
2025-06-18T22:45:00,3,zone3,22,2,0,0,clear,30.85,64.87,430,2,0,0.077,161.87,146.4,111.1,73.34,0.83,0.3405,7,69.66,Aman,0,normal,159.54,161.55,0.104
2025-06-18T23:00:00,4,zone4,23,2,0,0,clear,29.8,65.18,810,5,0,0.14,57.94,42.39,57.67,70.52,1.381,0.0523,2,71.02,Aman,0,normal,46.61,53.67,0.392
2025-06-18T23:15:00,3,zone3,23,2,0,0,clear,29.82,61.63,430,2,0,0.109,23.58,10.76,4,60.33,0.866,0.025,5,72.12,Aman,0,normal,23.9,23.7,0.011
2025-06-18T23:30:00,1,zone1,23,2,0,0,clear,26.25,61.79,520,3,0,0.115,123.77,147.08,149.77,83.09,1.14,0.2829,5,66.74,Aman,0,normal,103.75,137.51,1.875
2025-06-18T23:45:00,4,zone4,23,2,0,0,clear,29.39,74.17,810,5,0,0.034,86.78,116.09,68.99,65.86,1.324,0.1433,4,65.93,Aman,0,normal,111.81,89.5,1.239
2025-06-19T00:00:00,2,zone2,0,3,0,0,clear,31.49,60.35,680,4,0,0.169,46.99,39.78,68.73,53.66,1.387,0.0585,7,66.62,Aman,0,normal,60.66,41.13,1.085
2025-06-19T00:15:00,2,zone2,0,3,0,1,cloudy,29.24,82.41,680,4,1,0.515,147.78,166.97,188.35,106.06,0.96,0.2455,3,74.54,Waspada,0,normal,155.19,161.2,0.311
2025-06-19T00:30:00,1,zone1,0,3,0,0,clear,31.28,61.82,520,3,0,0.17,127.48,158.88,169.18,61.62,1.01,0.3055,7,65.62,Aman,0,normal,93.96,126.59,1.813
2025-06-19T00:45:00,3,zone3,0,3,0,1,cloudy,27.48,82.66,430,2,0,0.066,103.32,65.4,44.46,38.81,1.301,0.1521,6,68.62,Aman,0,normal,64.76,98.06,1.85
2025-06-19T01:00:00,2,zone2,1,3,0,1,cloudy,24.87,75.19,680,4,0,0.101,67.57,70.96,44.58,83.92,1.375,0.1044,6,72.92,Aman,0,normal,58.96,60.93,0.109
2025-06-19T01:15:00,3,zone3,1,3,0,0,clear,29.36,71.27,430,2,0,0.17,133.51,149.25,122.73,39.65,0.982,0.3471,2,77.68,Aman,0,normal,130.65,139.46,0.489
2025-06-19T01:30:00,3,zone3,1,3,0,0,clear,33.21,65.22,430,2,0,0.058,94.7,129.25,115.13,40.33,0.83,0.3006,4,69.2,Aman,0,normal,113.88,99.43,0.803
2025-06-19T01:45:00,3,zone3,1,3,0,1,cloudy,28.26,63.9,430,2,0,0.13,69.47,96.98,157.15,71.77,0.974,0.2255,7,75.99,Aman,0,normal,96.81,64.98,1.768
2025-06-19T02:00:00,1,zone1,2,3,0,1,cloudy,31.69,62.59,520,3,0,0.143,108.94,108.33,105.79,37.7,0.965,0.2083,6,65.74,Aman,0,normal,119.0,101.68,0.962
2025-06-19T02:15:00,2,zone2,2,3,0,1,cloudy,32.45,83.41,680,4,0,0.163,56.56,52.6,64.4,65.54,1.145,0.0774,8,67.97,Aman,0,normal,21.91,52.07,1.676
2025-06-19T02:30:00,3,zone3,2,3,0,0,clear,32.46,68.68,430,2,0,0.108,65.63,77.81,54.97,62.31,1.29,0.1809,4,65.85,Aman,0,normal,89.08,58.43,1.703
2025-06-19T02:45:00,2,zone2,2,3,0,0,clear,33.86,70.15,680,4,0,0.007,97.86,112.98,88.03,62.67,1.309,0.1662,6,63.89,Aman,0,normal,111.7,93.83,0.993
2025-06-19T03:00:00,3,zone3,3,3,0,0,clear,33.24,65.23,430,2,0,0.103,92.84,96.47,116.02,80.61,1.142,0.2243,6,59.79,Aman,0,normal,109.87,82.11,1.542
2025-06-19T03:15:00,4,zone4,3,3,0,0,clear,31.61,76.87,810,5,0,0.175,75.64,85.61,84.31,61.43,1.165,0.1057,7,61.44,Aman,0,normal,75.41,82.51,0.394
2025-06-19T03:30:00,4,zone4,3,3,0,0,clear,36.93,59.91,810,5,0,0.156,68.74,48.73,98.79,63.63,1.203,0.0602,4,64.66,Aman,0,normal,84.44,76.24,0.456
2025-06-19T03:45:00,4,zone4,3,3,0,0,clear,33.08,70.55,810,5,0,0.089,108.8,110.13,91.69,71.38,0.984,0.136,3,67.52,Aman,0,normal,100.63,94.31,0.351
2025-06-19T04:00:00,4,zone4,4,3,0,2,rain,24.81,98,810,5,0,0.014,97.03,56.27,56.98,30.02,1.424,0.0695,8,62.45,Aman,1,density_spike,39.65,102.61,3.498
2025-06-19T04:15:00,1,zone1,4,3,0,0,clear,28.39,73.56,520,3,0,0.004,115.18,101.21,84.05,21.52,0.92,0.1946,5,68.52,Aman,0,normal,93.32,121.99,1.593
2025-06-19T04:30:00,4,zone4,4,3,0,0,clear,32.41,61.67,810,5,0,0.134,106.47,87.35,54.28,43.03,1.402,0.1078,6,70.41,Aman,0,normal,88.37,97.55,0.51
2025-06-19T04:45:00,3,zone3,4,3,0,2,rain,27.49,88.22,430,2,0,0.053,81.58,46.04,40.47,61.09,1.512,0.1071,3,65.17,Aman,1,density_spike,9.85,80.61,3.931
2025-06-19T05:00:00,3,zone3,5,3,0,2,rain,29.57,96.67,430,2,0,0.025,126.86,100.66,49.97,103.91,1.261,0.2341,2,58.15,Aman,0,normal,142.2,134.89,0.406
2025-06-19T05:15:00,2,zone2,5,3,0,1,cloudy,28.31,70.64,680,4,0,0.089,94.8,99.73,132.45,69.94,1.484,0.1467,8,67.78,Aman,0,normal,103.24,87.89,0.853
2025-06-19T05:30:00,3,zone3,5,3,0,0,clear,32.01,68.91,430,2,0,0.074,92.24,116.32,82.88,61.58,1.149,0.2705,8,69.76,Aman,0,normal,99.45,84.79,0.815
2025-06-19T05:45:00,4,zone4,5,3,0,0,clear,33.27,71.12,810,5,1,0.593,114.83,164.75,191.08,112.58,0.939,0.2034,8,70.45,Waspada,0,normal,156.62,120.0,2.035
2025-06-19T06:00:00,1,zone1,6,3,0,0,clear,30.85,66.85,520,3,0,0.021,203.14,186.92,186.6,55.78,0.896,0.3595,7,58.29,Aman,0,normal,183.11,192.75,0.417
2025-06-19T06:15:00,3,zone3,6,3,0,0,clear,29.96,67.0,430,2,0,0.175,82.08,95.12,53.16,110.05,0.913,0.2212,3,70.35,Aman,0,normal,99.56,76.78,1.266
2025-06-19T06:30:00,3,zone3,6,3,0,1,cloudy,28.98,67.34,430,2,0,0.179,85.21,103.42,106.64,67.6,1.416,0.2405,2,67.15,Aman,0,normal,122.35,94.98,1.521
2025-06-19T06:45:00,5,zone5,6,3,0,0,clear,32.14,63.08,360,2,0,0.163,127.34,129.2,104.61,63.38,0.672,0.3589,7,73.18,Aman,0,normal,116.02,121.69,0.315
2025-06-19T07:00:00,1,zone1,7,3,0,2,rain,26.78,87.6,520,3,0,0.122,176.08,163.6,161.78,99.09,0.975,0.3146,7,67.69,Aman,0,normal,181.33,176.32,0.237
2025-06-19T07:15:00,3,zone3,7,3,0,2,rain,31.66,77.46,430,2,0,0.17,105.46,109.6,87.54,55.55,1.01,0.2549,7,79.79,Aman,0,normal,115.76,95.43,1.129
2025-06-19T07:30:00,5,zone5,7,3,0,0,clear,29.45,64.91,360,2,0,0.06,75.74,90.66,105.8,49.89,0.922,0.2518,6,71.22,Aman,0,normal,89.16,66.8,1.242
2025-06-19T07:45:00,3,zone3,7,3,0,2,rain,29.68,72.29,430,2,0,0.062,39.23,34.16,34.11,76.69,1.128,0.0795,7,61.81,Aman,0,normal,39.12,38.44,0.038
2025-06-19T08:00:00,3,zone3,8,3,0,1,cloudy,30.85,64.8,430,2,0,0.033,130.22,135.97,135.84,68.84,0.452,0.3162,7,97.98,Aman,1,density_spike,300.45,115.08,3.145
2025-06-19T08:15:00,2,zone2,8,3,0,1,cloudy,32.13,64.12,680,4,0,0.115,112.94,106.11,112.85,60.34,1.077,0.156,4,73.13,Aman,0,normal,100.18,105.4,0.29
2025-06-19T08:30:00,3,zone3,8,3,0,0,clear,27.7,61.13,430,2,0,0.115,117.79,154.29,159.96,34.76,1.262,0.3588,3,65.52,Aman,0,normal,165.28,121.95,2.407
2025-06-19T08:45:00,4,zone4,8,3,0,1,cloudy,24.77,76.59,810,5,0,0.119,50.94,74.41,111.39,39.07,1.351,0.0919,7,63.53,Aman,0,normal,94.84,55.51,2.185
2025-06-19T09:00:00,1,zone1,9,3,0,2,rain,27.25,77.48,520,3,0,0.173,130.26,104.88,103.43,62.17,1.11,0.2017,7,68.84,Aman,0,normal,144.11,126.13,0.999
2025-06-19T09:15:00,4,zone4,9,3,0,1,cloudy,31.12,86.07,810,5,1,0.507,153.54,173.68,194.39,90.3,0.994,0.2144,4,82.59,Aman,0,normal,157.92,170.35,0.608
2025-06-19T09:30:00,5,zone5,9,3,0,2,rain,30.87,80.22,360,2,0,0.138,89.85,100.86,100.14,41.97,0.964,0.2802,7,70.41,Aman,0,normal,91.9,88.22,0.204
2025-06-19T09:45:00,2,zone2,9,3,0,0,clear,32.39,74.94,680,4,0,0.028,127.57,126.24,96.29,101.23,1.198,0.1856,8,68.93,Aman,0,normal,125.05,123.28,0.098
2025-06-19T10:00:00,1,zone1,10,3,0,0,clear,31.62,67.6,520,3,0,0.164,156.36,164.02,101.0,44.92,0.855,0.3154,5,62.49,Aman,0,normal,187.48,139.9,2.643
2025-06-19T10:15:00,2,zone2,10,3,0,1,cloudy,28.36,73.64,680,4,0,0.002,157.94,106.08,68.44,18.94,1.237,0.156,5,59.13,Aman,1,density_spike,82.76,152.95,3.824
2025-06-19T10:30:00,4,zone4,10,3,0,1,cloudy,27.35,63.26,810,5,0,0.04,114.49,77.87,69.55,27.92,1.337,0.0961,4,65.8,Aman,0,normal,69.93,118.47,2.697
2025-06-19T10:45:00,4,zone4,10,3,0,2,rain,26.27,86.89,810,5,0,0.032,48.0,51.27,59.65,38.59,1.548,0.0633,8,70.0,Aman,0,normal,67.19,45.78,1.19
2025-06-19T11:00:00,5,zone5,11,3,0,0,clear,31.52,70.06,360,2,0,0.08,43.5,49.33,98.88,51.97,1.294,0.137,8,69.93,Aman,0,normal,68.22,39.51,1.595
2025-06-19T11:15:00,2,zone2,11,3,0,0,clear,31.06,68.12,680,4,0,0.134,132.33,155.35,145.55,84.58,1.023,0.2285,5,78.25,Aman,0,normal,138.27,148.18,0.55
2025-06-19T11:30:00,3,zone3,11,3,0,1,cloudy,30.81,82.87,430,2,1,0.66,103.98,147.95,168.28,105.69,0.82,0.3441,2,89.31,Waspada,1,density_spike,149.52,94.83,3.038
2025-06-19T11:45:00,1,zone1,11,3,0,1,cloudy,27.46,74.27,520,3,0,0.151,119.51,115.96,84.28,55.28,1.025,0.223,3,73.16,Aman,0,normal,115.51,119.34,0.212
2025-06-19T12:00:00,4,zone4,12,3,0,0,clear,32.95,67.56,810,5,0,0.094,147.17,132.92,142.37,42.26,1.187,0.1641,6,69.59,Aman,0,normal,125.72,157.56,1.684
2025-06-19T12:15:00,1,zone1,12,3,0,0,clear,31.57,72.52,520,3,0,0.056,101.52,105.2,148.76,60.53,1.299,0.2023,4,68.33,Aman,0,normal,76.49,103.99,1.528
2025-06-19T12:30:00,5,zone5,12,3,0,0,clear,30.1,57.04,360,2,0,0.072,109.7,123.16,95.84,60.39,1.114,0.3421,3,72.65,Aman,0,normal,111.64,117.18,0.308
2025-06-19T12:45:00,1,zone1,12,3,0,0,clear,29.74,72.32,520,3,0,0.119,140.2,169.08,149.94,55.04,1.141,0.3251,7,72.17,Aman,0,normal,159.85,133.98,1.438
2025-06-19T13:00:00,5,zone5,13,3,0,1,cloudy,35.21,65.15,360,2,0,0.12,100.44,102.14,128.55,87.32,1.185,0.2837,6,73.24,Aman,0,normal,98.16,102.48,0.24
2025-06-19T13:15:00,5,zone5,13,3,0,0,clear,33.35,57.85,360,2,0,0.007,160.03,141.92,117.83,77.61,0.808,0.3942,6,73.95,Aman,0,normal,150.78,147.53,0.181
2025-06-19T13:30:00,5,zone5,13,3,0,0,clear,31.26,50.86,360,2,0,0.121,100.59,79.17,68.42,31.96,0.602,0.2199,5,97.0,Aman,1,density_spike,131.03,103.49,4.519
2025-06-19T13:45:00,4,zone4,13,3,0,0,clear,31.08,66.78,810,5,0,0.102,124.76,122.91,128.66,36.35,0.98,0.1517,2,64.28,Aman,0,normal,120.8,112.05,0.486
2025-06-19T14:00:00,2,zone2,14,3,0,0,clear,32.65,53.62,680,4,0,0.102,154.48,150.96,159.16,90.48,0.87,0.222,4,60.05,Aman,0,normal,158.36,144.47,0.772
2025-06-19T14:15:00,3,zone3,14,3,0,0,clear,30.92,63.51,430,2,0,0.119,145.32,159.22,162.67,62.46,0.968,0.3703,3,65.93,Aman,0,normal,132.8,160.68,1.446
2025-06-19T14:30:00,4,zone4,14,3,0,1,cloudy,27.9,79.05,810,5,0,0.134,87.71,61.87,34.26,64.53,1.238,0.0764,7,80.74,Aman,0,normal,38.27,85.74,2.637
2025-06-19T14:45:00,4,zone4,14,3,0,0,clear,30.98,61.54,810,5,0,0.022,75.56,70.06,92.52,9.93,1.468,0.0865,2,67.72,Aman,0,normal,61.53,71.06,0.529
2025-06-19T15:00:00,4,zone4,15,3,0,1,cloudy,31.92,77.92,810,5,0,0.103,73.25,52.88,34.1,36.99,1.158,0.0653,5,56.92,Aman,0,normal,65.36,74.73,0.521
2025-06-19T15:15:00,4,zone4,15,3,0,0,clear,32.5,55.34,810,5,0,0.127,100.91,94.95,77.58,77.26,1.168,0.1172,5,54.86,Aman,0,normal,118.7,108.7,0.556
2025-06-19T15:30:00,4,zone4,15,3,0,1,cloudy,28.48,75.85,810,5,0,0.174,102.88,69.08,74.54,30.6,1.33,0.0853,6,68.34,Aman,1,density_spike,29.86,97.35,3.75
2025-06-19T15:45:00,2,zone2,15,3,0,0,clear,30.35,81.54,680,4,0,0.055,151.56,174.01,183.96,63.05,0.84,0.2559,5,63.27,Aman,0,normal,194.53,146.24,2.683
2025-06-19T16:00:00,2,zone2,16,3,0,0,clear,29.28,58.11,680,4,0,0.134,132.49,163.38,138.83,58.54,0.996,0.2403,8,64.44,Aman,0,normal,169.06,123.08,2.554
2025-06-19T16:15:00,3,zone3,16,3,0,0,clear,30.77,67.24,430,2,0,0.032,160.47,174.42,140.3,34.78,1.154,0.4056,6,65.63,Aman,0,normal,170.71,174.21,0.168
2025-06-19T16:30:00,3,zone3,16,3,0,0,clear,27.84,66.83,430,2,1,0.615,148.4,209.19,212.92,126.87,0.422,0.4865,7,101.78,Waspada,1,density_spike,53.88,130.75,5.354
2025-06-19T16:45:00,3,zone3,16,3,0,3,storm,26.08,81.4,430,2,0,0.074,126.35,110.67,106.73,33.63,0.953,0.2574,2,65.54,Aman,0,normal,134.42,115.72,1.039
2025-06-19T17:00:00,5,zone5,17,3,0,0,clear,31.52,70.2,360,2,0,0.072,91.52,111.96,111.26,26.58,0.615,0.311,8,94.76,Aman,1,density_spike,34.2,91.05,5.752
2025-06-19T17:15:00,1,zone1,17,3,0,3,storm,25.75,84.06,520,3,0,0.067,154.57,131.88,99.7,71.7,0.489,0.2536,6,101.13,Aman,1,density_spike,206.65,162.03,4.142
2025-06-19T17:30:00,5,zone5,17,3,0,0,clear,30.22,77.22,360,2,0,0.074,30.71,35.56,14.11,49.96,0.923,0.0988,6,64.21,Aman,0,normal,54.34,28.04,1.461
2025-06-19T17:45:00,5,zone5,17,3,0,2,rain,29.23,89.8,360,2,0,0.153,128.19,160.96,168.03,63.18,0.675,0.4471,2,73.6,Waspada,0,normal,171.04,135.65,1.966
2025-06-19T18:00:00,3,zone3,18,3,0,0,clear,28.58,83.49,430,2,0,0.101,130.31,123.38,125.7,24.04,1.125,0.2869,7,75.78,Aman,0,normal,105.95,128.87,1.273
2025-06-19T18:15:00,4,zone4,18,3,0,0,clear,31.42,68.52,810,5,1,0.67,126.13,211.05,260.82,132.89,1.204,0.2606,7,82.14,Waspada,1,density_spike,217.65,121.21,5.358
2025-06-19T18:30:00,3,zone3,18,3,0,2,rain,26.06,78.99,430,2,0,0.088,132.12,134.89,192.79,69.03,0.637,0.3137,7,57.82,Aman,0,normal,142.13,138.03,0.228
2025-06-19T18:45:00,5,zone5,18,3,0,2,rain,31.33,86.15,360,2,0,0.033,11.66,11.11,4,13.63,1.235,0.0309,3,67.01,Aman,0,normal,44.16,12.5,1.759
2025-06-19T19:00:00,4,zone4,19,3,0,0,clear,28.68,68.61,810,5,0,0.126,147.86,124.77,178.25,44.8,0.966,0.154,5,67.17,Aman,0,normal,135.91,138.24,0.13
2025-06-19T19:15:00,1,zone1,19,3,0,2,rain,29.24,81.51,520,3,0,0.001,156.54,145.59,136.46,89.56,0.922,0.28,8,69.14,Aman,0,normal,126.98,136.35,0.521
2025-06-19T19:30:00,1,zone1,19,3,0,1,cloudy,32.29,82.0,520,3,0,0.018,189.22,147.38,170.97,79.03,1.036,0.2834,4,68.93,Aman,0,normal,159.14,191.78,1.418
2025-06-19T19:45:00,5,zone5,19,3,0,0,clear,26.65,62.65,360,2,0,0.125,52.76,51.2,86.11,30.0,1.044,0.1422,7,66.9,Aman,0,normal,48.82,48.91,0.005
2025-06-19T20:00:00,3,zone3,20,3,0,0,clear,30.17,71.94,430,2,0,0.111,106.48,100.66,144.2,39.55,1.165,0.2341,8,78.7,Aman,0,normal,70.2,106.34,2.008
2025-06-19T20:15:00,5,zone5,20,3,0,1,cloudy,27.24,75.27,360,2,0,0.017,109.81,122.61,140.59,28.15,0.95,0.3406,2,65.49,Aman,0,normal,83.8,103.58,1.099
2025-06-19T20:30:00,2,zone2,20,3,0,3,storm,28.5,75.44,680,4,0,0.07,77.28,61.12,91.11,63.78,1.367,0.0899,5,70.67,Aman,0,normal,46.19,72.66,1.471
2025-06-19T20:45:00,5,zone5,20,3,0,1,cloudy,29.09,59.15,360,2,0,0.141,95.7,91.12,106.48,54.33,1.133,0.2531,5,69.15,Aman,0,normal,101.82,104.61,0.155
2025-06-19T21:00:00,4,zone4,21,3,0,2,rain,25.29,88.04,810,5,0,0.129,107.61,107.7,137.68,72.09,1.224,0.133,2,68.46,Aman,0,normal,116.25,115.96,0.017
2025-06-19T21:15:00,1,zone1,21,3,0,0,clear,29.01,78.96,520,3,0,0.172,168.35,180.72,220.03,55.8,1.237,0.3475,3,73.09,Aman,0,normal,189.57,156.69,1.749
2025-06-19T21:30:00,1,zone1,21,3,0,0,clear,31.04,76.26,520,3,0,0.112,200.87,216.97,257.14,44.72,1.04,0.4173,3,67.73,Aman,0,normal,227.41,220.61,0.257
2025-06-19T21:45:00,3,zone3,21,3,0,2,rain,25.93,67.5,430,2,0,0.014,87.42,78.31,68.75,53.4,0.901,0.1821,4,70.28,Aman,0,normal,112.84,85.77,1.504
2025-06-19T22:00:00,5,zone5,22,3,0,1,cloudy,30.86,88.91,360,2,0,0.157,130.88,166.06,144.88,81.16,0.914,0.4613,6,68.59,Waspada,0,normal,143.74,143.22,0.029
2025-06-19T22:15:00,1,zone1,22,3,0,1,cloudy,30.7,60.28,520,3,0,0.027,159.13,168.31,159.86,29.12,1.1,0.3237,8,66.03,Aman,0,normal,152.05,156.44,0.233
2025-06-19T22:30:00,3,zone3,22,3,0,2,rain,27.53,76.05,430,2,0,0.138,59.27,47.77,65.33,84.94,0.912,0.1111,4,77.61,Aman,0,normal,40.39,52.95,0.698
2025-06-19T22:45:00,4,zone4,22,3,0,3,storm,25.47,82.88,810,5,0,0.136,100.19,57.27,115.55,57.09,1.363,0.0707,6,71.27,Aman,1,density_spike,54.64,111.87,3.179
2025-06-19T23:00:00,4,zone4,23,3,0,0,clear,28.69,65.62,810,5,0,0.128,16.03,13.05,9.55,78.47,1.329,0.0161,7,65.26,Aman,0,normal,20.64,15.76,0.271
2025-06-19T23:15:00,4,zone4,23,3,0,0,clear,33.06,56.4,810,5,0,0.018,140.33,137.02,112.12,76.62,1.258,0.1692,5,70.73,Aman,0,normal,131.68,155.51,1.277
2025-06-19T23:30:00,1,zone1,23,3,0,0,clear,33.13,72.04,520,3,0,0.05,189.17,217.41,171.7,42.95,0.844,0.4181,4,68.38,Aman,0,normal,200.9,191.96,0.388
2025-06-19T23:45:00,3,zone3,23,3,0,0,clear,34.34,74.29,430,2,0,0.16,87.56,108.61,107.9,42.62,1.159,0.2526,2,70.3,Aman,0,normal,74.96,82.19,0.402
2025-06-20T00:00:00,5,zone5,0,4,0,1,cloudy,29.04,71.35,360,2,0,0.128,79.4,53.02,34.07,35.1,1.059,0.1473,5,68.44,Aman,0,normal,88.65,82.95,0.317
2025-06-20T00:15:00,5,zone5,0,4,0,1,cloudy,33.19,59.39,360,2,0,0.046,28.93,35.7,34.73,73.39,1.453,0.0992,6,66.94,Aman,0,normal,44.91,26.14,1.043
2025-06-20T00:30:00,5,zone5,0,4,0,0,clear,29.6,68.59,360,2,0,0.167,56.98,80.54,99.93,73.31,1.354,0.2237,6,76.27,Aman,0,normal,51.05,55.87,0.267
2025-06-20T00:45:00,1,zone1,0,4,0,0,clear,28.26,75.84,520,3,0,0.069,130.02,151.55,147.07,88.19,1.072,0.2914,5,78.86,Aman,1,density_spike,202.12,140.64,3.416
2025-06-20T01:00:00,2,zone2,1,4,0,1,cloudy,28.56,73.37,680,4,0,0.023,146.38,123.41,77.71,53.12,0.909,0.1815,8,73.13,Aman,0,normal,119.98,142.13,1.23
2025-06-20T01:15:00,1,zone1,1,4,0,2,rain,22.32,93.17,520,3,0,0.065,75.1,74.0,51.45,49.82,1.111,0.1423,5,71.83,Aman,0,normal,77.07,71.47,0.311
2025-06-20T01:30:00,2,zone2,1,4,0,0,clear,34.4,61.22,680,4,0,0.048,43.79,43.33,4,13.36,1.595,0.0637,7,76.91,Aman,0,normal,83.81,42.59,2.29
2025-06-20T01:45:00,1,zone1,1,4,0,2,rain,27.85,75.08,520,3,0,0.084,146.03,106.06,111.83,47.84,1.376,0.204,3,70.84,Aman,0,normal,103.43,151.76,2.654
2025-06-20T02:00:00,5,zone5,2,4,0,0,clear,29.03,68.22,360,2,0,0.177,43.7,43.78,63.31,55.17,1.005,0.1216,8,72.02,Aman,0,normal,8.59,46.26,2.093
2025-06-20T02:15:00,5,zone5,2,4,0,0,clear,35.09,73.61,360,2,0,0.083,100.32,89.13,93.11,63.75,1.367,0.2476,5,66.31,Aman,0,normal,109.57,112.31,0.153
2025-06-20T02:30:00,3,zone3,2,4,0,0,clear,29.76,57.55,430,2,0,0.1,51.16,31.78,51.9,79.59,0.401,0.0739,6,77.26,Aman,1,density_spike,4.03,50.51,3.332
2025-06-20T02:45:00,3,zone3,2,4,0,0,clear,34.26,66.51,430,2,1,0.606,122.02,152.76,188.31,90.24,0.772,0.3553,4,91.83,Waspada,0,normal,172.5,121.58,2.829
2025-06-20T03:00:00,4,zone4,3,4,0,1,cloudy,25.59,83.1,810,5,0,0.045,51.36,35.93,10.95,22.86,0.854,0.0444,4,64.71,Aman,0,normal,52.37,51.25,0.062
2025-06-20T03:15:00,5,zone5,3,4,0,0,clear,31.53,71.75,360,2,0,0.07,49.71,80.9,88.69,77.47,1.297,0.2247,8,65.16,Aman,1,density_spike,107.66,43.49,3.565
2025-06-20T03:30:00,4,zone4,3,4,0,1,cloudy,27.4,69.05,810,5,0,0.028,12.4,44.65,76.63,66.65,1.1,0.0551,7,66.64,Aman,0,normal,42.39,13.14,1.625
2025-06-20T03:45:00,3,zone3,3,4,0,0,clear,37.25,67.6,430,2,0,0.15,88.31,73.59,79.05,74.45,1.431,0.1711,5,64.49,Aman,0,normal,81.55,87.62,0.337
2025-06-20T04:00:00,5,zone5,4,4,0,0,clear,30.76,73.23,360,2,1,0.96,78.99,128.09,198.89,135.84,1.182,0.3558,8,79.1,Waspada,1,density_spike,134.94,73.96,3.388
2025-06-20T04:15:00,4,zone4,4,4,0,0,clear,31.21,59.6,810,5,0,0.009,127.35,138.57,150.6,35.36,1.117,0.1711,8,56.7,Aman,0,normal,162.42,118.26,2.453
2025-06-20T04:30:00,4,zone4,4,4,0,1,cloudy,25.54,72.64,810,5,0,0.111,23.01,4,9.28,32.33,1.425,0.0049,3,72.92,Aman,0,normal,1.82,21.3,1.083
2025-06-20T04:45:00,3,zone3,4,4,0,0,clear,29.4,62.53,430,2,0,0.08,97.51,89.28,68.62,50.65,0.506,0.2076,6,92.88,Aman,1,density_spike,202.24,92.3,5.595
2025-06-20T05:00:00,1,zone1,5,4,0,1,cloudy,32.76,74.16,520,3,0,0.001,143.11,162.61,141.38,69.34,1.145,0.3127,2,75.91,Aman,0,normal,162.27,134.34,1.552
2025-06-20T05:15:00,1,zone1,5,4,0,0,clear,32.4,55.38,520,3,0,0.01,128.87,126.96,141.75,49.91,0.908,0.2442,3,69.9,Aman,0,normal,112.94,112.36,0.032
2025-06-20T05:30:00,2,zone2,5,4,0,0,clear,31.71,56.97,680,4,0,0.156,99.49,104.43,145.78,38.51,0.47,0.1536,4,79.03,Aman,1,density_spike,21.25,110.24,5.737
2025-06-20T05:45:00,2,zone2,5,4,0,2,rain,27.78,78.23,680,4,0,0.085,114.44,76.34,57.41,46.78,0.87,0.1123,4,68.11,Aman,0,normal,73.6,117.11,2.417
2025-06-20T06:00:00,4,zone4,6,4,0,1,cloudy,29.72,48,810,5,0,0.157,23.5,56.54,59.55,96.24,0.94,0.0698,3,66.0,Aman,0,normal,64.58,25.48,2.172
2025-06-20T06:15:00,3,zone3,6,4,0,0,clear,28.99,55.06,430,2,0,0.049,104.29,95.54,91.88,29.66,1.444,0.2222,4,65.34,Aman,0,normal,77.57,94.73,0.953
2025-06-20T06:30:00,4,zone4,6,4,0,2,rain,25.37,87.84,810,5,0,0.078,31.15,21.68,47.63,36.29,1.629,0.0268,6,77.36,Aman,0,normal,32.72,30.02,0.15
2025-06-20T06:45:00,2,zone2,6,4,0,0,clear,32.53,63.74,680,4,0,0.108,137.2,189.35,176.22,92.81,1.211,0.2785,3,63.72,Aman,1,density_spike,201.2,118.31,4.605
2025-06-20T07:00:00,5,zone5,7,4,0,1,cloudy,26.3,76.09,360,2,1,0.768,71.46,94.52,144.19,107.32,1.3,0.2625,4,84.46,Waspada,0,normal,101.1,69.91,1.733
2025-06-20T07:15:00,4,zone4,7,4,0,0,clear,32.94,63.95,810,5,0,0.174,142.44,157.61,185.99,74.4,0.89,0.1946,5,68.21,Aman,0,normal,185.55,154.64,1.666
2025-06-20T07:30:00,5,zone5,7,4,0,0,clear,26.93,72.98,360,2,0,0.01,106.23,120.22,132.94,36.64,1.076,0.334,8,67.83,Aman,0,normal,92.0,117.54,1.419
2025-06-20T07:45:00,5,zone5,7,4,0,0,clear,30.55,66.08,360,2,0,0.047,104.57,130.2,134.55,42.86,0.904,0.3617,7,85.39,Aman,0,normal,128.87,90.84,2.113
2025-06-20T08:00:00,3,zone3,8,4,0,0,clear,36.1,75.8,430,2,0,0.148,73.5,62.47,82.25,71.0,1.245,0.1453,2,64.13,Aman,0,normal,49.1,74.64,1.419
2025-06-20T08:15:00,5,zone5,8,4,0,2,rain,24.76,74.84,360,2,0,0.044,47.98,21.66,32.93,58.07,1.207,0.0602,5,67.27,Aman,0,normal,7.26,51.17,2.44
2025-06-20T08:30:00,2,zone2,8,4,0,1,cloudy,28.88,72.6,680,4,0,0.029,155.74,129.93,120.52,61.42,1.261,0.1911,2,70.8,Aman,1,density_spike,101.04,160.84,3.098
2025-06-20T08:45:00,4,zone4,8,4,0,2,rain,29.27,77.03,810,5,0,0.164,76.09,91.71,71.07,76.75,1.183,0.1132,2,59.72,Aman,0,normal,85.99,69.74,0.903
2025-06-20T09:00:00,4,zone4,9,4,0,1,cloudy,32.38,70.28,810,5,0,0.08,127.36,84.26,108.49,82.47,1.034,0.104,3,66.54,Aman,1,density_spike,62.89,137.94,4.17
2025-06-20T09:15:00,2,zone2,9,4,0,1,cloudy,30.77,68.47,680,4,0,0.079,121.86,129.81,143.43,80.47,1.045,0.1909,3,61.91,Aman,0,normal,133.88,121.52,0.687
2025-06-20T09:30:00,1,zone1,9,4,0,0,clear,27.82,66.54,520,3,0,0.007,121.83,120.36,110.25,17.17,0.839,0.2315,4,60.34,Aman,0,normal,121.36,108.05,0.739
2025-06-20T09:45:00,3,zone3,9,4,0,0,clear,30.1,79.26,430,2,0,0.133,113.83,139.72,113.09,56.44,0.994,0.3249,4,83.78,Aman,0,normal,150.55,98.68,2.882
2025-06-20T10:00:00,4,zone4,10,4,0,1,cloudy,28.88,74.18,810,5,0,0.141,125.15,86.08,77.62,72.88,0.807,0.1063,6,65.16,Aman,0,normal,70.34,112.59,2.348
2025-06-20T10:15:00,4,zone4,10,4,0,1,cloudy,24.77,79.07,810,5,0,0.049,108.58,109.28,123.13,52.36,1.048,0.1349,6,65.78,Aman,0,normal,74.65,100.39,1.43
2025-06-20T10:30:00,5,zone5,10,4,0,0,clear,29.35,81.38,360,2,0,0.128,123.88,117.63,111.51,96.45,0.733,0.3268,5,62.52,Waspada,0,normal,133.42,133.77,0.019
2025-06-20T10:45:00,5,zone5,10,4,0,0,clear,31.42,58.62,360,2,0,0.152,108.69,107.83,136.33,61.96,1.057,0.2995,3,70.11,Aman,0,normal,138.65,94.07,2.477
2025-06-20T11:00:00,2,zone2,11,4,0,2,rain,28.27,82.11,680,4,0,0.088,93.29,88.63,105.74,61.85,1.09,0.1303,7,70.17,Aman,0,normal,84.68,102.22,0.974
2025-06-20T11:15:00,3,zone3,11,4,0,0,clear,33.43,64.82,430,2,0,0.052,102.6,142.89,130.03,46.23,1.14,0.3323,3,54.3,Aman,0,normal,124.9,93.96,1.719
2025-06-20T11:30:00,4,zone4,11,4,0,1,cloudy,28.91,82.17,810,5,0,0.075,45.16,29.75,31.06,50.2,1.516,0.0367,2,67.26,Aman,0,normal,27.66,47.27,1.089
2025-06-20T11:45:00,3,zone3,11,4,0,1,cloudy,32.36,64.96,430,2,0,0.138,120.75,117.46,97.61,66.24,1.218,0.2732,5,58.7,Aman,0,normal,84.6,131.16,2.587
2025-06-20T12:00:00,4,zone4,12,4,0,0,clear,31.48,56.78,810,5,0,0.173,73.2,84.66,65.59,18.53,0.347,0.1045,8,92.51,Aman,1,density_spike,132.81,64.71,3.984
2025-06-20T12:15:00,2,zone2,12,4,0,1,cloudy,26.77,70.77,680,4,0,0.078,140.53,175.05,184.51,45.77,0.725,0.2574,6,73.04,Aman,0,normal,199.3,155.64,2.338
2025-06-20T12:30:00,5,zone5,12,4,0,0,clear,35.96,71.39,360,2,0,0.171,129.86,159.5,165.73,53.01,0.914,0.4431,8,63.81,Waspada,0,normal,150.58,130.04,1.141
2025-06-20T12:45:00,2,zone2,12,4,0,1,cloudy,28.26,69.78,680,4,0,0.053,170.14,162.28,137.23,60.38,1.109,0.2386,5,66.58,Aman,0,normal,151.78,168.21,0.814
2025-06-20T13:00:00,4,zone4,13,4,0,0,clear,34.07,60.37,810,5,0,0.117,81.51,68.94,33.93,69.04,1.147,0.0851,4,71.81,Aman,0,normal,82.29,71.97,0.573
2025-06-20T13:15:00,2,zone2,13,4,0,3,storm,26.25,94.1,680,4,0,0.127,76.91,64.77,51.7,42.92,1.236,0.0952,3,75.8,Aman,0,normal,55.19,81.98,1.488
2025-06-20T13:30:00,1,zone1,13,4,0,2,rain,26.66,75.74,520,3,0,0.145,161.66,148.85,90.08,97.69,0.603,0.2862,2,64.3,Aman,0,normal,119.06,174.33,2.642
2025-06-20T13:45:00,2,zone2,13,4,0,0,clear,33.24,69.6,680,4,0,0.025,98.03,101.59,113.08,28.75,1.155,0.1494,4,65.39,Aman,0,normal,89.12,94.85,0.319
2025-06-20T14:00:00,5,zone5,14,4,0,3,storm,23.29,81.93,360,2,0,0.044,60.42,20.89,4,65.85,1.413,0.058,5,58.23,Aman,0,normal,25.54,62.42,2.049
2025-06-20T14:15:00,5,zone5,14,4,0,0,clear,29.92,61.93,360,2,0,0.01,47.57,75.03,86.58,69.48,0.962,0.2084,5,66.44,Aman,1,density_spike,100.79,43.57,3.179
2025-06-20T14:30:00,2,zone2,14,4,0,0,clear,31.52,76.49,680,4,1,0.676,131.17,183.21,212.93,136.33,1.186,0.2694,2,81.24,Waspada,0,normal,174.83,127.91,2.606
2025-06-20T14:45:00,1,zone1,14,4,0,0,clear,30.22,69.63,520,3,1,0.766,207.7,234.9,262.21,119.0,0.366,0.4517,5,114,Waspada,1,density_spike,65.62,208.18,5.04
2025-06-20T15:00:00,2,zone2,15,4,0,1,cloudy,27.14,73.01,680,4,0,0.167,39.09,73.0,88.78,81.21,0.927,0.1073,8,72.98,Aman,0,normal,78.46,39.18,2.182
2025-06-20T15:15:00,5,zone5,15,4,0,1,cloudy,32.03,67.16,360,2,1,0.903,94.18,142.25,194.49,151.96,1.017,0.3951,5,91.12,Bahaya,0,normal,128.49,101.37,1.507
2025-06-20T15:30:00,5,zone5,15,4,0,1,cloudy,27.62,75.05,360,2,0,0.024,93.64,108.88,58.2,71.84,1.058,0.3024,6,66.52,Aman,0,normal,130.72,103.47,1.514
2025-06-20T15:45:00,3,zone3,15,4,0,0,clear,28.9,69.0,430,2,1,0.492,127.16,183.2,239.09,116.73,1.063,0.426,6,90.21,Waspada,1,density_spike,169.33,113.0,3.129
2025-06-20T16:00:00,2,zone2,16,4,0,3,storm,26.61,93.46,680,4,0,0.051,104.61,91.63,94.84,42.25,0.997,0.1347,8,67.88,Aman,0,normal,132.74,100.89,1.769
2025-06-20T16:15:00,1,zone1,16,4,0,0,clear,26.81,76.46,520,3,0,0.082,112.51,129.97,148.03,64.09,1.125,0.2499,3,68.75,Aman,0,normal,119.37,117.94,0.079
2025-06-20T16:30:00,1,zone1,16,4,0,2,rain,27.45,84.02,520,3,0,0.135,123.25,96.99,78.47,63.1,1.323,0.1865,2,53.37,Aman,0,normal,60.39,108.66,2.682
2025-06-20T16:45:00,5,zone5,16,4,0,0,clear,29.42,61.4,360,2,0,0.043,73.11,88.52,122.36,54.52,0.659,0.2459,2,58.3,Aman,0,normal,82.78,76.2,0.366
2025-06-20T17:00:00,4,zone4,17,4,0,0,clear,32.2,65.74,810,5,0,0.161,132.68,177.04,174.72,60.53,1.137,0.2186,7,80.11,Aman,0,normal,157.04,141.15,0.883
2025-06-20T17:15:00,5,zone5,17,4,0,0,clear,31.2,63.42,360,2,0,0.055,52.64,52.7,47.33,43.48,0.919,0.1464,2,63.91,Aman,0,normal,45.02,50.63,0.311
2025-06-20T17:30:00,2,zone2,17,4,0,0,clear,30.25,74.27,680,4,0,0.138,83.26,96.41,95.88,50.6,1.122,0.1418,6,57.08,Aman,0,normal,98.38,74.19,1.344
2025-06-20T17:45:00,4,zone4,17,4,0,0,clear,28.98,77.44,810,5,0,0.017,76.85,92.16,58.75,41.71,1.188,0.1138,3,60.28,Aman,0,normal,75.42,79.68,0.237
2025-06-20T18:00:00,2,zone2,18,4,0,2,rain,28.87,75.71,680,4,0,0.102,63.83,63.82,60.97,50.5,1.314,0.0939,5,71.34,Aman,0,normal,77.15,56.46,1.149
2025-06-20T18:15:00,5,zone5,18,4,0,0,clear,28.63,60.74,360,2,0,0.012,84.48,75.52,106.11,50.97,1.022,0.2098,5,66.93,Aman,0,normal,103.06,83.37,1.094
2025-06-20T18:30:00,4,zone4,18,4,0,0,clear,29.09,64.21,810,5,0,0.093,112.21,133.9,138.43,80.2,1.161,0.1653,8,70.73,Aman,0,normal,94.21,118.09,1.326
2025-06-20T18:45:00,1,zone1,18,4,0,1,cloudy,30.74,69.21,520,3,0,0.178,154.95,172.4,213.91,75.27,1.049,0.3315,6,80.51,Aman,1,density_spike,208.58,140.6,3.777
2025-06-20T19:00:00,2,zone2,19,4,0,0,clear,29.92,70.97,680,4,0,0.176,134.27,120.09,154.62,62.08,0.913,0.1766,8,70.37,Aman,0,normal,145.35,150.03,0.26
2025-06-20T19:15:00,1,zone1,19,4,0,1,cloudy,32.02,73.68,520,3,1,0.603,193.11,228.97,296.15,115.14,0.96,0.4403,3,79.52,Waspada,1,density_spike,235.38,167.29,3.392
2025-06-20T19:30:00,5,zone5,19,4,0,0,clear,30.8,72.71,360,2,0,0.153,145.36,169.68,176.97,77.61,0.518,0.4713,2,76.35,Waspada,0,normal,173.37,149.48,1.327
2025-06-20T19:45:00,4,zone4,19,4,0,0,clear,31.56,62.85,810,5,0,0.036,72.95,60.63,61.82,56.32,0.927,0.0749,6,58.97,Aman,0,normal,88.37,78.75,0.535
2025-06-20T20:00:00,3,zone3,20,4,0,0,clear,29.7,74.17,430,2,0,0.131,133.43,122.68,146.77,85.76,0.977,0.2853,2,72.0,Aman,0,normal,121.95,129.48,0.418
2025-06-20T20:15:00,4,zone4,20,4,0,1,cloudy,25.92,74.06,810,5,0,0.097,50.47,45.75,35.12,30.82,1.208,0.0565,4,54.62,Aman,0,normal,84.94,55.59,1.631
2025-06-20T20:30:00,3,zone3,20,4,0,1,cloudy,29.71,71.82,430,2,0,0.097,93.9,77.03,96.37,44.52,1.142,0.1791,2,66.9,Aman,0,normal,76.31,90.03,0.762
2025-06-20T20:45:00,4,zone4,20,4,0,1,cloudy,27.94,69.7,810,5,0,0.016,157.72,139.82,158.92,36.55,1.305,0.1726,3,59.22,Aman,0,normal,131.59,137.27,0.315
2025-06-20T21:00:00,5,zone5,21,4,0,0,clear,32.14,65.31,360,2,0,0.13,102.76,127.85,147.21,81.03,1.024,0.3551,7,78.59,Aman,0,normal,118.15,101.49,0.926
2025-06-20T21:15:00,2,zone2,21,4,0,0,clear,32.1,71.3,680,4,0,0.106,155.06,149.11,198.73,54.87,1.034,0.2193,3,62.76,Aman,0,normal,156.81,150.74,0.335
2025-06-20T21:30:00,1,zone1,21,4,0,1,cloudy,34.89,67.13,520,3,0,0.05,196.93,176.97,213.11,36.42,0.828,0.3403,7,61.04,Aman,0,normal,157.53,209.35,2.063
2025-06-20T21:45:00,2,zone2,21,4,0,1,cloudy,26.38,86.66,680,4,0,0.115,133.32,132.98,211.03,88.13,1.226,0.1956,5,78.89,Aman,0,normal,171.66,120.13,2.863
2025-06-20T22:00:00,5,zone5,22,4,0,0,clear,29.97,75.0,360,2,0,0.068,57.75,81.01,94.98,52.87,0.987,0.225,6,72.58,Aman,0,normal,94.26,63.03,1.735
2025-06-20T22:15:00,5,zone5,22,4,0,0,clear,34.54,71.71,360,2,1,0.765,26.82,83.93,95.33,132.23,1.0,0.2331,2,86.98,Waspada,1,density_spike,84.98,26.46,3.251
2025-06-20T22:30:00,4,zone4,22,4,0,0,clear,32.3,58.75,810,5,0,0.05,166.03,199.42,214.25,78.56,1.25,0.2462,7,62.6,Aman,0,normal,191.11,183.28,0.356
2025-06-20T22:45:00,5,zone5,22,4,0,0,clear,30.86,64.83,360,2,0,0.172,74.82,79.44,108.99,57.65,1.019,0.2207,4,72.93,Aman,0,normal,98.93,72.04,1.494
2025-06-20T23:00:00,4,zone4,23,4,0,0,clear,30.99,81.63,810,5,0,0.124,72.9,122.13,138.47,55.36,1.14,0.1508,3,65.83,Aman,0,normal,122.05,69.17,2.938
2025-06-20T23:15:00,2,zone2,23,4,0,0,clear,27.02,78.7,680,4,0,0.051,156.34,179.05,147.74,63.11,1.197,0.2633,4,77.68,Aman,0,normal,162.28,172.09,0.475
2025-06-20T23:30:00,3,zone3,23,4,0,0,clear,32.2,62.02,430,2,1,0.814,144.36,188.26,188.35,121.1,1.086,0.4378,8,91.83,Waspada,1,density_spike,212.24,136.81,4.191
2025-06-20T23:45:00,2,zone2,23,4,0,0,clear,27.74,71.62,680,4,0,0.052,144.23,144.34,148.1,20.05,1.05,0.2123,4,76.04,Aman,0,normal,160.18,158.06,0.112
2025-06-21T00:00:00,2,zone2,0,5,1,0,clear,29.98,61.59,680,4,0,0.071,147.99,154.64,180.47,58.96,1.216,0.2274,5,56.64,Aman,0,normal,130.36,148.5,1.008
2025-06-21T00:15:00,4,zone4,0,5,1,0,clear,33.72,75.11,810,5,0,0.127,100.06,116.83,92.54,78.93,1.42,0.1442,8,66.45,Aman,0,normal,107.74,101.21,0.362
2025-06-21T00:30:00,5,zone5,0,5,1,0,clear,30.27,65.95,360,2,1,0.454,109.67,99.36,113.0,75.21,0.935,0.276,2,80.86,Waspada,0,normal,108.99,103.48,0.306
2025-06-21T00:45:00,1,zone1,0,5,1,0,clear,28.1,66.18,520,3,0,0.008,131.7,153.47,130.3,50.07,0.864,0.2951,6,60.83,Aman,0,normal,168.65,131.88,2.043
2025-06-21T01:00:00,2,zone2,1,5,1,0,clear,32.49,63.38,680,4,0,0.108,60.84,93.15,82.03,80.38,1.294,0.137,4,60.64,Aman,0,normal,105.26,68.08,2.066
2025-06-21T01:15:00,1,zone1,1,5,1,0,clear,33.95,57.51,520,3,1,0.502,151.19,149.29,166.19,105.7,1.22,0.2871,8,81.83,Waspada,0,normal,140.22,137.22,0.167
2025-06-21T01:30:00,1,zone1,1,5,1,1,cloudy,22.67,78.38,520,3,1,0.85,184.37,246.0,251.78,167.3,0.465,0.4731,3,88.58,Bahaya,1,density_spike,262.29,170.39,4.495
2025-06-21T01:45:00,2,zone2,1,5,1,0,clear,29.03,57.74,680,4,0,0.007,60.88,49.72,60.11,70.93,1.495,0.0731,3,60.79,Aman,0,normal,28.2,60.82,1.812
2025-06-21T02:00:00,4,zone4,2,5,1,1,cloudy,30.39,76.89,810,5,0,0.054,61.91,20.23,4,45.56,1.404,0.025,4,69.98,Aman,0,normal,55.85,64.32,0.47
2025-06-21T02:15:00,3,zone3,2,5,1,2,rain,21.08,86.14,430,2,1,0.82,117.51,127.66,143.4,139.92,1.001,0.2969,8,83.47,Waspada,0,normal,137.66,111.64,1.446
2025-06-21T02:30:00,4,zone4,2,5,1,1,cloudy,28.11,67.87,810,5,0,0.096,53.17,39.39,62.64,26.51,1.481,0.0486,3,64.13,Aman,0,normal,31.05,48.29,0.958
2025-06-21T02:45:00,5,zone5,2,5,1,1,cloudy,34.14,76.22,360,2,0,0.117,67.04,44.39,23.07,28.78,1.221,0.1233,6,67.92,Aman,0,normal,39.0,60.8,1.211
2025-06-21T03:00:00,3,zone3,3,5,1,2,rain,23.81,82.27,430,2,0,0.117,58.33,37.2,45.75,86.47,1.142,0.0865,6,69.89,Aman,0,normal,37.3,53.06,0.876
2025-06-21T03:15:00,3,zone3,3,5,1,0,clear,33.54,61.05,430,2,0,0.154,153.39,146.73,149.89,65.11,0.763,0.3412,8,67.01,Aman,0,normal,124.85,163.52,1.971
2025-06-21T03:30:00,3,zone3,3,5,1,0,clear,29.81,68.2,430,2,0,0.127,103.71,99.43,137.61,47.93,1.217,0.2312,6,65.03,Aman,0,normal,79.47,96.73,0.959
2025-06-21T03:45:00,3,zone3,3,5,1,1,cloudy,31.24,78.7,430,2,0,0.035,134.99,130.22,132.1,52.65,1.077,0.3028,4,65.38,Aman,0,normal,115.25,148.4,1.842
2025-06-21T04:00:00,1,zone1,4,5,1,0,clear,27.1,73.77,520,3,0,0.056,159.94,199.32,208.22,60.06,0.999,0.3833,2,67.92,Aman,1,density_spike,212.16,138.82,4.075
2025-06-21T04:15:00,2,zone2,4,5,1,0,clear,32.6,66.77,680,4,0,0.076,134.65,157.47,124.59,17.98,1.168,0.2316,2,77.14,Aman,0,normal,149.63,123.38,1.459
2025-06-21T04:30:00,1,zone1,4,5,1,0,clear,34.8,55.66,520,3,1,0.485,145.29,175.11,189.41,73.91,0.804,0.3367,7,81.89,Waspada,1,density_spike,208.96,153.25,3.029
2025-06-21T04:45:00,2,zone2,4,5,1,0,clear,31.88,62.44,680,4,0,0.105,69.78,100.67,67.75,60.73,1.211,0.148,6,70.91,Aman,0,normal,100.14,60.31,2.213
2025-06-21T05:00:00,4,zone4,5,5,1,0,clear,31.29,78.87,810,5,0,0.147,62.35,113.99,141.55,47.29,1.264,0.1407,6,75.01,Aman,0,normal,93.22,57.57,1.98
2025-06-21T05:15:00,1,zone1,5,5,1,1,cloudy,30.44,78.67,520,3,0,0.023,174.74,157.88,183.79,65.33,1.054,0.3036,2,62.57,Aman,0,normal,167.21,175.27,0.383
2025-06-21T05:30:00,2,zone2,5,5,1,0,clear,31.2,63.85,680,4,1,0.762,215.87,242.27,277.25,146.44,0.287,0.3563,4,95.43,Waspada,1,density_spike,417.84,226.29,3.306
2025-06-21T05:45:00,4,zone4,5,5,1,0,clear,33.57,76.49,810,5,1,0.611,134.39,178.84,225.26,135.13,1.018,0.2208,4,81.43,Waspada,0,normal,110.43,139.5,1.615
2025-06-21T06:00:00,2,zone2,6,5,1,1,cloudy,30.55,63.09,680,4,0,0.136,97.37,103.75,69.79,64.64,1.326,0.1526,8,62.88,Aman,0,normal,75.37,107.56,1.788
2025-06-21T06:15:00,4,zone4,6,5,1,0,clear,31.68,76.66,810,5,0,0.079,90.8,115.86,125.18,51.37,1.148,0.143,8,59.79,Aman,0,normal,110.74,92.6,1.008
2025-06-21T06:30:00,2,zone2,6,5,1,0,clear,29.13,58.35,680,4,0,0.04,157.59,169.6,151.54,78.46,1.353,0.2494,2,59.48,Aman,0,normal,171.16,169.47,0.083
2025-06-21T06:45:00,1,zone1,6,5,1,0,clear,34.09,56.86,520,3,0,0.118,196.82,204.37,196.73,49.44,0.752,0.393,4,62.98,Aman,0,normal,202.71,215.69,0.501
2025-06-21T07:00:00,5,zone5,7,5,1,1,cloudy,30.72,70.8,360,2,0,0.07,74.51,81.53,77.43,64.73,1.087,0.2265,2,63.61,Aman,0,normal,62.15,64.68,0.141
2025-06-21T07:15:00,4,zone4,7,5,1,0,clear,35.8,72.77,810,5,0,0.133,139.78,164.13,173.77,43.43,1.15,0.2026,3,63.86,Aman,0,normal,185.41,146.34,2.171
2025-06-21T07:30:00,3,zone3,7,5,1,0,clear,32.26,48,430,2,0,0.153,165.77,168.37,152.01,60.94,0.487,0.3916,8,69.49,Waspada,0,normal,187.9,167.89,0.993
2025-06-21T07:45:00,2,zone2,7,5,1,3,storm,29.59,89.82,680,4,0,0.137,70.45,83.42,96.41,59.23,1.133,0.1227,4,64.73,Aman,0,normal,113.23,61.83,2.856
2025-06-21T08:00:00,2,zone2,8,5,1,0,clear,27.16,59.23,680,4,1,0.694,197.94,245.78,282.9,128.45,1.309,0.3614,4,81.63,Waspada,0,normal,205.1,174.44,1.465
2025-06-21T08:15:00,4,zone4,8,5,1,0,clear,33.28,48,810,5,0,0.148,163.18,186.51,193.1,53.44,0.999,0.2303,2,63.3,Aman,0,normal,186.23,140.92,2.518
2025-06-21T08:30:00,3,zone3,8,5,1,0,clear,32.77,56.91,430,2,1,0.607,157.29,195.51,221.72,132.82,0.766,0.4547,6,79.46,Waspada,1,density_spike,215.57,155.01,3.255
2025-06-21T08:45:00,1,zone1,8,5,1,1,cloudy,31.24,67.48,520,3,0,0.01,152.93,151.83,205.49,62.16,0.866,0.292,6,64.91,Aman,0,normal,146.18,147.58,0.078
2025-06-21T09:00:00,3,zone3,9,5,1,0,clear,30.75,72.42,430,2,0,0.095,151.26,153.24,170.77,74.54,1.11,0.3564,3,72.73,Aman,0,normal,139.97,144.13,0.231
2025-06-21T09:15:00,1,zone1,9,5,1,0,clear,32.49,81.57,520,3,0,0.015,212.18,225.89,223.2,66.04,1.256,0.4344,4,65.97,Aman,0,normal,240.67,220.13,0.777
2025-06-21T09:30:00,3,zone3,9,5,1,0,clear,30.11,68.64,430,2,1,0.5,169.62,212.26,238.32,96.57,0.813,0.4936,8,80.25,Waspada,0,normal,196.29,151.94,2.433
2025-06-21T09:45:00,4,zone4,9,5,1,1,cloudy,31.97,63.47,810,5,0,0.141,143.24,149.03,156.84,61.54,0.972,0.184,7,53.06,Aman,0,normal,170.26,132.29,2.11
2025-06-21T10:00:00,2,zone2,10,5,1,1,cloudy,26.09,69.12,680,4,0,0.057,172.84,180.78,194.39,59.94,1.066,0.2659,6,77.51,Aman,0,normal,173.78,167.21,0.328
2025-06-21T10:15:00,3,zone3,10,5,1,0,clear,28.99,74.26,430,2,0,0.139,100.19,99.76,100.74,34.08,1.018,0.232,6,68.82,Aman,0,normal,125.7,107.44,1.014
2025-06-21T10:30:00,1,zone1,10,5,1,0,clear,29.76,61.25,520,3,0,0.035,141.71,125.58,90.25,53.34,1.364,0.2415,7,75.15,Aman,0,normal,130.02,140.59,0.587
2025-06-21T10:45:00,3,zone3,10,5,1,0,clear,30.75,81.11,430,2,0,0.12,133.85,127.43,88.17,77.73,0.728,0.2963,4,69.31,Aman,0,normal,137.12,121.41,0.873
2025-06-21T11:00:00,4,zone4,11,5,1,0,clear,32.92,59.75,810,5,0,0.051,93.84,91.77,86.19,50.58,0.864,0.1133,2,68.85,Aman,0,normal,81.53,93.68,0.675
2025-06-21T11:15:00,4,zone4,11,5,1,0,clear,33.23,66.88,810,5,0,0.082,117.38,129.93,105.95,33.97,0.242,0.1604,8,93.24,Aman,1,density_spike,28.11,125.5,3.533
2025-06-21T11:30:00,1,zone1,11,5,1,0,clear,32.69,75.96,520,3,0,0.046,185.13,164.05,193.97,68.76,0.724,0.3155,6,80.2,Aman,1,density_spike,362.53,166.01,3.544
2025-06-21T11:45:00,1,zone1,11,5,1,1,cloudy,27.64,62.87,520,3,0,0.022,161.23,162.73,161.33,89.53,1.157,0.3129,7,64.35,Aman,0,normal,155.5,165.26,0.492
2025-06-21T12:00:00,5,zone5,12,5,1,0,clear,28.42,55.35,360,2,0,0.028,63.94,87.28,85.74,58.2,1.207,0.2424,4,63.42,Aman,0,normal,95.03,60.58,1.914
2025-06-21T12:15:00,3,zone3,12,5,1,1,cloudy,31.75,65.4,430,2,0,0.082,80.15,91.54,107.65,58.99,1.168,0.2129,7,75.4,Aman,0,normal,65.67,78.09,0.69
2025-06-21T12:30:00,2,zone2,12,5,1,0,clear,29.6,49.62,680,4,1,0.826,238.99,317.49,360.96,186.4,1.065,0.4669,2,90.98,Bahaya,1,density_spike,345.12,222.34,4.602
2025-06-21T12:45:00,3,zone3,12,5,1,1,cloudy,25.87,89.24,430,2,0,0.119,130.76,139.17,157.65,19.63,0.988,0.3237,2,67.63,Aman,0,normal,106.06,130.54,1.36
2025-06-21T13:00:00,1,zone1,13,5,1,0,clear,30.16,52.79,520,3,0,0.122,149.33,182.93,234.92,49.41,1.193,0.3518,5,71.55,Aman,0,normal,171.17,135.51,1.981
2025-06-21T13:15:00,2,zone2,13,5,1,2,rain,27.36,75.85,680,4,0,0.082,101.69,102.42,119.64,81.15,1.077,0.1506,8,70.11,Aman,0,normal,86.85,88.54,0.094
2025-06-21T13:30:00,1,zone1,13,5,1,0,clear,30.16,56.54,520,3,0,0.012,159.93,150.9,171.03,55.45,1.276,0.2902,8,74.87,Aman,0,normal,155.54,172.1,0.802
2025-06-21T13:45:00,3,zone3,13,5,1,0,clear,29.42,58.07,430,2,1,0.464,174.87,185.94,194.07,120.87,0.997,0.4324,2,75.0,Waspada,0,normal,202.47,159.92,2.218
2025-06-21T14:00:00,4,zone4,14,5,1,2,rain,24.51,91.73,810,5,0,0.019,66.93,52.0,98.18,31.44,1.186,0.0642,2,58.84,Aman,1,density_spike,11.82,69.46,3.203
2025-06-21T14:15:00,1,zone1,14,5,1,0,clear,32.2,69.39,520,3,0,0.129,199.75,218.38,221.07,100.4,1.008,0.42,5,72.02,Waspada,0,normal,195.28,215.69,0.788
2025-06-21T14:30:00,3,zone3,14,5,1,0,clear,33.95,74.57,430,2,0,0.116,115.11,125.81,127.96,70.09,0.908,0.2926,8,65.58,Aman,0,normal,113.32,112.89,0.024
2025-06-21T14:45:00,5,zone5,14,5,1,0,clear,30.82,69.92,360,2,1,0.458,142.6,168.59,185.88,98.96,0.897,0.4683,6,77.81,Waspada,0,normal,178.51,152.12,1.445
2025-06-21T15:00:00,2,zone2,15,5,1,2,rain,29.92,72.08,680,4,1,0.732,124.62,158.53,185.07,105.42,0.949,0.2331,2,78.79,Waspada,0,normal,150.39,110.32,2.227
2025-06-21T15:15:00,4,zone4,15,5,1,0,clear,29.8,65.97,810,5,0,0.074,132.71,122.58,135.9,13.75,1.12,0.1513,2,67.79,Aman,0,normal,112.43,124.78,0.686
2025-06-21T15:30:00,2,zone2,15,5,1,1,cloudy,29.39,76.33,680,4,0,0.119,123.9,98.2,110.65,54.61,0.961,0.1444,7,73.06,Aman,0,normal,124.09,134.57,0.582
2025-06-21T15:45:00,4,zone4,15,5,1,0,clear,33.45,57.73,810,5,0,0.079,57.68,28.93,16.35,29.89,1.325,0.0357,8,69.08,Aman,0,normal,13.53,54.33,2.266
2025-06-21T16:00:00,1,zone1,16,5,1,2,rain,28.82,76.0,520,3,1,0.667,159.86,198.52,244.48,121.4,0.362,0.3818,3,106.21,Waspada,1,density_spike,45.59,162.88,3.964
2025-06-21T16:15:00,4,zone4,16,5,1,1,cloudy,27.38,72.17,810,5,0,0.121,143.81,166.22,201.75,120.48,1.021,0.2052,5,70.82,Aman,0,normal,166.31,147.16,1.064
2025-06-21T16:30:00,3,zone3,16,5,1,0,clear,31.59,70.48,430,2,0,0.08,44.05,24.39,64.49,25.45,1.243,0.0567,8,51.45,Aman,0,normal,35.0,45.54,0.586
2025-06-21T16:45:00,3,zone3,16,5,1,1,cloudy,27.13,71.63,430,2,1,0.65,155.26,245.72,267.77,134.76,0.924,0.5714,2,78.74,Bahaya,1,density_spike,213.8,147.61,3.677
2025-06-21T17:00:00,3,zone3,17,5,1,0,clear,31.03,69.08,430,2,0,0.033,128.95,132.7,96.55,48.76,0.721,0.3086,5,82.76,Aman,1,density_spike,311.21,132.8,3.327
2025-06-21T17:15:00,4,zone4,17,5,1,0,clear,27.41,71.41,810,5,0,0.106,144.59,149.54,123.52,44.49,0.916,0.1846,8,54.04,Aman,0,normal,167.32,152.03,0.838
2025-06-21T17:30:00,4,zone4,17,5,1,0,clear,31.61,81.13,810,5,0,0.169,119.12,144.07,151.28,66.79,1.241,0.1779,6,75.62,Aman,0,normal,127.25,117.57,0.538
2025-06-21T17:45:00,5,zone5,17,5,1,0,clear,32.98,70.6,360,2,0,0.115,178.06,170.44,186.78,62.2,0.255,0.4734,8,87.84,Waspada,1,density_spike,303.58,167.07,3.89
2025-06-21T18:00:00,4,zone4,18,5,1,0,clear,31.87,65.35,810,5,1,0.868,173.87,248.1,320.65,149.2,1.003,0.3063,2,78.7,Waspada,1,density_spike,254.12,172.16,3.967
2025-06-21T18:15:00,5,zone5,18,5,1,0,clear,32.07,64.99,360,2,0,0.025,126.44,107.0,114.79,64.35,0.658,0.2972,8,66.9,Aman,0,normal,105.38,123.89,1.028
2025-06-21T18:30:00,2,zone2,18,5,1,2,rain,28.63,71.19,680,4,1,0.833,172.65,234.28,339.56,135.38,0.677,0.3445,2,94.98,Waspada,1,density_spike,232.16,160.42,3.727
2025-06-21T18:45:00,4,zone4,18,5,1,0,clear,28.6,75.45,810,5,0,0.099,97.0,70.29,67.84,28.07,1.371,0.0868,4,56.68,Aman,0,normal,72.06,100.25,1.566
2025-06-21T19:00:00,4,zone4,19,5,1,2,rain,29.41,95.03,810,5,0,0.13,138.03,113.36,119.69,77.23,1.284,0.14,7,63.45,Aman,0,normal,97.74,123.72,1.443
2025-06-21T19:15:00,2,zone2,19,5,1,0,clear,29.02,68.35,680,4,0,0.052,190.02,171.73,202.37,44.33,0.937,0.2525,3,67.59,Aman,0,normal,183.05,184.72,0.075
2025-06-21T19:30:00,5,zone5,19,5,1,0,clear,32.52,80.3,360,2,1,0.94,163.69,211.59,288.41,127.4,0.551,0.5878,2,95.81,Bahaya,0,normal,170.1,146.71,1.299
2025-06-21T19:45:00,1,zone1,19,5,1,0,clear,31.02,68.6,520,3,0,0.016,258.82,267.72,341.49,77.85,1.114,0.5148,3,82.44,Waspada,0,normal,288.14,276.49,0.351
2025-06-21T20:00:00,1,zone1,20,5,1,0,clear,30.52,65.63,520,3,0,0.096,196.77,203.7,239.15,53.83,0.905,0.3917,2,76.91,Aman,0,normal,203.31,192.63,0.462
2025-06-21T20:15:00,2,zone2,20,5,1,0,clear,28.02,85.58,680,4,0,0.172,229.68,248.32,326.04,80.12,0.892,0.3652,3,84.93,Waspada,0,normal,236.64,223.33,0.497
2025-06-21T20:30:00,2,zone2,20,5,1,1,cloudy,24.73,81.44,680,4,0,0.145,209.45,195.85,235.03,67.72,0.795,0.288,4,68.62,Aman,0,normal,214.68,182.63,1.462
2025-06-21T20:45:00,1,zone1,20,5,1,1,cloudy,27.19,69.63,520,3,0,0.078,247.35,222.05,279.33,57.54,0.818,0.427,3,81.41,Aman,0,normal,192.67,230.99,1.382
2025-06-21T21:00:00,3,zone3,21,5,1,2,rain,30.05,70.61,430,2,0,0.106,70.62,63.43,32.23,22.4,1.448,0.1475,3,56.64,Aman,0,normal,73.46,76.33,0.159
2025-06-21T21:15:00,5,zone5,21,5,1,0,clear,34.38,78.17,360,2,0,0.122,73.19,104.13,131.07,55.51,0.939,0.2892,3,68.58,Aman,0,normal,109.75,63.73,2.557
2025-06-21T21:30:00,3,zone3,21,5,1,1,cloudy,30.8,70.04,430,2,0,0.149,143.43,126.43,159.7,70.63,0.878,0.294,3,67.56,Aman,0,normal,124.17,131.26,0.394
2025-06-21T21:45:00,2,zone2,21,5,1,1,cloudy,27.37,88.5,680,4,0,0.058,160.79,168.01,210.62,64.61,1.316,0.2471,4,68.72,Aman,0,normal,131.78,141.02,0.513
2025-06-21T22:00:00,2,zone2,22,5,1,0,clear,30.09,79.8,680,4,0,0.095,172.15,176.96,174.44,69.71,1.283,0.2602,7,58.61,Aman,0,normal,193.6,171.12,1.095
2025-06-21T22:15:00,5,zone5,22,5,1,1,cloudy,25.65,75.18,360,2,1,0.596,76.76,120.36,142.14,132.74,1.032,0.3343,5,85.28,Waspada,1,density_spike,145.74,80.04,3.65
2025-06-21T22:30:00,2,zone2,22,5,1,1,cloudy,30.82,70.4,680,4,0,0.113,130.12,135.47,129.1,66.18,1.214,0.1992,3,73.28,Aman,0,normal,124.86,143.25,1.022
2025-06-21T22:45:00,4,zone4,22,5,1,0,clear,32.62,78.33,810,5,1,0.94,233.74,305.88,380.69,160.99,0.844,0.3776,4,96.79,Bahaya,0,normal,263.69,222.03,1.564
2025-06-21T23:00:00,1,zone1,23,5,1,0,clear,30.19,50.14,520,3,0,0.154,157.49,160.13,121.56,76.49,0.799,0.3079,4,70.75,Aman,0,normal,147.09,168.71,1.068
2025-06-21T23:15:00,5,zone5,23,5,1,0,clear,29.98,71.9,360,2,1,0.926,142.21,214.33,302.98,146.52,0.714,0.5954,5,89.65,Bahaya,1,density_spike,197.29,139.38,3.217
2025-06-21T23:30:00,3,zone3,23,5,1,1,cloudy,31.4,72.43,430,2,1,0.857,112.92,118.37,207.64,141.18,0.835,0.2753,7,88.46,Waspada,0,normal,116.01,97.23,1.043
2025-06-21T23:45:00,2,zone2,23,5,1,0,clear,33.25,78.24,680,4,0,0.038,167.09,175.51,133.0,54.18,1.09,0.2581,3,68.58,Aman,0,normal,174.43,146.15,1.571
2025-06-22T00:00:00,2,zone2,0,6,1,2,rain,24.3,77.11,680,4,0,0.072,74.31,79.53,108.53,61.03,1.491,0.117,6,73.23,Aman,0,normal,90.13,65.0,1.396
2025-06-22T00:15:00,2,zone2,0,6,1,0,clear,25.64,76.22,680,4,1,0.474,110.1,120.68,155.78,110.18,1.28,0.1775,8,87.9,Aman,0,normal,104.28,102.8,0.082
2025-06-22T00:30:00,4,zone4,0,6,1,0,clear,32.5,70.18,810,5,1,0.812,106.27,152.08,187.33,150.64,1.119,0.1878,4,79.05,Waspada,0,normal,153.4,113.19,2.234
2025-06-22T00:45:00,3,zone3,0,6,1,2,rain,31.37,78.72,430,2,0,0.06,42.03,26.69,10.11,26.11,1.248,0.0621,4,69.04,Aman,0,normal,5.87,37.33,1.747
2025-06-22T01:00:00,4,zone4,1,6,1,0,clear,32.43,72.02,810,5,0,0.065,57.15,79.88,70.17,69.46,1.568,0.0986,8,64.49,Aman,0,normal,79.46,52.4,1.503
2025-06-22T01:15:00,4,zone4,1,6,1,1,cloudy,28.98,81.43,810,5,0,0.115,62.33,50.81,49.87,66.72,1.094,0.0627,7,74.68,Aman,0,normal,37.51,67.2,1.649
2025-06-22T01:30:00,2,zone2,1,6,1,0,clear,30.39,68.69,680,4,0,0.008,128.14,143.69,141.4,65.94,1.118,0.2113,2,73.52,Aman,0,normal,134.68,116.16,1.029
2025-06-22T01:45:00,2,zone2,1,6,1,0,clear,30.25,55.29,680,4,0,0.056,104.62,112.35,122.18,42.31,1.014,0.1652,2,72.03,Aman,0,normal,106.77,100.69,0.338
2025-06-22T02:00:00,3,zone3,2,6,1,0,clear,30.6,64.43,430,2,0,0.122,105.59,103.01,130.45,68.62,0.945,0.2396,7,76.34,Aman,0,normal,98.66,103.38,0.262
2025-06-22T02:15:00,5,zone5,2,6,1,0,clear,37.29,67.64,360,2,0,0.078,65.2,49.23,31.51,58.14,1.553,0.1368,8,64.61,Aman,0,normal,39.5,63.0,1.305
2025-06-22T02:30:00,3,zone3,2,6,1,2,rain,29.55,84.24,430,2,1,0.63,75.31,123.42,165.28,129.21,1.1,0.287,8,77.97,Waspada,0,normal,136.34,82.65,2.983
2025-06-22T02:45:00,4,zone4,2,6,1,0,clear,30.73,60.71,810,5,0,0.129,116.79,155.21,137.75,58.97,1.025,0.1916,2,73.78,Aman,1,density_spike,184.89,121.09,3.545
2025-06-22T03:00:00,3,zone3,3,6,1,2,rain,29.38,86.5,430,2,0,0.075,34.86,55.84,47.6,79.08,0.979,0.1299,5,62.82,Aman,0,normal,25.34,34.53,0.51
2025-06-22T03:15:00,5,zone5,3,6,1,2,rain,27.55,98,360,2,0,0.111,45.82,59.71,58.4,92.79,1.087,0.1659,8,68.95,Aman,0,normal,31.24,46.82,0.866
2025-06-22T03:30:00,4,zone4,3,6,1,1,cloudy,27.54,64.36,810,5,0,0.144,84.47,90.87,70.9,53.33,1.113,0.1122,2,66.44,Aman,0,normal,80.01,75.31,0.261
2025-06-22T03:45:00,5,zone5,3,6,1,0,clear,30.84,66.83,360,2,1,0.908,102.33,144.9,189.97,153.69,0.916,0.4025,6,90.79,Bahaya,0,normal,106.54,92.26,0.793
2025-06-22T04:00:00,1,zone1,4,6,1,0,clear,36.38,70.12,520,3,1,0.87,212.33,273.61,293.01,142.81,0.977,0.5262,3,83.91,Bahaya,0,normal,275.07,224.55,1.875
2025-06-22T04:15:00,5,zone5,4,6,1,0,clear,33.55,74.25,360,2,1,0.717,107.72,175.32,227.34,115.22,0.929,0.487,8,75.47,Waspada,0,normal,150.58,119.21,1.743
2025-06-22T04:30:00,4,zone4,4,6,1,0,clear,27.93,74.41,810,5,0,0.163,148.76,162.58,153.79,47.08,0.891,0.2007,2,68.24,Aman,0,normal,175.29,141.19,1.894
2025-06-22T04:45:00,3,zone3,4,6,1,2,rain,25.93,92.77,430,2,0,0.046,78.82,89.93,54.11,35.1,1.11,0.2091,2,64.73,Aman,0,normal,114.79,70.11,2.482
2025-06-22T05:00:00,1,zone1,5,6,1,2,rain,28.5,93.73,520,3,0,0.081,187.41,211.48,241.1,49.9,1.209,0.4067,7,70.14,Aman,1,density_spike,241.64,161.64,4.124
2025-06-22T05:15:00,5,zone5,5,6,1,1,cloudy,29.61,80.13,360,2,1,0.563,38.86,67.82,93.18,81.82,1.278,0.1884,7,82.53,Aman,0,normal,74.2,40.32,1.882
2025-06-22T05:30:00,2,zone2,5,6,1,1,cloudy,29.65,84.06,680,4,0,0.065,146.04,144.46,144.04,68.29,0.923,0.2124,4,80.85,Aman,0,normal,153.77,153.89,0.006
2025-06-22T05:45:00,1,zone1,5,6,1,1,cloudy,28.1,76.28,520,3,1,0.695,214.48,271.57,240.35,101.02,0.96,0.5222,6,82.47,Waspada,1,density_spike,264.68,189.8,3.288
2025-06-22T06:00:00,4,zone4,6,6,1,2,rain,27.86,85.05,810,5,0,0.078,107.54,96.09,83.25,46.07,0.827,0.1186,4,78.58,Aman,0,normal,87.79,100.39,0.7
2025-06-22T06:15:00,5,zone5,6,6,1,0,clear,32.03,72.69,360,2,0,0.011,61.45,31.89,43.37,56.54,1.184,0.0886,4,71.19,Aman,0,normal,22.99,56.56,1.865
2025-06-22T06:30:00,3,zone3,6,6,1,0,clear,32.98,61.89,430,2,0,0.009,102.8,92.74,112.22,52.08,1.063,0.2157,2,72.84,Aman,0,normal,92.27,97.02,0.264
2025-06-22T06:45:00,2,zone2,6,6,1,0,clear,29.06,50.78,680,4,0,0.107,139.81,156.16,150.92,67.09,1.111,0.2296,8,72.99,Aman,0,normal,169.3,123.51,2.544
2025-06-22T07:00:00,2,zone2,7,6,1,0,clear,31.63,78.02,680,4,0,0.035,212.63,222.34,198.96,56.27,1.02,0.327,4,72.22,Aman,0,normal,240.75,218.13,0.864
2025-06-22T07:15:00,1,zone1,7,6,1,1,cloudy,23.65,67.18,520,3,0,0.12,125.68,105.46,138.67,43.22,1.182,0.2028,6,67.3,Aman,0,normal,99.43,137.3,2.104
2025-06-22T07:30:00,3,zone3,7,6,1,2,rain,27.08,84.81,430,2,0,0.119,76.87,50.33,68.69,61.44,1.377,0.117,6,69.2,Aman,0,normal,64.77,86.03,1.181
2025-06-22T07:45:00,4,zone4,7,6,1,0,clear,33.71,68.67,810,5,0,0.084,106.12,144.21,161.09,77.97,1.271,0.178,7,58.34,Aman,0,normal,130.25,103.67,1.476
2025-06-22T08:00:00,1,zone1,8,6,1,2,rain,34.37,77.77,520,3,0,0.171,231.44,234.74,221.22,60.57,0.936,0.4514,3,79.87,Waspada,0,normal,224.78,208.8,0.638
2025-06-22T08:15:00,2,zone2,8,6,1,0,clear,29.18,74.25,680,4,0,0.114,163.3,177.12,191.42,49.73,0.969,0.2605,3,72.66,Aman,0,normal,195.85,147.71,2.674
2025-06-22T08:30:00,2,zone2,8,6,1,0,clear,29.36,60.18,680,4,0,0.126,148.19,149.31,154.49,63.97,1.134,0.2196,6,73.08,Aman,0,normal,154.35,154.95,0.033
2025-06-22T08:45:00,5,zone5,8,6,1,0,clear,30.19,56.47,360,2,1,0.7,102.47,154.63,220.38,100.52,1.09,0.4295,3,77.36,Waspada,0,normal,146.74,105.75,2.277
2025-06-22T09:00:00,2,zone2,9,6,1,0,clear,34.93,61.66,680,4,0,0.177,164.99,192.87,215.78,76.58,1.223,0.2836,5,73.37,Aman,0,normal,214.51,175.33,1.862
2025-06-22T09:15:00,3,zone3,9,6,1,0,clear,28.54,65.53,430,2,0,0.159,173.63,200.96,239.97,78.06,0.998,0.4673,8,76.1,Waspada,0,normal,192.79,170.05,1.114
2025-06-22T09:30:00,3,zone3,9,6,1,0,clear,31.77,58.05,430,2,0,0.021,114.09,102.96,97.72,66.22,1.11,0.2394,5,77.99,Aman,0,normal,120.02,105.97,0.78
2025-06-22T09:45:00,2,zone2,9,6,1,1,cloudy,29.96,72.14,680,4,1,0.755,203.09,257.74,315.55,134.24,1.083,0.379,2,82.97,Waspada,0,normal,250.89,222.7,1.055
2025-06-22T10:00:00,4,zone4,10,6,1,1,cloudy,33.07,77.87,810,5,1,0.588,156.56,210.52,211.75,117.12,1.029,0.2599,4,92.82,Waspada,1,density_spike,224.11,159.81,3.353
2025-06-22T10:15:00,1,zone1,10,6,1,0,clear,31.36,73.34,520,3,0,0.011,168.34,181.75,188.8,65.92,0.986,0.3495,6,71.22,Aman,0,normal,173.81,174.86,0.05
2025-06-22T10:30:00,3,zone3,10,6,1,2,rain,29.29,85.87,430,2,0,0.1,101.66,28.16,57.05,54.05,1.316,0.0655,4,64.47,Aman,1,density_spike,5.51,100.07,5.253
2025-06-22T10:45:00,2,zone2,10,6,1,0,clear,30.0,64.88,680,4,0,0.178,119.31,154.14,143.61,90.78,1.09,0.2267,7,81.4,Aman,0,normal,159.87,121.06,2.156
2025-06-22T11:00:00,4,zone4,11,6,1,2,rain,26.77,84.21,810,5,0,0.159,105.2,93.25,122.46,50.82,0.394,0.1151,4,85.37,Aman,1,density_spike,18.47,111.61,5.891
2025-06-22T11:15:00,2,zone2,11,6,1,0,clear,26.91,63.39,680,4,1,0.95,236.97,323.19,417.79,185.19,1.239,0.4753,6,97.58,Bahaya,1,density_spike,317.84,217.77,3.829
2025-06-22T11:30:00,2,zone2,11,6,1,0,clear,28.24,57.98,680,4,0,0.014,130.51,121.38,88.91,78.1,0.298,0.1785,6,79.97,Aman,1,density_spike,25.58,144.98,5.107
2025-06-22T11:45:00,3,zone3,11,6,1,0,clear,30.56,59.67,430,2,0,0.115,129.67,124.21,126.72,85.1,0.694,0.2889,2,65.09,Aman,0,normal,141.14,142.76,0.09
2025-06-22T12:00:00,5,zone5,12,6,1,1,cloudy,26.06,72.39,360,2,0,0.082,58.59,58.88,96.53,28.85,1.052,0.1635,3,66.97,Aman,0,normal,37.7,55.17,0.971
2025-06-22T12:15:00,5,zone5,12,6,1,2,rain,26.89,92.84,360,2,0,0.08,83.13,61.16,90.36,75.56,1.18,0.1699,6,68.25,Aman,0,normal,62.25,77.56,0.851
2025-06-22T12:30:00,5,zone5,12,6,1,0,clear,32.82,65.76,360,2,0,0.175,117.03,130.81,118.83,87.12,0.757,0.3634,5,72.68,Waspada,0,normal,134.71,119.43,0.849
2025-06-22T12:45:00,4,zone4,12,6,1,0,clear,32.35,72.23,810,5,0,0.152,146.51,163.77,170.29,66.09,1.256,0.2022,7,62.31,Aman,0,normal,128.83,146.05,0.957
2025-06-22T13:00:00,2,zone2,13,6,1,2,rain,28.8,75.29,680,4,0,0.053,162.67,145.71,144.93,77.48,0.409,0.2143,4,88.09,Aman,1,density_spike,249.39,159.06,5.34
2025-06-22T13:15:00,3,zone3,13,6,1,1,cloudy,30.42,71.78,430,2,0,0.161,80.29,97.23,81.43,64.0,0.786,0.2261,7,73.51,Aman,0,normal,102.57,75.95,1.479
2025-06-22T13:30:00,5,zone5,13,6,1,2,rain,23.64,81.17,360,2,0,0.143,125.13,125.52,140.71,36.4,1.193,0.3487,6,58.23,Aman,0,normal,95.84,127.82,1.777
2025-06-22T13:45:00,3,zone3,13,6,1,2,rain,28.99,83.11,430,2,0,0.112,81.98,61.48,40.08,78.38,1.042,0.143,3,63.45,Aman,0,normal,59.87,79.83,1.109
2025-06-22T14:00:00,3,zone3,14,6,1,1,cloudy,33.34,67.23,430,2,0,0.129,114.63,132.9,133.17,44.79,0.866,0.3091,6,78.46,Aman,1,density_spike,168.78,104.6,3.566
2025-06-22T14:15:00,2,zone2,14,6,1,0,clear,32.53,73.23,680,4,0,0.075,120.58,120.79,85.73,64.79,1.121,0.1776,4,67.9,Aman,0,normal,135.64,116.48,1.065
2025-06-22T14:30:00,5,zone5,14,6,1,0,clear,32.56,70.6,360,2,0,0.081,52.47,26.66,74.45,47.84,1.241,0.0741,6,67.38,Aman,0,normal,33.99,58.15,1.342
2025-06-22T14:45:00,4,zone4,14,6,1,0,clear,29.0,65.77,810,5,0,0.177,121.63,131.2,128.99,75.35,0.979,0.162,2,60.35,Aman,0,normal,147.81,118.2,1.645
2025-06-22T15:00:00,1,zone1,15,6,1,1,cloudy,29.55,52.19,520,3,0,0.016,158.69,148.95,168.88,89.09,1.185,0.2864,5,69.28,Aman,0,normal,127.93,174.92,2.239
2025-06-22T15:15:00,2,zone2,15,6,1,2,rain,29.7,75.41,680,4,0,0.172,123.43,108.02,127.0,61.73,1.085,0.1589,4,61.47,Aman,0,normal,85.53,128.48,2.386
2025-06-22T15:30:00,1,zone1,15,6,1,0,clear,29.71,67.04,520,3,1,0.66,205.48,262.88,300.14,109.84,0.893,0.5055,7,93.31,Waspada,0,normal,270.73,223.66,1.754
2025-06-22T15:45:00,3,zone3,15,6,1,3,storm,25.71,86.7,430,2,0,0.061,129.19,96.7,98.77,54.49,1.269,0.2249,8,59.17,Aman,0,normal,107.81,121.85,0.78
2025-06-22T16:00:00,3,zone3,16,6,1,0,clear,38.19,75.13,430,2,0,0.079,206.55,192.63,215.39,61.04,0.924,0.448,7,78.1,Waspada,0,normal,179.97,222.49,1.593
2025-06-22T16:15:00,3,zone3,16,6,1,0,clear,33.76,64.5,430,2,0,0.149,121.03,116.48,145.78,81.3,1.289,0.2709,8,72.34,Aman,0,normal,136.84,107.6,1.625
2025-06-22T16:30:00,2,zone2,16,6,1,0,clear,29.9,74.52,680,4,0,0.138,195.78,219.03,230.93,54.2,1.33,0.3221,4,69.14,Aman,0,normal,214.01,205.28,0.354
2025-06-22T16:45:00,5,zone5,16,6,1,0,clear,30.49,66.0,360,2,0,0.071,88.45,112.58,111.77,58.35,0.911,0.3127,8,74.5,Aman,0,normal,120.63,83.04,2.088
2025-06-22T17:00:00,5,zone5,17,6,1,0,clear,29.71,75.6,360,2,0,0.059,113.27,117.8,86.04,40.69,0.864,0.3272,2,75.67,Aman,0,normal,147.08,108.48,2.144
2025-06-22T17:15:00,2,zone2,17,6,1,0,clear,29.72,55.95,680,4,1,0.803,183.19,248.46,285.72,137.61,0.967,0.3654,8,73.54,Waspada,1,density_spike,258.25,159.09,5.194
2025-06-22T17:30:00,2,zone2,17,6,1,0,clear,30.35,66.79,680,4,0,0.008,135.08,142.22,126.62,83.03,1.008,0.2092,7,60.77,Aman,0,normal,105.91,125.59,1.093
2025-06-22T17:45:00,3,zone3,17,6,1,1,cloudy,30.96,69.69,430,2,0,0.128,139.43,142.2,153.92,49.12,0.927,0.3307,7,75.52,Aman,0,normal,151.77,121.8,1.665
2025-06-22T18:00:00,4,zone4,18,6,1,0,clear,32.22,83.79,810,5,0,0.063,151.67,166.24,215.85,39.23,1.245,0.2052,6,66.72,Aman,0,normal,148.06,169.1,1.037
2025-06-22T18:15:00,4,zone4,18,6,1,0,clear,31.58,73.95,810,5,0,0.061,116.61,110.08,163.09,85.17,1.4,0.1359,3,70.82,Aman,0,normal,108.86,108.19,0.037
2025-06-22T18:30:00,1,zone1,18,6,1,0,clear,29.09,54.38,520,3,0,0.109,265.53,304.89,351.72,67.44,0.532,0.5863,4,69.82,Waspada,0,normal,283.73,288.92,0.15
2025-06-22T18:45:00,5,zone5,18,6,1,1,cloudy,28.42,74.09,360,2,0,0.109,86.63,92.76,141.36,64.31,1.026,0.2577,3,67.96,Aman,0,normal,74.54,94.22,1.093
2025-06-22T19:00:00,2,zone2,19,6,1,1,cloudy,32.2,83.24,680,4,0,0.132,178.71,180.19,237.41,84.76,0.713,0.265,8,70.52,Aman,0,normal,200.38,163.16,1.901
2025-06-22T19:15:00,5,zone5,19,6,1,2,rain,26.2,83.19,360,2,0,0.179,127.1,130.5,146.79,50.84,1.244,0.3625,2,74.47,Aman,0,normal,148.86,120.81,1.558
2025-06-22T19:30:00,3,zone3,19,6,1,0,clear,31.3,82.34,430,2,0,0.112,156.62,142.74,175.0,63.45,0.988,0.332,7,73.04,Aman,0,normal,146.6,141.18,0.301
2025-06-22T19:45:00,5,zone5,19,6,1,0,clear,29.65,73.93,360,2,0,0.156,143.76,163.22,237.14,91.1,0.457,0.4534,8,103.93,Waspada,1,density_spike,42.82,151.78,5.688
2025-06-22T20:00:00,4,zone4,20,6,1,2,rain,32.03,89.88,810,5,0,0.13,99.21,74.25,99.8,63.74,0.969,0.0917,7,61.27,Aman,0,normal,94.57,87.74,0.379
2025-06-22T20:15:00,4,zone4,20,6,1,1,cloudy,28.71,78.68,810,5,1,0.967,174.91,217.63,319.64,131.65,1.208,0.2687,6,92.54,Waspada,0,normal,224.0,169.26,2.695
2025-06-22T20:30:00,5,zone5,20,6,1,0,clear,38.46,68.19,360,2,0,0.035,105.44,108.2,144.02,76.88,0.92,0.3006,8,73.99,Aman,0,normal,97.59,100.14,0.141
2025-06-22T20:45:00,2,zone2,20,6,1,0,clear,30.49,65.17,680,4,0,0.062,139.13,117.42,152.22,27.8,1.29,0.1727,6,71.07,Aman,0,normal,86.23,128.68,2.359
2025-06-22T21:00:00,5,zone5,21,6,1,0,clear,28.02,73.74,360,2,1,0.884,160.62,208.39,318.16,173.69,0.576,0.5789,6,92.86,Bahaya,0,normal,190.1,171.51,0.903
2025-06-22T21:15:00,2,zone2,21,6,1,2,rain,26.58,82.98,680,4,0,0.013,118.3,84.61,88.76,28.49,1.275,0.1244,3,69.81,Aman,1,density_spike,68.6,127.55,3.275
2025-06-22T21:30:00,2,zone2,21,6,1,2,rain,25.69,90.92,680,4,0,0.145,173.22,143.15,158.63,44.15,0.783,0.2105,8,67.66,Aman,0,normal,140.35,174.27,1.622
2025-06-22T21:45:00,3,zone3,21,6,1,1,cloudy,26.69,72.07,430,2,0,0.086,199.54,181.36,230.1,63.99,0.796,0.4218,6,70.18,Waspada,0,normal,178.91,209.83,1.228
2025-06-22T22:00:00,1,zone1,22,6,1,1,cloudy,28.17,87.81,520,3,0,0.016,170.07,177.13,158.23,63.23,1.236,0.3406,7,66.66,Aman,0,normal,200.51,162.38,1.957
2025-06-22T22:15:00,1,zone1,22,6,1,2,rain,27.48,83.1,520,3,0,0.051,145.92,113.45,117.16,79.89,1.293,0.2182,7,60.46,Aman,0,normal,108.89,163.25,2.775
2025-06-22T22:30:00,1,zone1,22,6,1,1,cloudy,29.35,68.07,520,3,1,0.922,233.98,280.19,328.66,153.67,0.906,0.5388,6,86.69,Bahaya,0,normal,300.55,230.22,2.546
2025-06-22T22:45:00,2,zone2,22,6,1,1,cloudy,31.93,80.66,680,4,0,0.139,155.88,174.01,173.02,69.85,1.056,0.2559,7,76.25,Aman,0,normal,174.32,168.79,0.273
2025-06-22T23:00:00,3,zone3,23,6,1,2,rain,29.79,72.24,430,2,0,0.106,126.22,118.6,125.57,50.29,1.045,0.2758,7,65.05,Aman,0,normal,87.88,132.92,2.502
2025-06-22T23:15:00,5,zone5,23,6,1,0,clear,31.88,71.68,360,2,0,0.129,173.48,153.84,198.59,58.98,0.963,0.4273,8,84.99,Waspada,0,normal,181.68,185.32,0.163
2025-06-22T23:30:00,4,zone4,23,6,1,0,clear,31.09,55.6,810,5,0,0.089,119.56,127.19,123.78,65.77,0.541,0.157,4,105.7,Aman,1,density_spike,23.27,121.73,5.941
2025-06-22T23:45:00,1,zone1,23,6,1,0,clear,30.05,82.1,520,3,0,0.169,196.82,180.37,195.27,75.86,1.166,0.3469,5,71.97,Aman,0,normal,166.57,198.62,1.345
2025-06-23T00:00:00,5,zone5,0,0,0,1,cloudy,33.04,68.95,360,2,0,0.019,85.79,72.31,83.92,53.06,1.448,0.2009,4,80.24,Aman,0,normal,71.65,85.86,0.789
2025-06-23T00:15:00,1,zone1,0,0,0,0,clear,32.59,76.07,520,3,0,0.105,173.03,181.25,151.32,70.07,0.988,0.3486,4,74.0,Aman,0,normal,185.89,174.21,0.559
2025-06-23T00:30:00,5,zone5,0,0,0,0,clear,32.63,63.35,360,2,0,0.137,13.77,13.3,4,5,1.075,0.0369,7,69.8,Aman,0,normal,-1.47,14.44,0.884
2025-06-23T00:45:00,1,zone1,0,0,0,2,rain,25.47,82.6,520,3,0,0.15,83.31,81.6,114.68,83.76,1.105,0.1569,6,67.96,Aman,0,normal,69.73,83.09,0.742
2025-06-23T01:00:00,4,zone4,1,0,0,0,clear,32.56,67.38,810,5,0,0.102,37.87,25.87,27.85,51.32,1.091,0.0319,6,67.12,Aman,0,normal,48.1,33.77,0.796
2025-06-23T01:15:00,1,zone1,1,0,0,0,clear,30.12,67.91,520,3,0,0.019,98.85,94.06,90.92,32.09,1.201,0.1809,8,72.71,Aman,0,normal,116.5,107.47,0.502
2025-06-23T01:30:00,5,zone5,1,0,0,1,cloudy,29.44,61.58,360,2,0,0.157,106.48,148.1,169.21,68.47,0.352,0.4114,6,87.27,Waspada,1,density_spike,270.89,98.17,4.615
2025-06-23T01:45:00,2,zone2,1,0,0,0,clear,30.09,82.05,680,4,0,0.119,77.09,72.03,107.01,45.92,1.193,0.1059,5,63.3,Aman,0,normal,74.18,73.58,0.033
2025-06-23T02:00:00,3,zone3,2,0,0,0,clear,28.35,61.34,430,2,0,0.138,67.25,29.54,24.75,85.81,0.466,0.0687,8,92.22,Aman,1,density_spike,12.73,69.28,5.631
2025-06-23T02:15:00,1,zone1,2,0,0,2,rain,26.82,89.13,520,3,0,0.078,87.08,79.78,55.3,45.45,1.276,0.1534,5,76.23,Aman,0,normal,78.6,76.25,0.131
2025-06-23T02:30:00,5,zone5,2,0,0,0,clear,29.57,58.57,360,2,0,0.036,124.95,125.79,126.47,74.33,0.949,0.3494,5,82.41,Aman,0,normal,139.91,109.14,1.71
2025-06-23T02:45:00,3,zone3,2,0,0,0,clear,30.62,73.92,430,2,0,0.154,73.29,72.18,70.36,33.92,0.858,0.1679,3,71.67,Aman,0,normal,74.7,79.48,0.266
2025-06-23T03:00:00,4,zone4,3,0,0,2,rain,25.52,84.15,810,5,0,0.115,60.38,49.94,30.07,29.45,1.772,0.0617,7,64.88,Aman,0,normal,67.8,53.32,0.805
2025-06-23T03:15:00,2,zone2,3,0,0,1,cloudy,31.36,89.27,680,4,0,0.164,125.65,169.88,151.22,72.35,1.244,0.2498,8,72.05,Aman,1,density_spike,190.77,114.89,4.216
2025-06-23T03:30:00,3,zone3,3,0,0,0,clear,33.3,63.79,430,2,0,0.135,76.08,89.72,107.14,60.13,1.267,0.2087,3,54.91,Aman,0,normal,103.09,67.21,1.993
2025-06-23T03:45:00,2,zone2,3,0,0,0,clear,31.72,64.36,680,4,0,0.0,19.32,37.26,35.62,26.26,1.431,0.0548,4,59.85,Aman,0,normal,37.09,18.46,1.035
2025-06-23T04:00:00,5,zone5,4,0,0,1,cloudy,31.62,79.17,360,2,0,0.162,81.58,80.1,86.48,56.48,1.1,0.2225,2,82.98,Aman,0,normal,68.88,80.87,0.666
2025-06-23T04:15:00,5,zone5,4,0,0,0,clear,28.78,62.67,360,2,0,0.104,78.96,102.46,98.1,86.57,1.231,0.2846,6,72.23,Aman,0,normal,112.06,83.91,1.564
2025-06-23T04:30:00,1,zone1,4,0,0,0,clear,33.39,75.59,520,3,0,0.097,125.86,146.43,133.42,52.77,0.85,0.2816,6,56.67,Aman,0,normal,157.93,113.96,2.443
2025-06-23T04:45:00,4,zone4,4,0,0,0,clear,31.13,68.39,810,5,0,0.117,84.97,57.23,70.24,58.28,1.312,0.0707,5,61.82,Aman,0,normal,50.96,75.35,1.355
2025-06-23T05:00:00,4,zone4,5,0,0,3,storm,23.85,77.59,810,5,0,0.139,77.97,97.22,98.46,67.3,1.218,0.12,7,68.52,Aman,0,normal,33.83,79.86,2.557
2025-06-23T05:15:00,2,zone2,5,0,0,2,rain,21.09,90.65,680,4,0,0.041,139.85,118.43,84.67,45.0,1.201,0.1742,5,74.18,Aman,0,normal,114.25,133.46,1.068
2025-06-23T05:30:00,1,zone1,5,0,0,0,clear,30.57,67.38,520,3,1,0.8,239.1,276.91,300.79,152.19,0.822,0.5325,8,88.21,Bahaya,0,normal,272.27,225.03,1.749
2025-06-23T05:45:00,4,zone4,5,0,0,1,cloudy,26.11,77.91,810,5,0,0.142,88.73,88.14,93.91,58.32,1.177,0.1088,2,64.76,Aman,0,normal,107.67,90.94,0.929
2025-06-23T06:00:00,4,zone4,6,0,0,2,rain,29.85,83.62,810,5,0,0.056,106.48,95.07,68.05,55.07,1.067,0.1174,3,63.88,Aman,0,normal,72.47,93.68,1.178
2025-06-23T06:15:00,3,zone3,6,0,0,0,clear,35.98,74.51,430,2,0,0.094,155.72,160.91,175.65,75.04,0.791,0.3742,8,66.67,Waspada,0,normal,131.47,158.88,1.438
2025-06-23T06:30:00,2,zone2,6,0,0,0,clear,30.55,59.37,680,4,0,0.178,128.56,106.53,103.51,69.99,1.002,0.1567,3,61.13,Aman,0,normal,124.84,127.26,0.135
2025-06-23T06:45:00,3,zone3,6,0,0,0,clear,33.46,79.35,430,2,0,0.031,118.43,139.12,111.17,48.36,1.294,0.3235,3,75.01,Aman,0,normal,182.43,129.57,2.936
2025-06-23T07:00:00,2,zone2,7,0,0,0,clear,30.76,60.47,680,4,0,0.18,160.62,185.65,186.74,76.68,1.143,0.273,6,73.54,Aman,0,normal,182.6,140.04,2.365
2025-06-23T07:15:00,2,zone2,7,0,0,0,clear,28.38,76.86,680,4,0,0.011,135.61,134.7,136.64,65.45,0.847,0.1981,3,68.85,Aman,0,normal,147.27,130.64,0.924
2025-06-23T07:30:00,2,zone2,7,0,0,1,cloudy,29.47,76.6,680,4,0,0.051,188.48,160.14,195.99,54.07,0.889,0.2355,4,75.65,Aman,0,normal,173.61,175.13,0.072
2025-06-23T07:45:00,5,zone5,7,0,0,0,clear,33.41,75.34,360,2,0,0.005,45.94,46.06,53.92,18.96,1.06,0.1279,8,54.72,Aman,0,normal,42.71,43.48,0.043
2025-06-23T08:00:00,3,zone3,8,0,0,2,rain,30.1,83.43,430,2,0,0.089,39.38,10.26,22.76,53.88,1.282,0.0239,2,66.96,Aman,0,normal,9.15,36.46,1.517
2025-06-23T08:15:00,1,zone1,8,0,0,1,cloudy,27.98,65.44,520,3,0,0.087,201.0,197.11,189.0,63.97,0.827,0.3791,6,68.0,Aman,0,normal,242.66,193.56,2.114
2025-06-23T08:30:00,4,zone4,8,0,0,1,cloudy,29.77,82.46,810,5,0,0.141,37.27,62.59,54.02,62.83,1.141,0.0773,4,59.44,Aman,0,normal,77.11,34.6,2.362
2025-06-23T08:45:00,2,zone2,8,0,0,0,clear,30.59,73.7,680,4,0,0.09,166.39,177.85,166.23,24.03,0.443,0.2615,7,82.3,Aman,1,density_spike,283.35,148.16,4.984
2025-06-23T09:00:00,4,zone4,9,0,0,0,clear,32.07,73.31,810,5,0,0.078,174.5,166.23,170.97,92.82,0.917,0.2052,6,70.39,Aman,0,normal,161.98,161.94,0.002
2025-06-23T09:15:00,4,zone4,9,0,0,0,clear,31.18,59.49,810,5,0,0.11,96.87,74.48,74.2,59.02,1.295,0.092,6,64.9,Aman,0,normal,68.48,100.89,1.801
2025-06-23T09:30:00,1,zone1,9,0,0,0,clear,30.2,59.05,520,3,0,0.062,187.59,159.75,169.42,51.41,1.092,0.3072,4,63.49,Aman,0,normal,142.07,202.1,2.475
2025-06-23T09:45:00,4,zone4,9,0,0,0,clear,30.13,67.77,810,5,0,0.081,186.98,188.83,213.36,49.08,0.9,0.2331,5,64.47,Aman,0,normal,221.7,179.73,1.946
2025-06-23T10:00:00,5,zone5,10,0,0,0,clear,32.36,51.97,360,2,0,0.11,129.38,125.69,129.05,48.88,0.915,0.3492,5,67.61,Aman,0,normal,146.01,130.8,0.845
2025-06-23T10:15:00,3,zone3,10,0,0,2,rain,27.08,76.38,430,2,0,0.089,76.8,41.82,57.92,54.63,1.146,0.0973,8,74.36,Aman,0,normal,59.38,79.23,1.103
2025-06-23T10:30:00,4,zone4,10,0,0,1,cloudy,30.3,78.6,810,5,0,0.076,72.97,59.92,48.44,51.43,1.058,0.074,2,69.75,Aman,0,normal,37.43,79.06,2.313
2025-06-23T10:45:00,4,zone4,10,0,0,2,rain,29.13,72.06,810,5,0,0.026,97.57,70.88,71.26,59.59,0.979,0.0875,3,74.25,Aman,0,normal,95.8,103.15,0.408
2025-06-23T11:00:00,5,zone5,11,0,0,0,clear,30.79,49.28,360,2,0,0.03,78.15,74.44,76.6,46.29,1.01,0.2068,7,86.01,Aman,0,normal,83.29,83.03,0.014
2025-06-23T11:15:00,1,zone1,11,0,0,1,cloudy,27.97,74.18,520,3,0,0.082,143.68,151.69,163.11,18.76,0.859,0.2917,2,69.4,Aman,0,normal,115.64,133.1,0.97
2025-06-23T11:30:00,1,zone1,11,0,0,0,clear,35.76,74.96,520,3,0,0.001,151.99,183.3,171.66,62.46,1.035,0.3525,2,70.23,Aman,0,normal,214.77,169.0,2.257
2025-06-23T11:45:00,2,zone2,11,0,0,1,cloudy,32.71,67.94,680,4,0,0.029,139.14,93.69,90.6,51.08,0.99,0.1378,5,65.86,Aman,0,normal,118.98,137.22,1.014
2025-06-23T12:00:00,5,zone5,12,0,0,0,clear,27.4,49.15,360,2,0,0.021,113.33,104.84,109.13,69.07,0.776,0.2912,4,72.74,Aman,0,normal,123.4,112.45,0.608
2025-06-23T12:15:00,2,zone2,12,0,0,2,rain,25.48,72.45,680,4,0,0.012,51.02,30.34,16.89,18.78,1.071,0.0446,4,67.43,Aman,0,normal,2.35,50.45,2.673
2025-06-23T12:30:00,3,zone3,12,0,0,0,clear,29.98,73.22,430,2,0,0.138,104.41,126.5,136.44,65.97,1.173,0.2942,8,72.37,Aman,1,density_spike,149.82,95.24,3.032
2025-06-23T12:45:00,4,zone4,12,0,0,0,clear,28.47,68.68,810,5,0,0.18,131.11,180.81,180.92,50.13,0.936,0.2232,7,74.11,Aman,1,density_spike,227.27,113.07,6.345
2025-06-23T13:00:00,3,zone3,13,0,0,0,clear,34.1,62.81,430,2,0,0.028,146.63,134.88,137.49,77.63,1.327,0.3137,5,69.15,Aman,0,normal,146.68,159.06,0.648
2025-06-23T13:15:00,3,zone3,13,0,0,0,clear,31.94,64.27,430,2,0,0.071,79.28,85.0,93.26,5,1.06,0.1977,4,58.15,Aman,0,normal,102.4,76.09,1.462
2025-06-23T13:30:00,5,zone5,13,0,0,0,clear,30.41,74.0,360,2,0,0.123,131.25,143.58,170.39,83.35,0.931,0.3988,8,83.58,Waspada,0,normal,169.7,120.98,2.706
2025-06-23T13:45:00,2,zone2,13,0,0,0,clear,30.95,67.72,680,4,0,0.143,139.57,160.95,132.0,55.12,1.195,0.2367,4,70.82,Aman,1,density_spike,187.79,130.11,3.205
2025-06-23T14:00:00,1,zone1,14,0,0,1,cloudy,27.81,84.14,520,3,0,0.102,151.8,160.66,193.81,59.29,1.211,0.309,7,70.53,Aman,0,normal,183.4,133.23,2.787
2025-06-23T14:15:00,4,zone4,14,0,0,0,clear,28.18,78.83,810,5,0,0.068,89.2,112.86,84.48,76.68,1.014,0.1393,4,69.11,Aman,0,normal,119.69,79.47,2.234
2025-06-23T14:30:00,3,zone3,14,0,0,1,cloudy,29.4,85.5,430,2,0,0.002,140.19,167.55,181.59,60.89,0.629,0.3897,4,74.39,Aman,0,normal,155.96,133.09,1.27
2025-06-23T14:45:00,5,zone5,14,0,0,1,cloudy,32.59,76.52,360,2,0,0.168,41.33,35.88,50.91,45.36,1.266,0.0997,2,66.09,Aman,0,normal,50.97,39.48,0.638
2025-06-23T15:00:00,5,zone5,15,0,0,2,rain,31.86,75.9,360,2,0,0.171,35.55,19.12,4,53.22,1.278,0.0531,3,69.53,Aman,0,normal,18.84,37.64,1.045
2025-06-23T15:15:00,1,zone1,15,0,0,1,cloudy,28.81,71.08,520,3,0,0.089,214.98,244.57,271.72,66.89,0.967,0.4703,4,77.14,Waspada,0,normal,268.28,236.08,1.136
2025-06-23T15:30:00,2,zone2,15,0,0,0,clear,35.07,65.48,680,4,0,0.152,176.28,169.14,201.34,77.81,1.508,0.2487,2,79.45,Aman,0,normal,167.79,159.29,0.445
2025-06-23T15:45:00,3,zone3,15,0,0,0,clear,31.43,51.07,430,2,0,0.108,96.1,103.53,128.2,63.65,0.917,0.2408,7,67.89,Aman,0,normal,72.95,85.63,0.704
2025-06-23T16:00:00,4,zone4,16,0,0,0,clear,27.92,61.4,810,5,0,0.167,95.4,85.46,116.33,65.82,0.626,0.1055,2,96.39,Aman,1,density_spike,22.74,106.59,3.976
2025-06-23T16:15:00,1,zone1,16,0,0,0,clear,26.56,65.3,520,3,0,0.125,170.53,152.38,203.24,62.74,0.89,0.293,7,60.44,Aman,0,normal,166.53,172.83,0.304
2025-06-23T16:30:00,1,zone1,16,0,0,1,cloudy,31.61,91.03,520,3,0,0.017,119.85,104.24,142.13,21.93,1.467,0.2005,4,58.18,Aman,0,normal,105.95,128.92,1.276
2025-06-23T16:45:00,3,zone3,16,0,0,1,cloudy,30.89,65.02,430,2,0,0.071,85.57,49.99,62.08,26.13,0.928,0.1163,8,65.02,Aman,0,normal,34.44,75.26,2.268
2025-06-23T17:00:00,1,zone1,17,0,0,2,rain,30.42,87.08,520,3,0,0.044,166.14,126.44,86.12,90.87,0.91,0.2432,8,72.17,Aman,0,normal,151.62,158.19,0.346
2025-06-23T17:15:00,2,zone2,17,0,0,0,clear,29.57,60.5,680,4,0,0.112,83.36,77.68,126.14,29.99,1.034,0.1142,4,63.45,Aman,0,normal,96.38,74.81,1.198
2025-06-23T17:30:00,5,zone5,17,0,0,2,rain,23.26,87.86,360,2,0,0.16,79.67,69.69,142.05,59.58,1.494,0.1936,6,66.91,Aman,0,normal,73.06,70.46,0.144
2025-06-23T17:45:00,5,zone5,17,0,0,0,clear,31.98,62.78,360,2,0,0.14,103.73,105.76,128.31,60.1,1.024,0.2938,4,70.97,Aman,1,density_spike,145.23,90.18,3.058
2025-06-23T18:00:00,3,zone3,18,0,0,1,cloudy,30.24,68.1,430,2,0,0.151,84.89,90.08,70.35,46.06,1.167,0.2095,5,66.09,Aman,0,normal,102.38,86.54,0.881
2025-06-23T18:15:00,2,zone2,18,0,0,2,rain,28.57,84.79,680,4,0,0.029,160.52,137.28,161.48,63.55,1.24,0.2019,4,66.45,Aman,1,density_spike,107.71,179.76,3.34
2025-06-23T18:30:00,4,zone4,18,0,0,2,rain,27.12,77.85,810,5,0,0.14,138.7,112.81,158.5,32.6,1.162,0.1393,8,69.45,Aman,1,density_spike,91.32,154.37,3.404
2025-06-23T18:45:00,1,zone1,18,0,0,0,clear,28.68,57.36,520,3,0,0.137,205.5,185.16,236.21,64.35,0.881,0.3561,8,70.2,Aman,0,normal,181.89,188.33,0.285
2025-06-23T19:00:00,1,zone1,19,0,0,2,rain,22.72,69.67,520,3,0,0.119,119.59,114.52,162.68,67.87,0.808,0.2202,4,70.84,Aman,0,normal,155.68,107.07,2.701
2025-06-23T19:15:00,1,zone1,19,0,0,0,clear,28.41,64.42,520,3,0,0.092,215.96,199.86,246.2,43.82,1.184,0.3843,7,62.38,Aman,0,normal,203.89,205.14,0.051
2025-06-23T19:30:00,3,zone3,19,0,0,0,clear,31.6,59.7,430,2,0,0.106,151.44,169.11,182.61,90.42,0.643,0.3933,5,72.6,Waspada,1,density_spike,228.32,156.8,3.801
2025-06-23T19:45:00,5,zone5,19,0,0,0,clear,31.64,72.38,360,2,0,0.017,128.11,126.21,167.56,66.56,0.978,0.3506,5,72.99,Aman,0,normal,99.7,127.97,1.57
2025-06-23T20:00:00,5,zone5,20,0,0,2,rain,24.41,81.25,360,2,0,0.141,93.51,71.24,76.15,83.28,1.013,0.1979,6,78.33,Aman,0,normal,59.34,99.67,2.24
2025-06-23T20:15:00,4,zone4,20,0,0,1,cloudy,34.78,72.92,810,5,0,0.149,169.31,177.95,235.39,89.42,1.257,0.2197,3,69.0,Aman,0,normal,185.21,164.08,1.073
2025-06-23T20:30:00,4,zone4,20,0,0,1,cloudy,27.41,71.32,810,5,0,0.134,72.46,80.71,163.37,83.51,0.881,0.0996,3,58.41,Aman,0,normal,84.62,63.8,1.157
2025-06-23T20:45:00,3,zone3,20,0,0,1,cloudy,29.63,85.23,430,2,0,0.141,169.87,179.49,217.76,43.56,0.819,0.4174,3,74.01,Aman,0,normal,178.0,173.41,0.22
2025-06-23T21:00:00,4,zone4,21,0,0,0,clear,27.93,75.68,810,5,0,0.072,151.07,144.02,188.47,49.6,1.126,0.1778,6,61.44,Aman,0,normal,137.72,152.32,0.798
2025-06-23T21:15:00,2,zone2,21,0,0,0,clear,30.28,68.39,680,4,0,0.116,112.75,149.98,189.88,80.2,1.378,0.2206,7,70.25,Aman,0,normal,157.31,111.28,2.557
2025-06-23T21:30:00,1,zone1,21,0,0,0,clear,30.98,79.63,520,3,0,0.136,178.82,169.78,183.05,46.46,1.057,0.3265,6,71.38,Aman,0,normal,152.13,183.13,1.411
2025-06-23T21:45:00,3,zone3,21,0,0,0,clear,28.94,76.52,430,2,0,0.154,174.02,171.69,266.32,55.59,0.149,0.3993,5,85.99,Waspada,1,density_spike,258.8,158.64,3.456
2025-06-23T22:00:00,3,zone3,22,0,0,0,clear,32.87,61.47,430,2,0,0.156,121.78,119.54,125.86,85.13,0.9,0.278,5,70.83,Aman,0,normal,121.86,133.33,0.637
2025-06-23T22:15:00,3,zone3,22,0,0,0,clear,36.3,67.11,430,2,0,0.009,98.03,126.89,124.19,32.42,0.893,0.2951,4,79.1,Aman,0,normal,145.23,100.31,2.495
2025-06-23T22:30:00,1,zone1,22,0,0,2,rain,23.05,82.23,520,3,0,0.169,122.16,104.26,107.51,83.59,1.494,0.2005,6,58.82,Aman,0,normal,125.52,113.73,0.655
2025-06-23T22:45:00,1,zone1,22,0,0,0,clear,32.32,68.44,520,3,0,0.031,221.35,210.75,220.25,56.88,0.86,0.4053,7,69.81,Aman,0,normal,191.97,247.28,1.864
2025-06-23T23:00:00,3,zone3,23,0,0,1,cloudy,29.69,73.71,430,2,0,0.059,97.95,75.55,84.86,80.04,0.887,0.1757,2,58.58,Aman,0,normal,65.15,88.71,1.309
2025-06-23T23:15:00,4,zone4,23,0,0,2,rain,26.03,67.65,810,5,0,0.131,38.11,36.07,40.07,51.15,1.143,0.0445,6,69.14,Aman,0,normal,54.65,42.01,0.702
2025-06-23T23:30:00,5,zone5,23,0,0,0,clear,30.57,71.15,360,2,0,0.165,75.12,73.56,48.52,47.14,1.037,0.2043,6,64.96,Aman,0,normal,74.26,83.98,0.54
2025-06-23T23:45:00,2,zone2,23,0,0,0,clear,35.26,51.91,680,4,0,0.021,129.08,126.0,128.64,52.89,1.302,0.1853,5,70.95,Aman,0,normal,91.76,112.87,1.173
2025-06-24T00:00:00,5,zone5,0,1,0,0,clear,23.37,67.19,360,2,0,0.118,78.34,79.15,113.39,45.97,1.077,0.2199,7,75.45,Aman,0,normal,52.56,86.33,1.876
2025-06-24T00:15:00,5,zone5,0,1,0,0,clear,31.35,58.0,360,2,0,0.071,64.88,64.54,47.95,44.72,1.343,0.1793,7,76.9,Aman,0,normal,61.92,71.32,0.522
2025-06-24T00:30:00,5,zone5,0,1,0,2,rain,31.55,98,360,2,0,0.127,65.77,38.2,54.09,57.19,1.174,0.1061,8,78.38,Aman,0,normal,18.91,63.25,2.463
2025-06-24T00:45:00,1,zone1,0,1,0,0,clear,30.3,65.13,520,3,0,0.136,105.69,111.28,133.6,35.79,1.135,0.214,7,68.63,Aman,0,normal,140.63,108.65,1.777
2025-06-24T01:00:00,5,zone5,1,1,0,0,clear,33.26,64.43,360,2,0,0.015,89.75,89.48,75.27,45.63,1.092,0.2485,3,62.37,Aman,1,density_spike,145.41,88.63,3.155
2025-06-24T01:15:00,1,zone1,1,1,0,1,cloudy,26.71,71.7,520,3,0,0.027,126.76,114.04,82.97,55.48,1.23,0.2193,3,65.09,Aman,0,normal,108.27,132.94,1.371
2025-06-24T01:30:00,5,zone5,1,1,0,1,cloudy,27.31,67.17,360,2,0,0.17,28.64,4,4,54.73,1.17,0.0111,5,56.15,Aman,0,normal,6.22,26.46,1.124
2025-06-24T01:45:00,5,zone5,1,1,0,2,rain,27.4,67.73,360,2,0,0.009,8,9.51,4,27.18,1.319,0.0264,4,62.98,Aman,0,normal,17.34,8,0.519
2025-06-24T02:00:00,1,zone1,2,1,0,0,clear,31.0,53.21,520,3,0,0.1,85.42,104.01,110.75,45.88,1.04,0.2,3,72.21,Aman,0,normal,121.75,89.67,1.782
2025-06-24T02:15:00,3,zone3,2,1,0,0,clear,31.87,75.67,430,2,0,0.168,75.44,95.18,79.9,63.81,0.896,0.2214,3,73.02,Aman,0,normal,88.55,80.44,0.451
2025-06-24T02:30:00,4,zone4,2,1,0,2,rain,25.55,83.56,810,5,0,0.021,48.25,41.14,26.42,45.73,1.368,0.0508,4,64.91,Aman,0,normal,52.91,53.59,0.037
2025-06-24T02:45:00,1,zone1,2,1,0,0,clear,29.04,75.4,520,3,0,0.075,139.04,161.26,136.28,41.33,0.608,0.3101,4,77.58,Aman,1,density_spike,416.09,134.38,5.428
2025-06-24T03:00:00,5,zone5,3,1,0,0,clear,30.6,70.29,360,2,0,0.054,68.92,91.83,97.45,71.98,0.89,0.2551,5,61.56,Aman,0,normal,74.34,69.94,0.245
2025-06-24T03:15:00,4,zone4,3,1,0,0,clear,33.36,70.37,810,5,0,0.114,16.12,37.73,38.32,59.48,0.976,0.0466,5,70.01,Aman,0,normal,23.88,15.28,0.478
2025-06-24T03:30:00,4,zone4,3,1,0,0,clear,30.46,69.86,810,5,0,0.115,81.82,104.06,86.86,65.3,1.201,0.1285,8,66.85,Aman,0,normal,82.84,82.03,0.045
2025-06-24T03:45:00,4,zone4,3,1,0,1,cloudy,29.03,75.13,810,5,0,0.153,60.77,58.44,26.29,89.3,1.269,0.0721,2,65.99,Aman,0,normal,88.77,59.18,1.644
2025-06-24T04:00:00,5,zone5,4,1,0,0,clear,27.96,70.43,360,2,1,0.851,88.06,162.72,211.57,153.86,1.092,0.452,5,90.09,Bahaya,1,density_spike,163.47,89.7,4.098
2025-06-24T04:15:00,4,zone4,4,1,0,0,clear,28.42,61.9,810,5,0,0.158,149.63,155.08,129.4,29.06,1.164,0.1915,8,50.98,Aman,0,normal,126.93,134.77,0.436
2025-06-24T04:30:00,1,zone1,4,1,0,1,cloudy,27.86,68.86,520,3,0,0.095,131.72,113.47,84.17,64.42,0.805,0.2182,8,69.29,Aman,0,normal,108.19,142.46,1.904
2025-06-24T04:45:00,4,zone4,4,1,0,0,clear,33.84,66.75,810,5,0,0.093,86.19,76.32,86.32,76.18,1.208,0.0942,6,64.69,Aman,0,normal,91.56,74.37,0.955
2025-06-24T05:00:00,1,zone1,5,1,0,1,cloudy,26.82,73.27,520,3,0,0.179,127.48,134.44,98.02,95.5,1.303,0.2585,8,61.92,Aman,0,normal,121.58,110.2,0.632
2025-06-24T05:15:00,2,zone2,5,1,0,0,clear,29.32,74.58,680,4,0,0.093,123.39,127.49,129.96,41.58,0.92,0.1875,7,74.2,Aman,0,normal,135.96,112.64,1.295
2025-06-24T05:30:00,4,zone4,5,1,0,0,clear,31.61,63.88,810,5,0,0.057,126.63,108.86,121.04,39.15,1.348,0.1344,6,73.48,Aman,0,normal,111.56,132.33,1.154
2025-06-24T05:45:00,3,zone3,5,1,0,0,clear,27.44,70.57,430,2,0,0.111,48.95,45.1,55.03,40.86,0.32,0.1049,8,97.41,Aman,1,density_spike,108.76,44.52,4.388
2025-06-24T06:00:00,5,zone5,6,1,0,0,clear,30.34,74.32,360,2,0,0.044,150.15,160.54,106.33,64.49,1.027,0.4459,6,64.99,Waspada,0,normal,148.89,135.2,0.761
2025-06-24T06:15:00,3,zone3,6,1,0,0,clear,29.84,71.02,430,2,0,0.086,180.82,207.61,183.04,38.31,0.742,0.4828,6,67.78,Waspada,0,normal,215.69,198.82,0.707
2025-06-24T06:30:00,4,zone4,6,1,0,1,cloudy,29.89,61.11,810,5,0,0.167,113.38,135.04,111.04,80.9,1.286,0.1667,5,79.79,Aman,0,normal,121.57,114.14,0.413
2025-06-24T06:45:00,3,zone3,6,1,0,0,clear,32.98,66.05,430,2,0,0.057,110.07,89.81,55.69,27.17,1.12,0.2089,4,71.72,Aman,0,normal,115.98,117.64,0.092
2025-06-24T07:00:00,5,zone5,7,1,0,1,cloudy,29.39,76.4,360,2,0,0.005,64.94,70.73,54.49,50.35,0.951,0.1965,4,58.21,Aman,0,normal,86.26,56.63,1.646
2025-06-24T07:15:00,3,zone3,7,1,0,0,clear,29.79,59.56,430,2,1,0.707,153.43,204.81,207.94,140.96,1.002,0.4763,6,84.02,Bahaya,0,normal,196.32,145.64,2.815
2025-06-24T07:30:00,4,zone4,7,1,0,3,storm,24.1,81.87,810,5,1,0.806,72.02,127.67,163.08,132.9,0.321,0.1576,6,114,Waspada,1,density_spike,340.62,72.31,5.031
2025-06-24T07:45:00,3,zone3,7,1,0,1,cloudy,30.7,71.26,430,2,0,0.044,136.99,114.99,139.23,81.57,0.84,0.2674,2,65.86,Aman,0,normal,104.14,125.56,1.19
2025-06-24T08:00:00,2,zone2,8,1,0,2,rain,30.8,77.67,680,4,0,0.059,107.78,73.21,58.85,49.83,0.983,0.1077,8,74.83,Aman,0,normal,69.46,97.85,1.577
2025-06-24T08:15:00,4,zone4,8,1,0,0,clear,29.17,65.07,810,5,0,0.109,149.47,155.32,138.94,74.96,1.473,0.1918,7,81.45,Aman,0,normal,148.38,149.93,0.086
2025-06-24T08:30:00,4,zone4,8,1,0,0,clear,28.23,80.36,810,5,0,0.057,88.82,76.65,76.24,46.13,0.791,0.0946,3,71.38,Aman,0,normal,67.23,98.38,1.731
2025-06-24T08:45:00,4,zone4,8,1,0,2,rain,27.86,84.26,810,5,0,0.018,81.59,68.04,95.55,40.59,1.416,0.084,7,70.94,Aman,0,normal,74.31,77.07,0.153
2025-06-24T09:00:00,4,zone4,9,1,0,3,storm,25.59,97.43,810,5,0,0.042,49.43,40.67,56.21,59.6,1.028,0.0502,8,57.7,Aman,0,normal,3.03,54.64,2.868
2025-06-24T09:15:00,5,zone5,9,1,0,2,rain,30.27,74.39,360,2,0,0.065,34.22,4,4,29.98,1.109,0.0111,5,70.16,Aman,0,normal,13.19,33.85,1.148
2025-06-24T09:30:00,1,zone1,9,1,0,2,rain,27.73,80.7,520,3,0,0.169,139.92,172.92,175.16,80.97,0.98,0.3325,4,74.52,Aman,0,normal,169.4,127.08,2.351
2025-06-24T09:45:00,5,zone5,9,1,0,1,cloudy,31.48,61.88,360,2,0,0.163,170.38,148.86,132.63,64.82,0.989,0.4135,7,75.72,Waspada,0,normal,157.67,178.88,0.988
2025-06-24T10:00:00,1,zone1,10,1,0,0,clear,27.9,75.74,520,3,0,0.149,123.77,114.41,126.14,46.64,0.754,0.22,7,80.97,Aman,0,normal,113.77,132.72,1.053
2025-06-24T10:15:00,3,zone3,10,1,0,1,cloudy,28.03,79.22,430,2,0,0.079,108.43,106.13,105.15,70.58,1.303,0.2468,3,66.19,Aman,0,normal,121.57,95.68,1.438
2025-06-24T10:30:00,4,zone4,10,1,0,1,cloudy,28.18,81.74,810,5,0,0.037,131.88,144.63,118.26,86.25,0.953,0.1786,3,60.83,Aman,0,normal,156.17,139.91,0.904
2025-06-24T10:45:00,5,zone5,10,1,0,0,clear,31.9,71.2,360,2,1,0.948,101.9,157.35,201.13,156.0,0.924,0.4371,2,86.88,Bahaya,1,density_spike,184.68,92.52,5.12
2025-06-24T11:00:00,4,zone4,11,1,0,0,clear,32.85,61.0,810,5,0,0.141,67.92,81.5,87.66,97.37,1.305,0.1006,7,70.44,Aman,0,normal,69.91,73.98,0.226
2025-06-24T11:15:00,1,zone1,11,1,0,1,cloudy,31.16,72.99,520,3,0,0.137,195.51,169.51,181.13,70.23,0.789,0.326,3,67.85,Aman,0,normal,161.73,171.85,0.49
2025-06-24T11:30:00,3,zone3,11,1,0,1,cloudy,26.23,70.06,430,2,0,0.178,114.18,99.35,72.17,65.13,0.78,0.231,7,76.03,Aman,0,normal,78.55,110.74,1.788
2025-06-24T11:45:00,1,zone1,11,1,0,0,clear,29.28,83.81,520,3,0,0.162,187.11,200.77,211.28,72.74,0.995,0.3861,3,65.21,Waspada,0,normal,192.87,170.13,1.114
2025-06-24T12:00:00,3,zone3,12,1,0,1,cloudy,31.31,77.76,430,2,0,0.16,138.33,142.32,138.27,101.66,1.1,0.331,6,72.58,Waspada,0,normal,106.16,140.44,1.904
2025-06-24T12:15:00,5,zone5,12,1,0,1,cloudy,31.11,69.92,360,2,0,0.035,77.67,65.02,107.47,66.78,0.969,0.1806,6,67.21,Aman,0,normal,99.59,84.17,0.857
2025-06-24T12:30:00,1,zone1,12,1,0,0,clear,34.54,76.94,520,3,0,0.077,174.3,168.83,160.94,68.39,0.675,0.3247,5,65.04,Aman,0,normal,151.34,186.6,1.575
2025-06-24T12:45:00,5,zone5,12,1,0,0,clear,32.07,66.13,360,2,0,0.173,157.82,181.21,118.52,102.06,1.225,0.5034,5,75.02,Waspada,0,normal,167.47,137.49,1.665
2025-06-24T13:00:00,1,zone1,13,1,0,0,clear,33.32,76.48,520,3,0,0.014,190.58,160.2,124.07,57.72,0.816,0.3081,6,71.05,Aman,0,normal,152.63,194.22,1.785
2025-06-24T13:15:00,5,zone5,13,1,0,0,clear,32.08,65.39,360,2,0,0.009,62.74,56.44,59.21,12.92,1.392,0.1568,7,80.44,Aman,0,normal,68.72,61.64,0.393
2025-06-24T13:30:00,5,zone5,13,1,0,1,cloudy,33.59,81.4,360,2,0,0.166,63.35,60.35,111.44,62.87,0.714,0.1676,4,83.92,Aman,1,density_spike,13.45,60.92,6.153
2025-06-24T13:45:00,5,zone5,13,1,0,2,rain,27.56,84.96,360,2,0,0.081,72.07,38.14,35.56,56.09,1.284,0.106,5,65.26,Aman,0,normal,48.44,73.15,1.373
2025-06-24T14:00:00,2,zone2,14,1,0,0,clear,28.29,74.25,680,4,0,0.122,125.27,138.19,130.31,90.63,0.991,0.2032,8,64.79,Aman,0,normal,131.15,136.51,0.297
2025-06-24T14:15:00,4,zone4,14,1,0,1,cloudy,33.19,72.52,810,5,0,0.048,134.11,159.36,169.22,71.74,0.882,0.1967,7,68.7,Aman,0,normal,178.48,136.21,2.349
2025-06-24T14:30:00,4,zone4,14,1,0,2,rain,27.43,80.31,810,5,0,0.115,138.63,132.32,125.25,75.16,1.064,0.1634,8,58.55,Aman,0,normal,127.61,154.16,1.435
2025-06-24T14:45:00,4,zone4,14,1,0,1,cloudy,29.49,77.74,810,5,0,0.158,88.37,95.96,36.39,63.34,1.14,0.1185,3,69.31,Aman,0,normal,67.57,89.34,1.21
2025-06-24T15:00:00,1,zone1,15,1,0,0,clear,31.25,81.51,520,3,0,0.006,108.06,59.99,74.21,37.4,1.593,0.1154,3,64.57,Aman,0,normal,54.97,103.7,2.707
2025-06-24T15:15:00,3,zone3,15,1,0,0,clear,31.11,67.93,430,2,0,0.151,86.99,103.51,113.95,85.36,1.139,0.2407,3,61.12,Aman,0,normal,108.0,77.55,1.692
2025-06-24T15:30:00,3,zone3,15,1,0,0,clear,33.28,82.05,430,2,0,0.045,139.89,160.04,151.56,58.14,1.307,0.3722,2,69.86,Aman,0,normal,142.53,149.9,0.409
2025-06-24T15:45:00,3,zone3,15,1,0,0,clear,31.37,86.24,430,2,0,0.041,121.54,151.99,167.75,59.6,1.092,0.3535,2,71.4,Aman,0,normal,161.85,133.87,1.554
2025-06-24T16:00:00,4,zone4,16,1,0,0,clear,32.94,64.24,810,5,0,0.071,80.41,90.44,42.88,31.87,1.027,0.1117,5,75.52,Aman,0,normal,85.05,81.28,0.209
2025-06-24T16:15:00,2,zone2,16,1,0,0,clear,30.04,69.53,680,4,0,0.123,144.2,164.82,144.92,76.1,0.766,0.2424,3,55.42,Aman,0,normal,157.15,143.6,0.752
2025-06-24T16:30:00,5,zone5,16,1,0,1,cloudy,28.92,77.27,360,2,0,0.072,89.15,78.93,97.77,50.74,1.159,0.2193,4,72.21,Aman,0,normal,72.24,80.31,0.448
2025-06-24T16:45:00,3,zone3,16,1,0,3,storm,25.33,98,430,2,0,0.013,35.88,11.81,19.97,38.4,0.847,0.0275,7,72.63,Aman,0,normal,-1.72,34.61,2.019
2025-06-24T17:00:00,3,zone3,17,1,0,1,cloudy,30.71,66.32,430,2,0,0.086,113.6,112.67,155.27,93.78,1.225,0.262,2,70.46,Aman,0,normal,119.34,103.78,0.864
2025-06-24T17:15:00,4,zone4,17,1,0,0,clear,33.64,65.02,810,5,0,0.016,90.92,74.36,49.89,43.54,0.534,0.0918,3,83.0,Aman,1,density_spike,25.59,88.16,4.866
2025-06-24T17:30:00,3,zone3,17,1,0,0,clear,32.19,65.8,430,2,0,0.072,140.99,134.12,137.78,50.5,0.987,0.3119,8,74.01,Aman,0,normal,125.0,146.49,1.194
2025-06-24T17:45:00,1,zone1,17,1,0,2,rain,26.17,80.27,520,3,0,0.18,188.91,178.84,201.95,61.68,1.071,0.3439,8,74.15,Aman,0,normal,176.82,183.36,0.297
2025-06-24T18:00:00,3,zone3,18,1,0,0,clear,29.72,63.7,430,2,1,0.494,153.91,194.51,205.76,101.44,0.767,0.4524,7,72.4,Waspada,1,density_spike,211.92,141.89,3.891
2025-06-24T18:15:00,1,zone1,18,1,0,2,rain,25.58,77.63,520,3,0,0.076,132.85,121.1,131.79,87.06,0.992,0.2329,4,59.03,Aman,0,normal,135.13,136.55,0.079
2025-06-24T18:30:00,1,zone1,18,1,0,1,cloudy,24.97,83.58,520,3,0,0.176,205.4,216.52,251.41,55.88,0.402,0.4164,7,104.09,Waspada,1,density_spike,316.76,227.19,4.76
2025-06-24T18:45:00,3,zone3,18,1,0,0,clear,26.83,51.42,430,2,0,0.02,104.27,54.67,55.47,41.75,1.427,0.1271,4,61.49,Aman,1,density_spike,37.84,112.39,4.142
2025-06-24T19:00:00,3,zone3,19,1,0,1,cloudy,30.61,64.28,430,2,0,0.118,109.6,100.27,126.17,39.87,1.229,0.2332,8,78.18,Aman,0,normal,101.79,104.6,0.156
2025-06-24T19:15:00,4,zone4,19,1,0,1,cloudy,28.07,81.12,810,5,0,0.046,158.37,133.8,151.17,83.17,1.262,0.1652,6,61.12,Aman,0,normal,124.71,162.73,1.947
2025-06-24T19:30:00,3,zone3,19,1,0,0,clear,30.96,66.0,430,2,1,0.848,153.77,232.42,293.75,146.87,0.614,0.5405,5,83.22,Bahaya,1,density_spike,222.15,152.44,3.811
2025-06-24T19:45:00,5,zone5,19,1,0,1,cloudy,28.22,56.22,360,2,0,0.014,106.23,118.28,156.23,55.59,0.962,0.3286,7,59.18,Aman,0,normal,85.16,101.88,0.929
2025-06-24T20:00:00,5,zone5,20,1,0,1,cloudy,33.08,88.39,360,2,0,0.005,146.85,137.61,186.06,60.83,1.049,0.3823,3,65.93,Aman,0,normal,115.2,143.86,1.593
2025-06-24T20:15:00,2,zone2,20,1,0,1,cloudy,27.53,59.92,680,4,0,0.038,128.15,128.88,173.35,39.34,1.105,0.1895,8,61.64,Aman,0,normal,126.79,135.42,0.479
2025-06-24T20:30:00,4,zone4,20,1,0,0,clear,31.05,63.6,810,5,0,0.021,139.03,148.45,190.28,79.78,0.998,0.1833,4,63.12,Aman,0,normal,147.31,137.28,0.557
2025-06-24T20:45:00,3,zone3,20,1,0,1,cloudy,26.0,77.07,430,2,1,0.589,213.96,214.34,260.44,116.59,1.04,0.4985,6,80.46,Waspada,0,normal,207.28,186.81,0.913
2025-06-24T21:00:00,3,zone3,21,1,0,3,storm,23.23,83.1,430,2,0,0.173,101.63,122.69,125.34,37.68,1.185,0.2853,4,62.1,Aman,0,normal,88.58,101.87,0.738
2025-06-24T21:15:00,2,zone2,21,1,0,0,clear,27.8,72.67,680,4,0,0.033,150.83,136.1,150.66,61.2,1.379,0.2001,2,69.72,Aman,0,normal,130.49,135.54,0.281
2025-06-24T21:30:00,1,zone1,21,1,0,0,clear,30.28,65.62,520,3,0,0.013,191.01,193.3,219.24,76.05,1.001,0.3717,8,84.95,Aman,0,normal,160.83,178.12,0.809
2025-06-24T21:45:00,1,zone1,21,1,0,0,clear,31.08,50.31,520,3,0,0.131,181.8,215.2,225.22,44.83,0.855,0.4138,6,76.19,Aman,0,normal,198.6,200.84,0.093
2025-06-24T22:00:00,5,zone5,22,1,0,0,clear,30.58,69.77,360,2,0,0.15,130.6,142.75,119.27,97.53,1.064,0.3965,6,75.81,Waspada,0,normal,101.91,145.85,2.441
2025-06-24T22:15:00,2,zone2,22,1,0,0,clear,35.12,60.05,680,4,1,0.454,209.21,224.87,227.89,88.59,1.176,0.3307,2,74.93,Waspada,0,normal,253.38,209.53,1.744
2025-06-24T22:30:00,2,zone2,22,1,0,0,clear,32.62,62.03,680,4,0,0.115,96.67,116.0,118.95,70.98,1.139,0.1706,2,61.67,Aman,0,normal,109.73,93.08,0.925
2025-06-24T22:45:00,4,zone4,22,1,0,2,rain,30.66,66.82,810,5,0,0.003,113.32,97.37,113.22,36.51,0.977,0.1202,3,62.88,Aman,0,normal,94.56,101.11,0.364
2025-06-24T23:00:00,5,zone5,23,1,0,2,rain,30.1,82.76,360,2,0,0.134,42.48,63.18,98.27,87.64,1.077,0.1755,6,53.8,Aman,0,normal,62.03,42.23,1.1
2025-06-24T23:15:00,3,zone3,23,1,0,0,clear,27.92,73.42,430,2,0,0.058,83.25,99.19,93.64,84.8,1.137,0.2307,5,59.42,Aman,0,normal,100.32,85.93,0.799
2025-06-24T23:30:00,2,zone2,23,1,0,0,clear,32.45,67.17,680,4,0,0.178,94.52,44.19,80.2,58.19,1.134,0.065,6,72.76,Aman,0,normal,54.77,84.09,1.629
2025-06-24T23:45:00,4,zone4,23,1,0,1,cloudy,27.93,72.96,810,5,0,0.002,134.23,100.06,98.84,53.8,1.329,0.1235,8,66.5,Aman,0,normal,101.08,149.82,2.708
2025-06-25T00:00:00,2,zone2,0,2,0,0,clear,28.99,76.88,680,4,0,0.017,80.48,129.85,120.28,68.5,0.714,0.191,3,76.52,Aman,1,density_spike,148.4,88.49,3.328
2025-06-25T00:15:00,2,zone2,0,2,0,1,cloudy,31.8,75.33,680,4,0,0.06,102.86,68.14,99.65,27.42,1.265,0.1002,3,73.46,Aman,0,normal,102.22,107.94,0.318
2025-06-25T00:30:00,4,zone4,0,2,0,0,clear,30.28,73.74,810,5,0,0.109,39.43,92.15,74.13,95.15,0.929,0.1138,8,52.91,Aman,1,density_spike,120.61,38.16,4.581
2025-06-25T00:45:00,3,zone3,0,2,0,0,clear,30.32,93.52,430,2,0,0.127,24.24,32.07,4.32,59.88,0.863,0.0746,5,72.79,Aman,0,normal,35.53,21.2,0.796
2025-06-25T01:00:00,3,zone3,1,2,0,2,rain,26.82,79.51,430,2,0,0.166,52.92,30.32,43.25,43.18,1.093,0.0705,2,59.92,Aman,0,normal,9.74,56.51,2.598
2025-06-25T01:15:00,1,zone1,1,2,0,0,clear,27.91,68.39,520,3,0,0.156,94.1,116.67,106.66,61.73,1.054,0.2244,7,75.91,Aman,0,normal,88.94,87.57,0.076
2025-06-25T01:30:00,3,zone3,1,2,0,0,clear,33.6,61.58,430,2,1,0.477,86.41,123.5,141.1,83.6,0.871,0.2872,5,77.21,Waspada,0,normal,103.52,90.76,0.709
2025-06-25T01:45:00,4,zone4,1,2,0,0,clear,32.36,69.61,810,5,0,0.099,65.79,84.22,70.01,69.69,1.31,0.104,2,73.98,Aman,0,normal,89.48,62.25,1.513
2025-06-25T02:00:00,5,zone5,2,2,0,0,clear,33.09,72.87,360,2,0,0.019,31.96,55.02,35.17,62.37,1.305,0.1528,6,66.88,Aman,1,density_spike,92.9,30.3,3.478
2025-06-25T02:15:00,1,zone1,2,2,0,1,cloudy,28.02,77.37,520,3,0,0.114,127.74,94.46,101.46,89.05,0.751,0.1816,7,70.09,Aman,1,density_spike,59.85,130.64,3.933
2025-06-25T02:30:00,2,zone2,2,2,0,1,cloudy,30.88,72.12,680,4,0,0.045,83.64,81.38,45.59,86.58,1.332,0.1197,4,74.35,Aman,0,normal,83.28,78.08,0.289
2025-06-25T02:45:00,2,zone2,2,2,0,0,clear,32.34,51.66,680,4,0,0.169,56.05,83.0,129.89,70.32,1.187,0.1221,8,65.97,Aman,0,normal,71.79,59.07,0.707
2025-06-25T03:00:00,4,zone4,3,2,0,2,rain,23.27,98,810,5,0,0.128,16.52,15.01,30.62,50.79,1.488,0.0185,4,64.69,Aman,0,normal,1.34,16.67,0.852
2025-06-25T03:15:00,3,zone3,3,2,0,0,clear,30.04,79.76,430,2,0,0.156,150.37,130.49,158.21,70.26,0.917,0.3035,7,73.26,Aman,0,normal,109.41,130.03,1.146
2025-06-25T03:30:00,2,zone2,3,2,0,0,clear,30.59,71.61,680,4,0,0.121,124.04,99.15,87.83,62.8,0.982,0.1458,4,64.04,Aman,0,normal,111.97,124.83,0.715
2025-06-25T03:45:00,5,zone5,3,2,0,1,cloudy,26.43,68.28,360,2,0,0.078,34.63,4,31.47,46.47,0.965,0.0111,2,68.67,Aman,0,normal,-3.01,37.34,2.242
2025-06-25T04:00:00,5,zone5,4,2,0,1,cloudy,32.37,72.34,360,2,0,0.02,10.09,4,19.71,22.17,1.057,0.0111,5,67.29,Aman,0,normal,15.51,10.33,0.288
2025-06-25T04:15:00,5,zone5,4,2,0,1,cloudy,31.11,73.77,360,2,0,0.075,37.03,28.53,47.52,5,1.347,0.0793,8,62.56,Aman,0,normal,44.92,40.0,0.273
2025-06-25T04:30:00,1,zone1,4,2,0,0,clear,32.01,61.15,520,3,0,0.171,161.53,182.34,178.62,98.96,1.341,0.3507,6,60.47,Waspada,0,normal,186.2,152.39,1.849
2025-06-25T04:45:00,2,zone2,4,2,0,0,clear,27.49,76.63,680,4,0,0.048,90.84,92.25,110.09,38.92,1.374,0.1357,5,66.79,Aman,0,normal,72.73,83.84,0.617
2025-06-25T05:00:00,3,zone3,5,2,0,3,storm,24.29,78.37,430,2,1,0.948,155.46,194.74,274.01,140.39,0.86,0.4529,7,91.66,Bahaya,0,normal,198.07,162.26,1.839
2025-06-25T05:15:00,5,zone5,5,2,0,2,rain,31.8,79.38,360,2,0,0.17,26.98,55.37,60.22,79.48,0.91,0.1538,7,75.68,Aman,0,normal,58.16,26.17,1.777
2025-06-25T05:30:00,1,zone1,5,2,0,1,cloudy,28.19,76.49,520,3,0,0.084,123.92,141.88,118.11,37.78,1.379,0.2728,4,74.48,Aman,0,normal,106.28,108.4,0.118
2025-06-25T05:45:00,4,zone4,5,2,0,0,clear,30.19,65.85,810,5,0,0.157,96.95,98.2,101.07,45.07,1.16,0.1212,4,71.91,Aman,0,normal,106.23,100.53,0.317
2025-06-25T06:00:00,1,zone1,6,2,0,2,rain,28.61,71.52,520,3,0,0.145,131.26,127.77,124.35,70.53,0.898,0.2457,2,71.02,Aman,0,normal,121.99,119.99,0.111
2025-06-25T06:15:00,2,zone2,6,2,0,0,clear,32.25,59.57,680,4,0,0.055,123.25,139.32,138.43,60.68,0.941,0.2049,3,70.05,Aman,0,normal,130.25,130.99,0.041
2025-06-25T06:30:00,1,zone1,6,2,0,0,clear,35.14,68.85,520,3,0,0.068,125.25,149.79,169.84,78.57,1.212,0.2881,5,67.96,Aman,0,normal,158.44,109.93,2.695
2025-06-25T06:45:00,5,zone5,6,2,0,2,rain,27.94,95.55,360,2,0,0.165,78.68,78.37,89.24,82.47,1.342,0.2177,8,70.23,Aman,0,normal,71.72,75.19,0.193
2025-06-25T07:00:00,4,zone4,7,2,0,1,cloudy,26.98,66.53,810,5,0,0.046,117.83,107.22,117.27,79.33,1.11,0.1324,8,55.45,Aman,0,normal,119.34,110.13,0.512
2025-06-25T07:15:00,4,zone4,7,2,0,1,cloudy,31.12,67.55,810,5,0,0.113,128.12,113.79,146.0,112.01,1.165,0.1405,3,75.13,Aman,0,normal,139.31,143.34,0.224
2025-06-25T07:30:00,1,zone1,7,2,0,0,clear,28.33,61.38,520,3,0,0.171,176.38,206.27,198.7,70.37,1.148,0.3967,4,64.18,Waspada,0,normal,187.67,162.97,1.263
2025-06-25T07:45:00,4,zone4,7,2,0,1,cloudy,30.7,59.09,810,5,0,0.159,105.8,123.95,110.12,84.51,0.813,0.153,2,75.69,Aman,0,normal,119.79,104.92,0.826
2025-06-25T08:00:00,4,zone4,8,2,0,1,cloudy,26.45,70.28,810,5,0,0.111,128.83,129.59,156.02,40.23,0.821,0.16,8,70.95,Aman,0,normal,142.98,135.9,0.394
2025-06-25T08:15:00,5,zone5,8,2,0,0,clear,31.31,60.6,360,2,1,0.461,111.21,159.34,164.12,104.95,0.952,0.4426,6,80.49,Waspada,0,normal,145.36,97.27,2.672
2025-06-25T08:30:00,4,zone4,8,2,0,0,clear,34.78,81.53,810,5,0,0.018,104.73,122.66,146.01,57.79,0.859,0.1514,7,72.16,Aman,0,normal,104.46,109.65,0.288
2025-06-25T08:45:00,2,zone2,8,2,0,2,rain,27.15,86.14,680,4,0,0.039,105.46,116.85,123.64,79.05,0.308,0.1718,5,102.4,Aman,1,density_spike,184.06,102.07,6.197
2025-06-25T09:00:00,4,zone4,9,2,0,0,clear,33.85,59.43,810,5,0,0.15,100.26,106.73,133.98,33.31,1.445,0.1318,4,66.39,Aman,0,normal,114.01,88.22,1.432
2025-06-25T09:15:00,2,zone2,9,2,0,2,rain,22.84,70.86,680,4,0,0.047,72.42,47.07,55.01,37.21,1.293,0.0692,7,78.47,Aman,0,normal,60.88,68.17,0.405
2025-06-25T09:30:00,3,zone3,9,2,0,0,clear,30.98,65.23,430,2,0,0.007,99.4,101.08,58.89,37.51,1.116,0.2351,4,69.09,Aman,0,normal,101.42,93.64,0.432
2025-06-25T09:45:00,3,zone3,9,2,0,1,cloudy,31.04,89.61,430,2,0,0.173,128.54,103.43,130.75,76.63,1.215,0.2405,8,77.64,Aman,1,density_spike,77.63,143.34,3.651
2025-06-25T10:00:00,4,zone4,10,2,0,1,cloudy,32.9,77.47,810,5,0,0.153,33.6,34.74,28.72,67.43,1.013,0.0429,3,73.37,Aman,0,normal,58.52,31.18,1.519
2025-06-25T10:15:00,5,zone5,10,2,0,0,clear,26.74,67.09,360,2,0,0.131,103.73,135.19,102.46,64.72,0.857,0.3755,8,69.01,Aman,0,normal,158.28,110.48,2.655
2025-06-25T10:30:00,3,zone3,10,2,0,3,storm,28.05,73.22,430,2,1,0.492,97.77,89.49,118.18,91.87,1.191,0.2081,6,87.54,Aman,0,normal,87.03,106.64,1.089
2025-06-25T10:45:00,3,zone3,10,2,0,2,rain,26.57,80.47,430,2,0,0.025,143.54,126.63,134.66,28.17,1.204,0.2945,2,67.06,Aman,0,normal,131.29,135.71,0.245
2025-06-25T11:00:00,4,zone4,11,2,0,1,cloudy,29.56,65.27,810,5,0,0.176,82.8,93.42,49.69,26.4,1.251,0.1153,2,73.35,Aman,0,normal,82.67,82.07,0.033
2025-06-25T11:15:00,4,zone4,11,2,0,3,storm,24.37,85.85,810,5,0,0.014,129.54,124.94,127.82,63.55,1.049,0.1542,4,73.51,Aman,0,normal,114.32,133.31,1.055
2025-06-25T11:30:00,4,zone4,11,2,0,1,cloudy,29.6,79.09,810,5,0,0.056,82.63,79.47,115.79,59.7,0.458,0.0981,8,79.43,Aman,1,density_spike,128.9,91.72,5.929
2025-06-25T11:45:00,3,zone3,11,2,0,3,storm,26.32,90.59,430,2,0,0.079,37.68,4,18.75,51.78,1.06,0.0093,5,64.25,Aman,1,density_spike,-29.62,34.14,3.542
2025-06-25T12:00:00,3,zone3,12,2,0,1,cloudy,31.24,68.84,430,2,0,0.037,88.1,76.07,60.11,65.0,1.19,0.1769,5,66.08,Aman,1,density_spike,26.32,97.61,3.961
2025-06-25T12:15:00,1,zone1,12,2,0,2,rain,22.59,84.55,520,3,0,0.018,148.13,154.57,157.22,68.62,0.741,0.2972,7,60.39,Aman,0,normal,174.13,147.93,1.455
2025-06-25T12:30:00,1,zone1,12,2,0,0,clear,31.28,72.52,520,3,0,0.03,161.44,157.45,154.79,66.25,1.272,0.3028,2,73.9,Aman,0,normal,167.13,166.47,0.033
2025-06-25T12:45:00,2,zone2,12,2,0,1,cloudy,30.17,76.53,680,4,0,0.072,63.45,95.32,112.71,77.86,1.031,0.1402,6,61.85,Aman,0,normal,102.35,55.84,2.584
2025-06-25T13:00:00,2,zone2,13,2,0,3,storm,25.49,88.65,680,4,0,0.145,134.2,85.83,89.88,43.55,1.248,0.1262,4,80.63,Aman,0,normal,89.86,133.32,2.415
2025-06-25T13:15:00,2,zone2,13,2,0,0,clear,27.0,72.36,680,4,0,0.065,143.35,187.72,182.08,54.23,1.129,0.2761,6,64.79,Aman,0,normal,190.67,159.01,1.659
2025-06-25T13:30:00,5,zone5,13,2,0,0,clear,31.07,64.07,360,2,0,0.151,68.04,67.43,78.31,63.94,1.123,0.1873,5,74.05,Aman,0,normal,114.56,63.59,2.832
2025-06-25T13:45:00,5,zone5,13,2,0,0,clear,30.16,56.4,360,2,1,0.453,73.18,110.0,168.44,108.0,0.772,0.3056,2,82.71,Waspada,0,normal,88.62,79.82,0.489
2025-06-25T14:00:00,5,zone5,14,2,0,2,rain,23.02,75.38,360,2,0,0.085,91.94,80.38,124.9,21.88,0.791,0.2233,7,67.05,Aman,0,normal,102.29,85.35,0.941
2025-06-25T14:15:00,1,zone1,14,2,0,0,clear,32.43,50.62,520,3,0,0.047,155.07,168.75,194.14,63.0,0.871,0.3245,7,75.1,Aman,0,normal,186.71,170.76,0.778
2025-06-25T14:30:00,4,zone4,14,2,0,0,clear,32.21,68.84,810,5,0,0.163,124.41,135.85,134.73,68.96,1.169,0.1677,4,63.24,Aman,0,normal,136.35,118.14,1.012
2025-06-25T14:45:00,5,zone5,14,2,0,0,clear,28.43,64.04,360,2,0,0.067,83.79,92.44,103.8,46.89,1.069,0.2568,5,69.26,Aman,0,normal,59.72,72.35,0.702
2025-06-25T15:00:00,2,zone2,15,2,0,3,storm,24.6,98,680,4,0,0.124,79.08,54.97,94.08,60.48,1.224,0.0808,2,64.87,Aman,0,normal,52.72,68.08,0.853
2025-06-25T15:15:00,3,zone3,15,2,0,0,clear,31.51,59.33,430,2,0,0.109,180.6,194.74,228.23,42.46,0.95,0.4529,3,59.77,Waspada,0,normal,176.25,167.77,0.421
2025-06-25T15:30:00,4,zone4,15,2,0,2,rain,28.18,84.23,810,5,0,0.102,35.31,50.09,37.42,42.75,1.375,0.0618,5,61.01,Aman,0,normal,67.74,31.73,2.001
2025-06-25T15:45:00,2,zone2,15,2,0,1,cloudy,24.93,66.34,680,4,0,0.016,62.54,22.45,13.98,7.29,1.068,0.033,5,61.04,Aman,0,normal,27.91,60.74,1.824
2025-06-25T16:00:00,2,zone2,16,2,0,0,clear,30.62,67.28,680,4,0,0.133,216.7,216.57,205.53,118.32,0.919,0.3185,2,62.81,Waspada,0,normal,232.67,242.27,0.33
2025-06-25T16:15:00,1,zone1,16,2,0,0,clear,32.39,67.23,520,3,0,0.104,148.56,158.43,142.55,62.93,0.992,0.3047,3,71.96,Aman,0,normal,145.85,136.34,0.528
2025-06-25T16:30:00,2,zone2,16,2,0,0,clear,31.53,67.46,680,4,0,0.001,175.82,180.8,160.32,40.48,1.042,0.2659,4,78.6,Aman,0,normal,198.93,193.12,0.251
2025-06-25T16:45:00,1,zone1,16,2,0,2,rain,28.23,90.05,520,3,0,0.07,117.2,84.13,89.96,35.27,1.132,0.1618,5,57.55,Aman,0,normal,123.7,115.59,0.451
2025-06-25T17:00:00,5,zone5,17,2,0,1,cloudy,29.07,71.49,360,2,0,0.027,107.51,82.01,108.49,54.23,1.3,0.2278,4,67.76,Aman,0,normal,67.05,111.67,2.479
2025-06-25T17:15:00,2,zone2,17,2,0,0,clear,34.35,62.13,680,4,0,0.119,171.64,158.42,121.08,76.67,0.915,0.233,6,60.72,Aman,0,normal,157.48,186.85,1.31
2025-06-25T17:30:00,5,zone5,17,2,0,0,clear,29.47,60.95,360,2,1,0.876,151.52,195.88,242.58,139.43,1.006,0.5441,2,100.93,Bahaya,0,normal,181.5,144.87,2.035
2025-06-25T17:45:00,1,zone1,17,2,0,0,clear,33.59,66.64,520,3,0,0.122,167.43,184.13,197.82,57.59,0.795,0.3541,5,71.29,Aman,0,normal,189.53,146.7,2.379
2025-06-25T18:00:00,5,zone5,18,2,0,1,cloudy,26.63,90.08,360,2,0,0.165,89.46,78.28,78.71,58.56,0.696,0.2175,8,65.94,Aman,0,normal,85.27,89.35,0.227
2025-06-25T18:15:00,5,zone5,18,2,0,0,clear,30.04,59.25,360,2,0,0.165,129.68,132.56,174.2,74.0,1.23,0.3682,6,63.5,Waspada,0,normal,146.89,121.56,1.407
2025-06-25T18:30:00,5,zone5,18,2,0,2,rain,30.24,83.03,360,2,0,0.123,115.19,109.02,97.52,49.93,1.07,0.3028,7,61.08,Aman,0,normal,99.85,124.25,1.356
2025-06-25T18:45:00,5,zone5,18,2,0,0,clear,29.25,60.66,360,2,1,0.996,125.31,198.62,271.2,129.9,0.763,0.5517,3,91.45,Bahaya,1,density_spike,183.49,113.21,3.904
2025-06-25T19:00:00,4,zone4,19,2,0,1,cloudy,33.42,61.83,810,5,0,0.025,44.4,9.16,12.0,53.29,1.617,0.0113,3,67.68,Aman,0,normal,-6.41,38.63,2.502
2025-06-25T19:15:00,2,zone2,19,2,0,0,clear,32.95,72.71,680,4,0,0.003,114.82,86.75,98.18,16.75,1.375,0.1276,8,61.22,Aman,0,normal,135.25,102.89,1.798
2025-06-25T19:30:00,4,zone4,19,2,0,0,clear,34.65,56.47,810,5,0,0.077,106.72,127.22,161.63,51.31,0.96,0.1571,5,69.91,Aman,0,normal,147.17,107.66,2.195
2025-06-25T19:45:00,4,zone4,19,2,0,0,clear,29.88,49.04,810,5,0,0.078,128.84,122.08,181.61,76.19,1.258,0.1507,5,59.15,Aman,0,normal,112.13,128.41,0.904
2025-06-25T20:00:00,5,zone5,20,2,0,0,clear,32.31,70.19,360,2,0,0.097,85.41,90.68,85.1,86.19,0.869,0.2519,5,74.86,Aman,0,normal,102.32,83.01,1.073
2025-06-25T20:15:00,4,zone4,20,2,0,0,clear,31.71,70.8,810,5,0,0.101,132.28,98.34,124.42,49.24,0.408,0.1214,6,89.35,Aman,1,density_spike,273.42,136.03,3.339
2025-06-25T20:30:00,3,zone3,20,2,0,2,rain,27.77,74.22,430,2,0,0.007,144.2,137.89,207.69,62.85,1.052,0.3207,2,70.41,Aman,0,normal,149.29,148.98,0.017
2025-06-25T20:45:00,2,zone2,20,2,0,0,clear,33.26,58.16,680,4,0,0.159,146.69,163.62,193.01,69.34,0.856,0.2406,4,76.58,Aman,0,normal,192.98,160.92,1.661
2025-06-25T21:00:00,2,zone2,21,2,0,0,clear,30.64,74.73,680,4,0,0.103,84.81,102.93,135.12,79.25,0.506,0.1514,5,93.14,Aman,1,density_spike,124.03,90.01,3.283
2025-06-25T21:15:00,1,zone1,21,2,0,2,rain,27.23,85.49,520,3,0,0.017,190.15,172.88,234.92,31.21,1.367,0.3325,5,62.31,Aman,0,normal,178.01,202.54,1.009
2025-06-25T21:30:00,5,zone5,21,2,0,1,cloudy,28.87,71.05,360,2,0,0.075,48.4,56.15,45.19,78.79,1.276,0.156,5,63.38,Aman,0,normal,46.73,42.65,0.226
2025-06-25T21:45:00,5,zone5,21,2,0,2,rain,25.31,81.28,360,2,0,0.151,93.93,59.11,67.8,45.43,1.327,0.1642,6,72.81,Aman,0,normal,54.04,87.14,1.839
2025-06-25T22:00:00,3,zone3,22,2,0,2,rain,25.55,80.78,430,2,0,0.142,114.92,67.65,73.28,53.28,1.247,0.1573,4,67.8,Aman,1,density_spike,23.33,118.51,5.288
2025-06-25T22:15:00,4,zone4,22,2,0,0,clear,29.74,58.19,810,5,0,0.116,30.9,42.98,80.71,70.9,1.428,0.0531,4,79.83,Aman,0,normal,29.61,32.14,0.141
2025-06-25T22:30:00,1,zone1,22,2,0,0,clear,30.06,70.53,520,3,0,0.085,171.05,202.53,185.94,77.52,0.909,0.3895,8,60.01,Waspada,0,normal,203.84,156.49,2.521
2025-06-25T22:45:00,4,zone4,22,2,0,0,clear,29.91,63.85,810,5,0,0.119,92.1,123.42,130.52,49.09,1.07,0.1524,3,66.44,Aman,0,normal,120.43,94.44,1.444
2025-06-25T23:00:00,2,zone2,23,2,0,0,clear,33.61,78.49,680,4,0,0.091,74.24,86.47,129.29,48.93,1.244,0.1272,2,67.62,Aman,0,normal,79.13,72.91,0.345
2025-06-25T23:15:00,5,zone5,23,2,0,1,cloudy,27.97,91.46,360,2,0,0.122,72.37,38.67,80.75,20.29,0.313,0.1074,3,81.68,Aman,1,density_spike,16.43,71.03,4.385
2025-06-25T23:30:00,2,zone2,23,2,0,1,cloudy,29.63,77.1,680,4,0,0.053,68.71,72.71,63.43,39.27,1.15,0.1069,5,75.34,Aman,0,normal,79.03,73.97,0.281
2025-06-25T23:45:00,1,zone1,23,2,0,0,clear,29.32,66.82,520,3,0,0.027,169.39,155.53,149.54,56.18,1.255,0.2991,6,52.57,Aman,0,normal,166.78,147.96,1.045
2025-06-26T00:00:00,1,zone1,0,3,0,0,clear,31.52,63.33,520,3,0,0.17,74.9,54.85,50.99,68.59,1.072,0.1055,4,57.12,Aman,0,normal,60.79,81.5,1.151
2025-06-26T00:15:00,1,zone1,0,3,0,2,rain,25.76,74.33,520,3,0,0.095,127.97,96.03,98.76,34.68,0.903,0.1847,8,74.58,Aman,0,normal,85.84,132.13,2.572
2025-06-26T00:30:00,2,zone2,0,3,0,1,cloudy,33.99,63.74,680,4,0,0.15,77.77,75.8,61.25,58.62,1.124,0.1115,8,64.01,Aman,0,normal,93.71,86.73,0.388
2025-06-26T00:45:00,5,zone5,0,3,0,0,clear,30.65,60.16,360,2,0,0.146,44.75,73.62,81.16,67.41,1.052,0.2045,6,64.79,Aman,0,normal,75.41,48.4,1.5
2025-06-26T01:00:00,4,zone4,1,3,0,2,rain,26.49,82.55,810,5,0,0.06,70.56,55.09,39.73,31.0,1.204,0.068,7,71.06,Aman,0,normal,86.26,69.76,0.917
2025-06-26T01:15:00,4,zone4,1,3,0,1,cloudy,26.68,74.07,810,5,0,0.068,29.7,45.74,77.17,59.64,0.904,0.0565,3,60.81,Aman,0,normal,17.87,28.3,0.579
2025-06-26T01:30:00,5,zone5,1,3,0,1,cloudy,28.92,69.06,360,2,0,0.158,75.52,77.87,96.6,72.98,0.824,0.2163,8,65.0,Aman,0,normal,72.62,66.83,0.322
2025-06-26T01:45:00,4,zone4,1,3,0,2,rain,31.52,66.55,810,5,0,0.108,32.24,4,4,71.47,1.095,0.0049,7,63.78,Aman,0,normal,39.55,30.96,0.478
2025-06-26T02:00:00,4,zone4,2,3,0,2,rain,24.52,82.17,810,5,0,0.086,119.23,124.49,132.67,71.96,1.183,0.1537,3,66.67,Aman,0,normal,99.82,112.62,0.711
2025-06-26T02:15:00,3,zone3,2,3,0,0,clear,25.27,57.32,430,2,0,0.146,54.52,45.44,36.62,48.5,1.037,0.1057,7,68.96,Aman,0,normal,26.79,55.86,1.615
2025-06-26T02:30:00,5,zone5,2,3,0,0,clear,34.72,62.82,360,2,0,0.171,89.47,117.7,130.1,64.77,0.784,0.3269,3,66.33,Aman,0,normal,113.71,84.65,1.615
2025-06-26T02:45:00,5,zone5,2,3,0,0,clear,27.88,68.52,360,2,1,0.949,83.07,156.72,199.17,126.18,0.878,0.4353,2,88.42,Bahaya,1,density_spike,192.0,79.51,6.25
2025-06-26T03:00:00,1,zone1,3,3,0,1,cloudy,31.1,74.04,520,3,0,0.131,149.04,103.83,105.56,56.06,1.095,0.1997,2,69.01,Aman,0,normal,93.97,135.36,2.299
2025-06-26T03:15:00,3,zone3,3,3,0,0,clear,28.68,62.22,430,2,0,0.116,63.68,87.17,81.36,47.34,0.288,0.2027,3,98.25,Aman,1,density_spike,201.83,55.73,4.106
2025-06-26T03:30:00,2,zone2,3,3,0,0,clear,27.38,73.34,680,4,1,0.881,104.27,178.48,244.03,160.37,0.812,0.2625,8,89.88,Waspada,1,density_spike,185.2,112.26,4.052
2025-06-26T03:45:00,1,zone1,3,3,0,0,clear,28.26,72.19,520,3,0,0.157,188.32,162.97,135.73,69.29,0.969,0.3134,8,78.47,Aman,0,normal,172.48,193.75,0.915
2025-06-26T04:00:00,1,zone1,4,3,0,0,clear,32.11,73.54,520,3,0,0.009,120.79,125.04,81.76,67.51,1.306,0.2405,4,71.6,Aman,0,normal,106.7,130.25,1.308
2025-06-26T04:15:00,4,zone4,4,3,0,1,cloudy,25.98,76.67,810,5,0,0.104,41.56,18.0,32.51,30.48,1.045,0.0222,6,72.15,Aman,0,normal,-15.49,37.36,2.936
2025-06-26T04:30:00,5,zone5,4,3,0,0,clear,30.23,68.53,360,2,0,0.135,57.22,85.46,104.76,42.15,1.154,0.2374,8,75.25,Aman,0,normal,66.87,55.21,0.648
2025-06-26T04:45:00,2,zone2,4,3,0,0,clear,32.95,69.81,680,4,0,0.09,103.35,113.24,156.1,81.13,0.511,0.1665,5,80.27,Aman,1,density_spike,27.48,115.43,5.741
2025-06-26T05:00:00,4,zone4,5,3,0,2,rain,27.56,83.75,810,5,0,0.016,29.65,33.47,25.31,42.33,1.321,0.0413,6,69.41,Aman,0,normal,24.09,31.91,0.434
2025-06-26T05:15:00,1,zone1,5,3,0,1,cloudy,27.96,67.45,520,3,0,0.076,176.91,148.82,134.11,77.99,1.339,0.2862,3,61.36,Aman,0,normal,137.27,173.72,1.749
2025-06-26T05:30:00,2,zone2,5,3,0,0,clear,30.48,61.35,680,4,0,0.11,103.31,110.45,114.16,93.33,1.138,0.1624,5,65.52,Aman,0,normal,107.54,108.55,0.056
2025-06-26T05:45:00,5,zone5,5,3,0,0,clear,29.09,48,360,2,0,0.137,100.21,127.39,116.4,57.86,0.948,0.3539,8,64.69,Aman,0,normal,107.31,97.49,0.546
2025-06-26T06:00:00,5,zone5,6,3,0,0,clear,28.16,72.4,360,2,0,0.152,60.74,48.21,66.5,38.41,1.413,0.1339,4,64.06,Aman,0,normal,61.21,62.32,0.062
2025-06-26T06:15:00,4,zone4,6,3,0,1,cloudy,28.96,60.82,810,5,0,0.05,66.06,30.22,54.47,91.23,0.54,0.0373,4,89.24,Aman,1,density_spike,92.36,73.97,5.107
2025-06-26T06:30:00,3,zone3,6,3,0,1,cloudy,28.41,64.73,430,2,0,0.18,112.99,119.3,158.34,80.83,1.089,0.2775,4,66.91,Aman,0,normal,128.73,102.41,1.463
2025-06-26T06:45:00,4,zone4,6,3,0,0,clear,33.79,71.75,810,5,0,0.018,113.17,130.63,122.2,41.81,1.112,0.1613,4,69.15,Aman,0,normal,135.74,122.66,0.726
2025-06-26T07:00:00,2,zone2,7,3,0,0,clear,32.81,71.82,680,4,0,0.024,158.41,150.0,145.76,50.91,1.008,0.2206,7,73.32,Aman,0,normal,140.26,145.9,0.314
2025-06-26T07:15:00,2,zone2,7,3,0,1,cloudy,25.98,75.54,680,4,0,0.142,100.01,99.32,102.89,81.41,1.316,0.1461,4,70.48,Aman,0,normal,71.4,95.65,1.347
2025-06-26T07:30:00,2,zone2,7,3,0,1,cloudy,29.55,70.0,680,4,0,0.065,141.78,135.77,155.66,51.21,1.398,0.1997,6,67.92,Aman,0,normal,144.1,133.72,0.577
2025-06-26T07:45:00,2,zone2,7,3,0,0,clear,29.82,74.62,680,4,0,0.126,154.4,167.92,186.82,67.06,0.741,0.2469,5,63.13,Aman,0,normal,160.88,168.37,0.371
2025-06-26T08:00:00,1,zone1,8,3,0,0,clear,35.45,55.08,520,3,0,0.124,169.89,173.25,201.85,49.5,1.204,0.3332,2,72.09,Aman,0,normal,160.12,153.14,0.379
2025-06-26T08:15:00,4,zone4,8,3,0,1,cloudy,33.22,59.55,810,5,0,0.156,123.56,144.3,150.34,69.28,0.849,0.1781,4,68.61,Aman,0,normal,125.95,123.08,0.159
2025-06-26T08:30:00,5,zone5,8,3,0,0,clear,31.35,56.32,360,2,0,0.075,130.01,125.01,189.87,48.98,0.959,0.3473,2,78.33,Aman,0,normal,121.0,133.3,0.683
2025-06-26T08:45:00,3,zone3,8,3,0,1,cloudy,25.6,73.3,430,2,0,0.157,116.67,80.23,102.17,63.4,0.756,0.1866,6,71.35,Aman,0,normal,101.57,107.51,0.33
2025-06-26T09:00:00,5,zone5,9,3,0,1,cloudy,27.99,77.72,360,2,0,0.095,62.47,27.54,31.81,61.57,1.4,0.0765,2,58.06,Aman,0,normal,36.66,64.35,1.539
2025-06-26T09:15:00,4,zone4,9,3,0,1,cloudy,28.92,77.82,810,5,0,0.124,9.79,18.2,52.75,56.47,1.059,0.0225,8,57.37,Aman,0,normal,-12.76,8.81,1.198
2025-06-26T09:30:00,1,zone1,9,3,0,0,clear,29.08,73.96,520,3,0,0.037,144.87,155.04,143.82,109.61,0.813,0.2982,5,73.42,Aman,0,normal,118.4,141.44,1.28
2025-06-26T09:45:00,4,zone4,9,3,0,1,cloudy,27.83,73.46,810,5,0,0.036,73.72,64.6,68.86,22.44,1.417,0.0798,3,69.47,Aman,0,normal,79.01,82.08,0.171
2025-06-26T10:00:00,4,zone4,10,3,0,0,clear,28.24,61.86,810,5,0,0.087,45.82,52.85,55.54,38.63,1.047,0.0652,4,70.48,Aman,0,normal,54.33,50.76,0.198
2025-06-26T10:15:00,1,zone1,10,3,0,1,cloudy,30.8,63.21,520,3,0,0.054,88.06,73.31,97.33,28.49,1.085,0.141,8,78.68,Aman,0,normal,59.39,93.13,1.874
2025-06-26T10:30:00,4,zone4,10,3,0,1,cloudy,31.53,75.55,810,5,0,0.017,71.28,67.08,63.74,7.21,1.233,0.0828,3,59.27,Aman,0,normal,35.56,61.84,1.46
2025-06-26T10:45:00,3,zone3,10,3,0,0,clear,30.37,57.9,430,2,0,0.038,39.2,47.71,55.58,53.01,1.346,0.111,8,59.94,Aman,0,normal,48.23,42.51,0.318
2025-06-26T11:00:00,2,zone2,11,3,0,1,cloudy,28.5,84.34,680,4,1,0.773,114.96,159.2,200.08,166.87,1.051,0.2341,6,83.0,Waspada,1,density_spike,177.02,113.46,3.531
2025-06-26T11:15:00,3,zone3,11,3,0,0,clear,27.91,59.67,430,2,0,0.1,106.63,133.76,144.2,62.08,0.865,0.3111,3,68.41,Aman,0,normal,120.96,95.11,1.436
2025-06-26T11:30:00,3,zone3,11,3,0,1,cloudy,31.96,69.52,430,2,0,0.07,121.34,126.37,141.51,74.16,1.264,0.2939,2,77.8,Aman,0,normal,109.87,131.76,1.216
2025-06-26T11:45:00,1,zone1,11,3,0,2,rain,28.36,77.38,520,3,0,0.11,136.72,122.99,126.51,60.82,0.67,0.2365,3,77.52,Aman,1,density_spike,240.85,137.72,3.798
2025-06-26T12:00:00,1,zone1,12,3,0,0,clear,30.22,65.06,520,3,0,0.033,167.46,205.53,205.8,74.36,0.939,0.3953,7,69.95,Aman,0,normal,169.16,145.32,1.325
2025-06-26T12:15:00,1,zone1,12,3,0,2,rain,22.79,91.73,520,3,0,0.013,101.75,80.42,106.55,72.6,1.283,0.1546,8,53.42,Aman,0,normal,81.6,91.65,0.558
2025-06-26T12:30:00,3,zone3,12,3,0,0,clear,29.86,64.47,430,2,0,0.103,54.19,75.36,86.97,82.42,1.213,0.1753,3,70.59,Aman,0,normal,79.23,52.27,1.498
2025-06-26T12:45:00,1,zone1,12,3,0,0,clear,30.72,59.8,520,3,0,0.049,175.9,174.51,170.74,83.03,0.856,0.3356,8,71.45,Aman,0,normal,201.31,152.61,2.659
2025-06-26T13:00:00,2,zone2,13,3,0,0,clear,29.77,61.36,680,4,0,0.106,137.28,130.24,148.93,62.55,1.024,0.1915,6,64.02,Aman,0,normal,130.76,130.11,0.036
2025-06-26T13:15:00,2,zone2,13,3,0,1,cloudy,29.03,72.19,680,4,0,0.171,136.63,147.09,177.87,39.44,0.891,0.2163,2,67.73,Aman,0,normal,144.23,122.53,1.205
2025-06-26T13:30:00,3,zone3,13,3,0,0,clear,31.35,51.41,430,2,0,0.077,128.76,146.54,184.44,62.76,1.223,0.3408,8,56.84,Aman,0,normal,127.19,139.77,0.699
2025-06-26T13:45:00,3,zone3,13,3,0,0,clear,31.52,70.12,430,2,0,0.116,145.41,123.0,124.01,65.9,1.011,0.286,3,72.78,Aman,0,normal,121.74,144.8,1.281
2025-06-26T14:00:00,1,zone1,14,3,0,0,clear,30.67,53.68,520,3,1,0.777,216.32,266.12,308.63,139.62,1.135,0.5118,3,95.52,Bahaya,0,normal,263.74,212.65,2.002
2025-06-26T14:15:00,4,zone4,14,3,0,1,cloudy,27.51,82.19,810,5,0,0.121,99.38,88.6,79.41,67.45,1.391,0.1094,5,67.62,Aman,0,normal,61.59,106.95,2.52
2025-06-26T14:30:00,2,zone2,14,3,0,0,clear,33.4,65.34,680,4,0,0.046,89.17,85.27,114.73,30.26,0.953,0.1254,3,72.21,Aman,0,normal,84.74,83.54,0.067
2025-06-26T14:45:00,4,zone4,14,3,0,0,clear,34.06,67.99,810,5,0,0.168,156.9,165.24,174.41,65.47,0.465,0.204,4,95.33,Aman,1,density_spike,295.02,160.11,5.329
2025-06-26T15:00:00,3,zone3,15,3,0,0,clear,30.06,62.32,430,2,0,0.024,118.4,130.65,118.83,58.93,1.254,0.3038,6,67.72,Aman,0,normal,124.85,111.78,0.726
2025-06-26T15:15:00,3,zone3,15,3,0,0,clear,29.59,72.49,430,2,0,0.036,90.06,86.66,108.61,51.67,1.067,0.2015,3,70.59,Aman,0,normal,79.68,92.86,0.732
2025-06-26T15:30:00,1,zone1,15,3,0,0,clear,30.03,75.65,520,3,0,0.034,127.5,122.9,138.16,62.18,1.053,0.2364,3,66.66,Aman,0,normal,124.91,110.85,0.781
2025-06-26T15:45:00,1,zone1,15,3,0,0,clear,33.31,60.58,520,3,0,0.038,128.17,129.71,97.49,59.44,1.056,0.2494,8,69.83,Aman,0,normal,110.8,132.25,1.191
2025-06-26T16:00:00,1,zone1,16,3,0,0,clear,32.88,64.0,520,3,1,0.912,174.34,256.99,346.68,82.75,0.769,0.4942,8,92.88,Waspada,0,normal,216.65,190.68,1.135
2025-06-26T16:15:00,1,zone1,16,3,0,1,cloudy,32.87,62.92,520,3,0,0.17,133.52,182.79,179.44,65.31,0.336,0.3515,5,96.89,Aman,1,density_spike,416.57,129.83,4.167
2025-06-26T16:30:00,3,zone3,16,3,0,0,clear,26.99,68.99,430,2,0,0.028,121.73,134.17,159.44,45.48,0.963,0.312,4,65.75,Aman,0,normal,160.31,128.83,1.749
2025-06-26T16:45:00,5,zone5,16,3,0,0,clear,33.55,67.81,360,2,0,0.095,125.15,74.99,25.97,89.83,1.185,0.2083,3,68.79,Aman,0,normal,78.22,129.46,2.846
2025-06-26T17:00:00,1,zone1,17,3,0,0,clear,26.42,69.71,520,3,0,0.052,134.42,146.67,150.96,35.94,0.936,0.2821,6,66.22,Aman,0,normal,168.63,116.21,2.913
2025-06-26T17:15:00,4,zone4,17,3,0,0,clear,24.98,54.07,810,5,0,0.087,109.23,116.32,97.05,58.11,1.093,0.1436,5,71.48,Aman,0,normal,127.23,108.42,1.045
2025-06-26T17:30:00,4,zone4,17,3,0,0,clear,31.95,59.72,810,5,0,0.044,128.3,124.3,128.58,38.35,0.984,0.1535,5,61.35,Aman,0,normal,114.74,116.34,0.089
2025-06-26T17:45:00,2,zone2,17,3,0,3,storm,24.47,95.24,680,4,0,0.088,103.0,70.77,46.1,77.7,1.296,0.1041,2,62.49,Aman,0,normal,101.78,91.51,0.571
2025-06-26T18:00:00,1,zone1,18,3,0,1,cloudy,29.1,63.05,520,3,0,0.004,107.28,94.48,127.86,68.02,0.948,0.1817,7,63.75,Aman,0,normal,111.86,113.14,0.071
2025-06-26T18:15:00,1,zone1,18,3,0,1,cloudy,27.79,66.43,520,3,0,0.001,175.88,172.13,217.41,57.14,0.829,0.331,7,65.8,Aman,0,normal,170.62,195.61,1.065
2025-06-26T18:30:00,3,zone3,18,3,0,0,clear,31.81,49.32,430,2,1,0.639,146.22,159.16,222.93,106.39,1.027,0.3701,4,85.79,Waspada,0,normal,145.43,132.23,0.733
2025-06-26T18:45:00,2,zone2,18,3,0,1,cloudy,30.2,75.42,680,4,0,0.051,149.27,172.91,191.33,48.71,1.13,0.2543,3,62.28,Aman,0,normal,187.13,151.36,1.969
2025-06-26T19:00:00,2,zone2,19,3,0,0,clear,33.13,54.12,680,4,0,0.002,107.32,103.97,125.08,61.41,0.668,0.1529,4,94.94,Aman,1,density_spike,164.89,117.13,6.101
2025-06-26T19:15:00,3,zone3,19,3,0,2,rain,23.47,76.21,430,2,0,0.112,148.63,131.5,146.32,94.15,0.91,0.3058,3,64.0,Aman,0,normal,140.31,137.96,0.131
2025-06-26T19:30:00,5,zone5,19,3,0,0,clear,31.39,62.46,360,2,0,0.078,97.22,114.51,146.79,62.36,0.914,0.3181,3,67.39,Aman,0,normal,131.79,102.43,1.631
2025-06-26T19:45:00,1,zone1,19,3,0,1,cloudy,25.83,67.76,520,3,0,0.142,189.26,166.29,191.41,52.93,1.152,0.3198,4,73.93,Aman,0,normal,193.83,182.8,0.503
2025-06-26T20:00:00,2,zone2,20,3,0,2,rain,27.97,90.41,680,4,0,0.086,114.07,77.83,110.01,25.64,0.45,0.1145,4,77.08,Aman,1,density_spike,16.55,103.6,3.374
2025-06-26T20:15:00,1,zone1,20,3,0,1,cloudy,26.38,97.84,520,3,0,0.056,150.8,124.18,153.82,48.54,1.146,0.2388,5,61.99,Aman,0,normal,127.6,156.78,1.551
2025-06-26T20:30:00,5,zone5,20,3,0,0,clear,34.29,59.0,360,2,0,0.005,63.3,74.73,100.05,65.87,1.101,0.2076,3,62.14,Aman,0,normal,33.41,69.35,1.996
2025-06-26T20:45:00,5,zone5,20,3,0,2,rain,25.9,77.67,360,2,0,0.143,54.94,33.78,27.58,51.83,1.41,0.0938,3,69.48,Aman,0,normal,8.69,57.66,2.721
2025-06-26T21:00:00,2,zone2,21,3,0,0,clear,27.27,80.68,680,4,0,0.054,189.89,209.5,229.87,93.59,0.863,0.3081,8,84.89,Aman,0,normal,191.05,203.67,0.516
2025-06-26T21:15:00,5,zone5,21,3,0,0,clear,30.69,70.62,360,2,0,0.179,126.55,173.88,210.83,19.68,0.658,0.483,4,85.66,Aman,1,density_spike,170.19,110.05,3.341
2025-06-26T21:30:00,4,zone4,21,3,0,0,clear,31.41,68.38,810,5,0,0.055,137.32,171.64,150.7,48.78,1.014,0.2119,3,64.76,Aman,0,normal,175.87,134.23,2.313
2025-06-26T21:45:00,2,zone2,21,3,0,1,cloudy,29.48,67.42,680,4,0,0.06,142.36,138.98,194.06,62.78,1.048,0.2044,4,65.19,Aman,0,normal,114.83,131.72,0.939
2025-06-26T22:00:00,4,zone4,22,3,0,0,clear,30.9,57.89,810,5,0,0.122,124.24,117.81,128.66,24.26,0.962,0.1454,4,69.21,Aman,0,normal,93.65,122.86,1.623
2025-06-26T22:15:00,3,zone3,22,3,0,3,storm,23.74,98,430,2,0,0.075,73.84,38.45,6.58,59.39,1.12,0.0894,4,69.93,Aman,0,normal,31.45,75.39,2.441
2025-06-26T22:30:00,1,zone1,22,3,0,0,clear,30.62,56.58,520,3,0,0.058,187.33,175.85,164.25,54.97,1.346,0.3382,3,62.19,Aman,0,normal,168.84,189.73,0.918
2025-06-26T22:45:00,1,zone1,22,3,0,1,cloudy,33.06,73.42,520,3,0,0.079,163.28,161.93,131.9,97.61,1.042,0.3114,6,73.56,Aman,0,normal,164.48,151.27,0.728
2025-06-26T23:00:00,4,zone4,23,3,0,1,cloudy,28.1,59.12,810,5,0,0.169,75.8,89.77,114.11,79.06,1.172,0.1108,8,61.61,Aman,0,normal,59.23,65.25,0.334
2025-06-26T23:15:00,5,zone5,23,3,0,1,cloudy,28.75,75.83,360,2,0,0.042,77.65,98.07,102.81,59.48,0.811,0.2724,3,72.83,Aman,0,normal,85.52,75.83,0.538
2025-06-26T23:30:00,4,zone4,23,3,0,0,clear,26.8,82.63,810,5,0,0.114,145.45,148.73,133.37,42.19,1.107,0.1836,5,73.29,Aman,0,normal,125.81,162.56,1.884
2025-06-26T23:45:00,3,zone3,23,3,0,0,clear,30.59,64.36,430,2,0,0.001,107.49,91.58,96.52,75.78,1.333,0.213,8,57.11,Aman,0,normal,136.98,104.76,1.79
2025-06-27T00:00:00,2,zone2,0,4,0,0,clear,26.41,81.56,680,4,0,0.068,61.34,54.59,52.06,63.06,1.053,0.0803,5,54.35,Aman,0,normal,37.93,57.99,1.115
2025-06-27T00:15:00,1,zone1,0,4,0,0,clear,28.75,59.04,520,3,0,0.139,167.4,188.86,190.8,87.8,0.838,0.3632,8,65.98,Waspada,0,normal,178.1,161.38,0.863
2025-06-27T00:30:00,5,zone5,0,4,0,1,cloudy,31.35,69.04,360,2,0,0.131,8,5.53,6.84,50.52,1.438,0.0154,3,69.14,Aman,0,normal,-10.58,8,1.032
2025-06-27T00:45:00,4,zone4,0,4,0,0,clear,33.36,59.54,810,5,0,0.043,80.18,93.32,96.33,31.02,0.84,0.1152,3,64.42,Aman,0,normal,78.65,88.63,0.555
2025-06-27T01:00:00,2,zone2,1,4,0,0,clear,31.39,55.12,680,4,0,0.179,84.13,113.61,114.9,64.75,1.232,0.1671,5,77.57,Aman,0,normal,68.93,88.88,1.108
2025-06-27T01:15:00,2,zone2,1,4,0,2,rain,28.44,82.19,680,4,0,0.155,89.8,76.07,84.48,57.54,1.085,0.1119,8,63.43,Aman,0,normal,88.5,99.51,0.612
2025-06-27T01:30:00,5,zone5,1,4,0,0,clear,31.35,60.88,360,2,0,0.125,116.07,156.91,153.7,91.51,0.716,0.4359,6,74.44,Waspada,0,normal,148.63,123.34,1.405
2025-06-27T01:45:00,5,zone5,1,4,0,0,clear,33.63,62.59,360,2,0,0.004,51.1,40.94,4,40.29,1.312,0.1137,6,59.73,Aman,0,normal,58.6,49.31,0.516
2025-06-27T02:00:00,1,zone1,2,4,0,0,clear,30.82,58.67,520,3,0,0.088,61.88,63.52,43.8,38.9,1.148,0.1222,8,68.23,Aman,0,normal,105.04,62.31,2.374
2025-06-27T02:15:00,2,zone2,2,4,0,0,clear,31.31,69.44,680,4,1,0.849,171.66,209.94,227.85,145.46,0.876,0.3087,4,89.67,Waspada,1,density_spike,222.16,162.96,3.027
2025-06-27T02:30:00,5,zone5,2,4,0,0,clear,31.95,67.11,360,2,1,0.634,53.29,79.34,109.84,113.0,1.049,0.2204,6,83.68,Waspada,0,normal,83.5,49.33,1.899
2025-06-27T02:45:00,5,zone5,2,4,0,2,rain,25.61,73.11,360,2,1,0.623,41.13,44.31,58.2,100.54,1.125,0.1231,7,79.01,Aman,0,normal,44.38,43.07,0.073
2025-06-27T03:00:00,1,zone1,3,4,0,0,clear,31.98,64.55,520,3,0,0.112,113.73,115.01,92.34,103.93,0.862,0.2212,5,64.35,Aman,0,normal,103.79,117.81,0.779
2025-06-27T03:15:00,4,zone4,3,4,0,1,cloudy,32.69,65.77,810,5,1,0.672,106.68,141.25,138.58,128.5,0.957,0.1744,5,81.46,Waspada,0,normal,122.38,113.69,0.483
2025-06-27T03:30:00,1,zone1,3,4,0,2,rain,29.81,85.7,520,3,0,0.144,87.06,56.33,57.65,59.94,1.173,0.1083,8,61.55,Aman,0,normal,58.68,85.12,1.469
2025-06-27T03:45:00,2,zone2,3,4,0,2,rain,24.71,68.32,680,4,0,0.117,61.7,69.58,95.75,52.71,1.21,0.1023,6,64.14,Aman,0,normal,33.43,62.94,1.639
2025-06-27T04:00:00,5,zone5,4,4,0,0,clear,31.55,56.02,360,2,1,0.463,85.44,120.84,141.98,113.16,1.244,0.3357,5,76.93,Waspada,0,normal,128.36,86.77,2.31
2025-06-27T04:15:00,2,zone2,4,4,0,0,clear,28.23,69.61,680,4,0,0.057,110.32,128.61,128.13,97.19,0.983,0.1891,7,66.38,Aman,1,density_spike,162.58,108.13,3.025
2025-06-27T04:30:00,1,zone1,4,4,0,1,cloudy,33.66,84.25,520,3,0,0.081,169.59,159.71,180.08,37.14,1.09,0.3071,5,66.35,Aman,0,normal,183.58,185.73,0.097
2025-06-27T04:45:00,3,zone3,4,4,0,0,clear,31.11,64.38,430,2,0,0.015,93.11,85.32,33.28,74.7,0.868,0.1984,7,64.82,Aman,0,normal,88.9,85.25,0.203
2025-06-27T05:00:00,1,zone1,5,4,0,1,cloudy,38.23,68.84,520,3,0,0.178,123.34,104.43,102.2,73.79,1.089,0.2008,4,58.12,Aman,0,normal,104.29,115.1,0.6
2025-06-27T05:15:00,1,zone1,5,4,0,0,clear,35.01,53.25,520,3,0,0.05,125.07,117.9,119.55,54.1,1.364,0.2267,2,68.01,Aman,0,normal,91.56,130.5,2.163
2025-06-27T05:30:00,5,zone5,5,4,0,0,clear,34.17,53.4,360,2,0,0.038,87.53,125.96,98.12,29.6,0.825,0.3499,8,73.85,Aman,1,density_spike,148.48,87.41,3.393
2025-06-27T05:45:00,4,zone4,5,4,0,1,cloudy,30.23,69.08,810,5,0,0.15,41.53,63.66,62.76,78.77,1.146,0.0786,4,69.2,Aman,0,normal,31.01,40.71,0.539
2025-06-27T06:00:00,1,zone1,6,4,0,0,clear,35.61,65.46,520,3,0,0.003,64.97,54.65,49.32,39.21,0.941,0.1051,8,74.73,Aman,0,normal,79.15,57.19,1.22
2025-06-27T06:15:00,4,zone4,6,4,0,0,clear,32.21,67.03,810,5,0,0.141,111.26,110.53,105.82,48.76,1.197,0.1365,8,63.03,Aman,0,normal,106.48,102.27,0.233
2025-06-27T06:30:00,3,zone3,6,4,0,0,clear,27.18,72.85,430,2,0,0.023,79.67,105.6,161.61,72.37,1.115,0.2456,3,70.96,Aman,0,normal,129.02,87.68,2.297
2025-06-27T06:45:00,3,zone3,6,4,0,1,cloudy,25.66,62.52,430,2,0,0.153,89.57,87.34,125.98,33.0,0.773,0.2031,7,77.76,Aman,0,normal,118.68,92.89,1.432
2025-06-27T07:00:00,3,zone3,7,4,0,1,cloudy,25.46,68.6,430,2,0,0.13,129.03,146.22,131.68,55.79,1.073,0.34,5,69.73,Aman,0,normal,148.04,143.99,0.225
2025-06-27T07:15:00,3,zone3,7,4,0,0,clear,34.7,60.33,430,2,1,0.825,155.4,192.36,223.89,139.43,0.681,0.4473,6,75.92,Bahaya,0,normal,185.51,161.07,1.264
2025-06-27T07:30:00,4,zone4,7,4,0,0,clear,29.32,57.2,810,5,0,0.092,94.38,100.49,117.9,39.57,0.843,0.1241,7,58.23,Aman,0,normal,92.09,97.86,0.321
2025-06-27T07:45:00,1,zone1,7,4,0,2,rain,29.63,76.43,520,3,0,0.061,182.35,155.44,124.91,46.58,1.186,0.2989,3,79.03,Aman,0,normal,142.61,180.88,1.763
2025-06-27T08:00:00,4,zone4,8,4,0,2,rain,26.99,83.84,810,5,1,0.769,112.31,144.04,148.35,169.75,1.149,0.1778,5,75.38,Waspada,0,normal,128.82,97.96,1.715
2025-06-27T08:15:00,4,zone4,8,4,0,2,rain,29.29,68.6,810,5,0,0.045,89.21,78.37,89.54,66.01,1.374,0.0968,4,72.97,Aman,0,normal,80.14,91.46,0.629
2025-06-27T08:30:00,1,zone1,8,4,0,2,rain,25.63,88.21,520,3,0,0.135,146.97,140.98,149.82,83.57,1.273,0.2711,7,72.85,Aman,0,normal,140.81,157.17,0.867
2025-06-27T08:45:00,4,zone4,8,4,0,0,clear,26.19,84.79,810,5,0,0.087,120.44,103.1,105.7,46.62,1.305,0.1273,5,65.45,Aman,0,normal,80.15,106.91,1.486
2025-06-27T09:00:00,2,zone2,9,4,0,0,clear,30.69,73.42,680,4,1,0.855,181.25,231.59,279.74,150.65,0.936,0.3406,8,85.49,Waspada,0,normal,217.86,193.92,1.029
2025-06-27T09:15:00,2,zone2,9,4,0,2,rain,32.43,98,680,4,0,0.004,128.97,86.33,72.37,65.16,1.271,0.1269,3,58.35,Aman,0,normal,107.37,143.96,2.033
2025-06-27T09:30:00,1,zone1,9,4,0,0,clear,30.37,64.82,520,3,0,0.011,140.99,125.31,96.15,59.4,1.034,0.241,2,66.68,Aman,0,normal,126.8,138.08,0.627
2025-06-27T09:45:00,4,zone4,9,4,0,1,cloudy,28.74,85.3,810,5,0,0.096,91.95,96.03,103.21,73.15,1.214,0.1186,5,63.23,Aman,0,normal,67.98,91.97,1.333
2025-06-27T10:00:00,3,zone3,10,4,0,0,clear,25.59,56.15,430,2,1,0.574,114.87,166.97,187.8,85.83,0.953,0.3883,8,81.84,Waspada,1,density_spike,201.55,101.27,5.571
2025-06-27T10:15:00,5,zone5,10,4,0,1,cloudy,29.59,64.14,360,2,0,0.134,76.93,55.25,55.63,66.31,1.008,0.1535,3,66.01,Aman,0,normal,90.51,70.03,1.138
2025-06-27T10:30:00,1,zone1,10,4,0,0,clear,31.43,58.61,520,3,0,0.031,166.44,167.65,192.12,96.21,0.869,0.3224,5,77.54,Aman,0,normal,153.23,176.71,1.107
2025-06-27T10:45:00,4,zone4,10,4,0,0,clear,32.04,58.14,810,5,0,0.015,110.89,125.87,86.32,49.48,1.077,0.1554,8,75.31,Aman,0,normal,144.13,100.42,2.428
2025-06-27T11:00:00,2,zone2,11,4,0,1,cloudy,26.35,90.72,680,4,0,0.098,141.5,110.08,108.54,101.36,1.266,0.1619,7,69.13,Aman,1,density_spike,83.66,140.66,3.167
2025-06-27T11:15:00,3,zone3,11,4,0,0,clear,31.77,69.63,430,2,0,0.126,134.16,130.35,143.08,74.03,0.453,0.3031,5,90.08,Aman,1,density_spike,329.78,133.39,5.89
2025-06-27T11:30:00,4,zone4,11,4,0,3,storm,23.28,98,810,5,0,0.175,93.27,90.26,118.27,56.09,1.251,0.1114,2,69.99,Aman,0,normal,67.58,102.92,1.963
2025-06-27T11:45:00,4,zone4,11,4,0,3,storm,23.85,97.76,810,5,0,0.018,58.7,36.36,78.52,53.93,1.052,0.0449,6,63.94,Aman,0,normal,48.12,53.11,0.277
2025-06-27T12:00:00,4,zone4,12,4,0,0,clear,32.78,79.57,810,5,0,0.115,47.05,58.43,50.84,34.15,1.405,0.0721,5,69.44,Aman,0,normal,42.21,52.38,0.565
2025-06-27T12:15:00,1,zone1,12,4,0,0,clear,34.06,72.33,520,3,0,0.003,117.84,107.1,49.82,36.32,0.82,0.206,8,67.46,Aman,0,normal,80.8,130.32,2.751
2025-06-27T12:30:00,2,zone2,12,4,0,0,clear,35.74,74.27,680,4,1,0.619,200.96,267.55,262.4,140.25,0.646,0.3935,6,81.53,Waspada,0,normal,276.21,208.6,2.701
2025-06-27T12:45:00,3,zone3,12,4,0,0,clear,27.1,63.0,430,2,0,0.136,94.78,62.01,40.02,60.55,1.12,0.1442,3,76.89,Aman,0,normal,77.77,99.48,1.206
2025-06-27T13:00:00,2,zone2,13,4,0,0,clear,29.51,62.73,680,4,0,0.096,160.72,178.43,175.43,78.93,1.096,0.2624,3,75.87,Aman,0,normal,198.81,167.15,1.578
2025-06-27T13:15:00,2,zone2,13,4,0,0,clear,30.95,61.06,680,4,0,0.162,114.32,119.91,101.56,86.65,1.368,0.1763,5,66.03,Aman,0,normal,109.43,107.27,0.12
2025-06-27T13:30:00,2,zone2,13,4,0,0,clear,33.15,57.08,680,4,0,0.131,180.17,193.68,175.2,53.76,0.934,0.2848,3,67.35,Aman,0,normal,180.22,181.02,0.037
2025-06-27T13:45:00,2,zone2,13,4,0,0,clear,28.51,63.69,680,4,0,0.04,157.09,168.28,187.28,81.49,1.284,0.2475,8,72.09,Aman,0,normal,166.82,135.38,1.747
2025-06-27T14:00:00,5,zone5,14,4,0,0,clear,35.37,59.86,360,2,0,0.045,50.54,57.01,72.09,76.67,1.014,0.1584,5,66.35,Aman,0,normal,46.88,53.49,0.367
2025-06-27T14:15:00,1,zone1,14,4,0,0,clear,31.14,66.17,520,3,0,0.124,165.99,159.52,153.8,64.76,1.006,0.3068,7,81.15,Aman,0,normal,164.48,161.72,0.142
2025-06-27T14:30:00,5,zone5,14,4,0,2,rain,29.71,75.29,360,2,0,0.076,49.73,36.06,23.53,45.37,1.257,0.1002,5,65.9,Aman,0,normal,33.4,47.29,0.772
2025-06-27T14:45:00,2,zone2,14,4,0,2,rain,30.57,71.06,680,4,0,0.052,121.33,107.94,80.46,52.52,1.148,0.1587,3,64.53,Aman,0,normal,128.4,126.43,0.109
2025-06-27T15:00:00,4,zone4,15,4,0,0,clear,31.4,58.09,810,5,0,0.019,88.27,85.76,108.82,65.14,1.038,0.1059,7,55.1,Aman,0,normal,96.42,90.36,0.337
2025-06-27T15:15:00,3,zone3,15,4,0,0,clear,34.68,65.42,430,2,0,0.177,77.46,85.42,81.7,54.71,1.113,0.1986,5,75.36,Aman,0,normal,75.83,76.73,0.05
2025-06-27T15:30:00,5,zone5,15,4,0,0,clear,31.02,72.28,360,2,0,0.123,10.98,22.7,27.85,91.9,1.319,0.063,8,55.81,Aman,0,normal,21.52,10.97,0.586
2025-06-27T15:45:00,4,zone4,15,4,0,0,clear,29.14,70.37,810,5,0,0.111,76.92,70.54,67.79,69.49,1.37,0.0871,5,71.21,Aman,0,normal,46.07,77.25,1.732
2025-06-27T16:00:00,5,zone5,16,4,0,0,clear,31.16,65.03,360,2,0,0.099,8,41.52,48.62,52.82,1.398,0.1153,2,64.91,Aman,0,normal,38.55,8,1.697
2025-06-27T16:15:00,1,zone1,16,4,0,0,clear,30.26,51.7,520,3,0,0.082,157.55,198.78,188.0,65.67,0.373,0.3823,8,92.86,Aman,1,density_spike,55.94,176.4,3.29
2025-06-27T16:30:00,4,zone4,16,4,0,1,cloudy,29.88,76.97,810,5,0,0.03,66.47,50.13,42.15,37.71,1.153,0.0619,8,65.09,Aman,0,normal,31.02,67.16,2.008
2025-06-27T16:45:00,2,zone2,16,4,0,0,clear,29.19,70.89,680,4,0,0.119,120.33,123.38,108.04,67.55,1.016,0.1814,6,69.32,Aman,0,normal,109.48,121.74,0.681
2025-06-27T17:00:00,4,zone4,17,4,0,0,clear,32.74,67.86,810,5,0,0.161,63.45,76.81,68.01,50.7,1.381,0.0948,8,64.39,Aman,0,normal,61.69,58.53,0.176
2025-06-27T17:15:00,2,zone2,17,4,0,2,rain,25.6,76.64,680,4,0,0.047,141.0,106.43,73.83,70.02,0.462,0.1565,7,92.93,Aman,1,density_spike,235.98,134.67,3.564
2025-06-27T17:30:00,5,zone5,17,4,0,1,cloudy,27.84,71.03,360,2,0,0.177,136.99,107.66,106.54,84.97,0.79,0.2991,3,68.33,Aman,0,normal,130.38,139.03,0.48
2025-06-27T17:45:00,1,zone1,17,4,0,0,clear,28.83,66.39,520,3,0,0.166,150.89,202.57,225.97,95.97,0.931,0.3896,3,64.93,Waspada,0,normal,200.2,148.74,2.859
2025-06-27T18:00:00,1,zone1,18,4,0,2,rain,21.74,67.93,520,3,0,0.031,179.12,151.81,153.43,75.38,1.321,0.2919,5,53.41,Aman,0,normal,125.63,192.62,2.898
2025-06-27T18:15:00,1,zone1,18,4,0,0,clear,29.18,57.73,520,3,0,0.051,163.14,168.83,171.09,54.69,1.171,0.3247,3,59.68,Aman,0,normal,222.47,178.67,2.043
2025-06-27T18:30:00,4,zone4,18,4,0,0,clear,30.52,63.64,810,5,0,0.099,108.56,113.77,165.38,76.89,1.047,0.1405,3,70.22,Aman,0,normal,106.4,113.23,0.379
2025-06-27T18:45:00,4,zone4,18,4,0,1,cloudy,28.52,79.92,810,5,1,0.985,188.97,244.31,339.84,174.33,0.882,0.3016,3,81.84,Bahaya,1,density_spike,256.34,180.18,3.522
2025-06-27T19:00:00,4,zone4,19,4,0,2,rain,25.87,87.7,810,5,0,0.096,74.61,66.83,89.76,50.94,1.133,0.0825,5,72.59,Aman,0,normal,39.1,64.74,1.424
2025-06-27T19:15:00,1,zone1,19,4,0,1,cloudy,30.19,71.24,520,3,0,0.045,140.16,123.42,181.81,58.67,1.102,0.2373,4,66.31,Aman,0,normal,113.44,121.1,0.426
2025-06-27T19:30:00,5,zone5,19,4,0,0,clear,29.03,62.12,360,2,0,0.045,145.02,98.07,123.6,23.52,1.359,0.2724,5,73.7,Aman,1,density_spike,88.3,152.15,3.497
2025-06-27T19:45:00,3,zone3,19,4,0,2,rain,28.6,88.04,430,2,0,0.065,130.62,101.3,132.37,76.57,0.374,0.2356,6,94.21,Aman,1,density_spike,20.46,116.12,3.645
2025-06-27T20:00:00,3,zone3,20,4,0,0,clear,33.58,72.09,430,2,0,0.051,106.5,129.46,117.8,20.31,0.974,0.3011,4,60.39,Aman,1,density_spike,156.93,100.21,3.151
2025-06-27T20:15:00,2,zone2,20,4,0,0,clear,28.47,65.13,680,4,0,0.164,175.36,200.01,224.63,53.88,0.883,0.2941,3,77.31,Aman,0,normal,180.37,166.69,0.684
2025-06-27T20:30:00,2,zone2,20,4,0,0,clear,27.93,66.36,680,4,0,0.019,188.01,172.09,197.09,83.09,0.792,0.2531,5,65.04,Aman,0,normal,194.84,161.97,1.691
2025-06-27T20:45:00,4,zone4,20,4,0,0,clear,31.62,70.03,810,5,0,0.068,151.16,109.72,117.36,71.18,0.975,0.1355,6,66.65,Aman,0,normal,138.54,152.53,0.765
2025-06-27T21:00:00,3,zone3,21,4,0,3,storm,25.56,87.01,430,2,0,0.114,29.04,37.87,36.77,50.46,1.108,0.0881,7,58.28,Aman,0,normal,16.96,28.95,0.666
2025-06-27T21:15:00,3,zone3,21,4,0,0,clear,28.08,70.37,430,2,1,0.611,151.12,175.09,220.04,119.01,0.995,0.4072,7,92.62,Waspada,0,normal,182.65,163.73,0.963
2025-06-27T21:30:00,1,zone1,21,4,0,0,clear,29.91,59.81,520,3,0,0.067,177.28,182.37,275.8,32.22,0.604,0.3507,4,64.54,Aman,0,normal,159.21,197.1,1.602
2025-06-27T21:45:00,1,zone1,21,4,0,1,cloudy,28.38,67.12,520,3,0,0.016,190.84,163.38,191.01,65.54,1.339,0.3142,7,70.64,Aman,0,normal,158.92,200.67,1.734
2025-06-27T22:00:00,3,zone3,22,4,0,0,clear,33.56,69.54,430,2,0,0.036,112.43,109.24,106.76,38.69,0.966,0.254,2,48.8,Aman,0,normal,77.37,120.4,2.39
2025-06-27T22:15:00,3,zone3,22,4,0,1,cloudy,31.92,83.61,430,2,0,0.074,123.94,116.96,104.79,69.25,1.122,0.272,2,74.53,Aman,0,normal,122.09,131.77,0.538
2025-06-27T22:30:00,4,zone4,22,4,0,0,clear,35.3,65.72,810,5,0,0.037,87.09,95.47,137.5,52.07,0.829,0.1179,3,60.26,Aman,0,normal,85.66,76.57,0.505
2025-06-27T22:45:00,4,zone4,22,4,0,0,clear,35.45,61.88,810,5,0,0.027,115.68,116.22,104.18,33.77,0.726,0.1435,3,68.94,Aman,0,normal,121.89,105.44,0.914
2025-06-27T23:00:00,5,zone5,23,4,0,0,clear,33.99,61.13,360,2,0,0.134,64.2,71.12,116.96,70.46,1.28,0.1976,3,76.89,Aman,0,normal,73.63,57.78,0.88
2025-06-27T23:15:00,3,zone3,23,4,0,1,cloudy,27.24,81.36,430,2,0,0.008,106.04,105.51,106.57,50.99,1.095,0.2454,4,61.73,Aman,0,normal,92.4,114.51,1.228
2025-06-27T23:30:00,3,zone3,23,4,0,0,clear,32.68,56.33,430,2,0,0.135,132.98,93.99,90.11,50.39,0.969,0.2186,3,69.13,Aman,0,normal,97.05,116.55,1.084
2025-06-27T23:45:00,5,zone5,23,4,0,1,cloudy,33.54,70.19,360,2,0,0.095,37.27,29.92,31.62,40.78,1.327,0.0831,7,74.16,Aman,0,normal,-4.95,32.09,2.058
2025-06-28T00:00:00,2,zone2,0,5,1,0,clear,31.58,53.97,680,4,0,0.104,97.89,123.9,128.74,59.4,0.959,0.1822,4,74.47,Aman,0,normal,112.55,93.02,1.085
2025-06-28T00:15:00,1,zone1,0,5,1,1,cloudy,29.94,78.43,520,3,0,0.168,176.27,147.27,151.36,68.03,0.963,0.2832,3,71.08,Aman,0,normal,150.91,169.89,0.931
2025-06-28T00:30:00,5,zone5,0,5,1,0,clear,34.21,60.19,360,2,1,0.686,97.11,138.08,182.15,104.08,0.274,0.3835,8,102.03,Waspada,1,density_spike,35.69,104.85,4.798
2025-06-28T00:45:00,2,zone2,0,5,1,0,clear,30.6,71.29,680,4,0,0.154,113.37,124.98,129.36,69.96,0.412,0.1838,4,84.28,Aman,1,density_spike,27.34,105.97,5.243
2025-06-28T01:00:00,1,zone1,1,5,1,0,clear,32.2,55.45,520,3,1,0.74,134.25,178.62,210.75,141.29,1.236,0.3435,5,80.51,Waspada,1,density_spike,180.02,123.6,3.134
2025-06-28T01:15:00,4,zone4,1,5,1,0,clear,31.61,60.75,810,5,0,0.18,105.13,112.1,151.18,49.26,1.113,0.1384,5,75.64,Aman,0,normal,98.19,116.83,1.036
2025-06-28T01:30:00,4,zone4,1,5,1,0,clear,29.62,64.0,810,5,0,0.039,75.86,101.11,122.7,52.97,1.0,0.1248,3,68.56,Aman,0,normal,126.74,83.94,2.378
2025-06-28T01:45:00,4,zone4,1,5,1,2,rain,28.75,69.99,810,5,1,0.488,56.54,82.96,99.32,97.47,1.259,0.1024,4,67.51,Aman,0,normal,69.9,61.34,0.475
2025-06-28T02:00:00,2,zone2,2,5,1,1,cloudy,27.64,60.08,680,4,0,0.09,68.96,76.25,110.94,103.06,1.497,0.1121,3,65.87,Aman,0,normal,91.88,62.83,1.614
2025-06-28T02:15:00,2,zone2,2,5,1,0,clear,33.93,53.83,680,4,0,0.069,102.32,130.54,133.86,47.88,0.713,0.192,8,59.46,Aman,0,normal,66.66,95.96,1.628
2025-06-28T02:30:00,3,zone3,2,5,1,2,rain,26.06,83.38,430,2,0,0.178,56.77,65.45,103.27,66.56,1.055,0.1522,7,81.84,Aman,0,normal,84.66,58.33,1.463
2025-06-28T02:45:00,5,zone5,2,5,1,1,cloudy,32.79,63.42,360,2,0,0.172,78.83,74.72,92.31,44.46,1.37,0.2076,7,72.21,Aman,0,normal,96.99,78.22,1.043
2025-06-28T03:00:00,3,zone3,3,5,1,1,cloudy,32.26,71.47,430,2,1,0.948,167.49,226.67,299.11,158.42,0.819,0.5271,4,90.28,Bahaya,1,density_spike,240.36,174.5,3.145
2025-06-28T03:15:00,2,zone2,3,5,1,0,clear,32.1,58.28,680,4,0,0.034,168.6,189.8,184.7,79.89,0.886,0.2791,6,65.4,Aman,1,density_spike,217.24,157.5,3.161
2025-06-28T03:30:00,3,zone3,3,5,1,0,clear,29.21,64.76,430,2,0,0.048,66.62,89.26,92.49,48.65,0.977,0.2076,3,64.72,Aman,0,normal,107.66,71.92,1.986
2025-06-28T03:45:00,3,zone3,3,5,1,2,rain,24.9,66.31,430,2,0,0.066,46.06,25.73,14.02,24.56,0.976,0.0598,7,70.13,Aman,0,normal,13.09,44.53,1.747
2025-06-28T04:00:00,1,zone1,4,5,1,0,clear,29.78,59.48,520,3,0,0.08,100.36,104.49,140.69,43.54,1.393,0.2009,6,72.15,Aman,0,normal,91.18,92.79,0.089
2025-06-28T04:15:00,3,zone3,4,5,1,1,cloudy,35.75,83.79,430,2,0,0.028,109.92,99.13,130.23,59.49,1.565,0.2305,7,66.76,Aman,0,normal,105.43,113.55,0.451
2025-06-28T04:30:00,2,zone2,4,5,1,0,clear,28.94,65.84,680,4,0,0.16,136.57,156.22,144.05,60.29,1.175,0.2297,3,69.07,Aman,0,normal,155.08,149.89,0.289
2025-06-28T04:45:00,1,zone1,4,5,1,1,cloudy,26.7,75.94,520,3,0,0.178,128.41,143.49,131.13,58.32,0.985,0.2759,6,66.01,Aman,0,normal,120.61,120.13,0.027
2025-06-28T05:00:00,4,zone4,5,5,1,1,cloudy,29.48,69.79,810,5,0,0.007,91.41,62.98,66.1,48.11,1.23,0.0777,3,76.12,Aman,0,normal,65.43,85.5,1.115
2025-06-28T05:15:00,3,zone3,5,5,1,2,rain,29.03,70.61,430,2,1,0.856,91.75,128.19,140.27,147.23,1.043,0.2981,2,86.8,Waspada,0,normal,121.52,82.95,2.143
2025-06-28T05:30:00,1,zone1,5,5,1,1,cloudy,29.62,76.68,520,3,0,0.165,202.47,209.5,218.85,104.41,0.922,0.4029,4,73.66,Waspada,0,normal,202.27,198.25,0.169
2025-06-28T05:45:00,1,zone1,5,5,1,0,clear,27.45,73.97,520,3,0,0.141,144.97,140.44,161.78,51.9,1.108,0.2701,5,60.06,Aman,0,normal,152.19,149.08,0.173
2025-06-28T06:00:00,3,zone3,6,5,1,0,clear,31.59,63.81,430,2,0,0.013,101.24,98.43,85.92,9.28,0.804,0.2289,2,70.66,Aman,0,normal,112.01,97.29,0.818
2025-06-28T06:15:00,4,zone4,6,5,1,0,clear,29.49,60.31,810,5,0,0.152,127.93,138.79,112.53,67.46,1.157,0.1713,2,65.52,Aman,0,normal,162.67,141.74,1.163
2025-06-28T06:30:00,2,zone2,6,5,1,2,rain,28.19,58.08,680,4,0,0.022,76.32,60.29,69.61,51.34,1.034,0.0887,2,60.47,Aman,0,normal,58.41,72.01,0.755
2025-06-28T06:45:00,5,zone5,6,5,1,0,clear,30.08,69.01,360,2,0,0.006,68.49,64.58,52.55,47.03,0.983,0.1794,3,80.09,Aman,0,normal,68.7,71.99,0.183
2025-06-28T07:00:00,2,zone2,7,5,1,1,cloudy,27.15,80.51,680,4,0,0.106,152.77,117.24,119.06,57.03,0.891,0.1724,2,76.62,Aman,0,normal,125.83,156.18,1.62
2025-06-28T07:15:00,2,zone2,7,5,1,1,cloudy,30.41,69.34,680,4,0,0.116,141.13,103.82,120.61,58.82,0.97,0.1527,6,71.69,Aman,0,normal,118.24,144.71,1.471
2025-06-28T07:30:00,3,zone3,7,5,1,2,rain,23.76,65.33,430,2,1,0.685,95.04,127.88,153.09,92.86,1.231,0.2974,4,78.93,Waspada,1,density_spike,157.17,82.66,4.14
2025-06-28T07:45:00,2,zone2,7,5,1,1,cloudy,27.2,79.84,680,4,0,0.147,169.63,169.07,146.02,49.05,1.061,0.2486,7,76.61,Aman,0,normal,178.08,168.41,0.479
2025-06-28T08:00:00,3,zone3,8,5,1,3,storm,18.02,85.62,430,2,0,0.143,134.74,131.6,144.54,58.54,1.058,0.306,5,69.89,Aman,0,normal,131.73,122.19,0.53
2025-06-28T08:15:00,4,zone4,8,5,1,1,cloudy,25.81,84.44,810,5,1,0.695,190.49,249.3,308.73,127.63,1.076,0.3078,3,72.9,Waspada,1,density_spike,272.13,191.67,3.498
2025-06-28T08:30:00,5,zone5,8,5,1,0,clear,29.54,75.6,360,2,1,0.498,123.73,158.24,179.63,107.09,0.673,0.4396,7,77.96,Waspada,0,normal,162.35,135.3,1.503
2025-06-28T08:45:00,4,zone4,8,5,1,0,clear,33.54,66.86,810,5,0,0.039,148.74,141.56,122.5,35.72,1.283,0.1748,7,68.38,Aman,0,normal,124.83,128.68,0.214
2025-06-28T09:00:00,1,zone1,9,5,1,0,clear,28.0,70.56,520,3,0,0.122,202.82,229.66,212.87,63.31,0.862,0.4417,6,67.08,Waspada,0,normal,215.78,225.9,0.374
2025-06-28T09:15:00,1,zone1,9,5,1,1,cloudy,30.65,84.29,520,3,0,0.139,220.75,220.15,240.78,62.13,1.069,0.4234,7,80.01,Waspada,0,normal,212.49,192.27,0.876
2025-06-28T09:30:00,5,zone5,9,5,1,0,clear,31.41,68.86,360,2,0,0.02,74.54,110.19,112.89,72.49,1.013,0.3061,3,65.84,Aman,0,normal,66.48,72.68,0.345
2025-06-28T09:45:00,1,zone1,9,5,1,1,cloudy,26.62,87.72,520,3,0,0.06,153.87,139.72,108.22,70.47,1.096,0.2687,5,68.33,Aman,0,normal,130.78,165.07,1.731
2025-06-28T10:00:00,2,zone2,10,5,1,2,rain,28.31,72.87,680,4,0,0.009,139.36,105.86,144.58,26.61,1.306,0.1557,4,63.86,Aman,1,density_spike,68.81,132.9,3.561
2025-06-28T10:15:00,3,zone3,10,5,1,2,rain,28.53,81.02,430,2,0,0.045,155.07,161.07,154.18,72.66,1.363,0.3746,5,76.55,Aman,0,normal,169.4,164.1,0.269
2025-06-28T10:30:00,2,zone2,10,5,1,0,clear,36.21,67.13,680,4,1,0.451,132.88,140.27,171.53,96.79,1.117,0.2063,8,75.57,Aman,0,normal,161.24,137.95,1.294
2025-06-28T10:45:00,5,zone5,10,5,1,0,clear,31.6,65.47,360,2,0,0.02,103.58,107.98,106.81,62.1,0.925,0.2999,4,69.37,Aman,0,normal,132.99,109.13,1.325
2025-06-28T11:00:00,4,zone4,11,5,1,1,cloudy,29.39,76.7,810,5,0,0.116,130.45,147.18,159.87,48.91,1.068,0.1817,4,58.3,Aman,0,normal,156.22,144.29,0.663
2025-06-28T11:15:00,2,zone2,11,5,1,0,clear,28.88,73.38,680,4,0,0.143,185.23,190.38,200.78,91.35,1.153,0.28,4,66.81,Aman,0,normal,198.8,206.39,0.307
2025-06-28T11:30:00,2,zone2,11,5,1,2,rain,29.39,69.13,680,4,0,0.081,142.12,152.66,156.72,64.72,1.092,0.2245,5,74.08,Aman,0,normal,151.68,133.44,1.013
2025-06-28T11:45:00,4,zone4,11,5,1,2,rain,27.16,70.16,810,5,0,0.116,148.06,144.5,143.65,57.24,1.247,0.1784,8,59.29,Aman,0,normal,155.69,131.36,1.351
2025-06-28T12:00:00,3,zone3,12,5,1,0,clear,32.35,65.13,430,2,0,0.002,84.19,70.01,30.88,38.53,1.192,0.1628,5,57.32,Aman,0,normal,79.97,79.35,0.034
2025-06-28T12:15:00,4,zone4,12,5,1,0,clear,28.95,82.19,810,5,0,0.148,54.19,58.03,68.75,31.13,1.454,0.0716,8,59.61,Aman,0,normal,67.58,56.54,0.613
2025-06-28T12:30:00,3,zone3,12,5,1,2,rain,25.94,79.94,430,2,0,0.024,74.59,52.65,38.08,7.79,1.05,0.1224,4,65.19,Aman,0,normal,35.51,68.66,1.841
2025-06-28T12:45:00,2,zone2,12,5,1,1,cloudy,28.64,75.51,680,4,0,0.171,135.06,138.79,117.1,84.69,1.091,0.2041,6,65.39,Aman,0,normal,126.93,127.77,0.047
2025-06-28T13:00:00,5,zone5,13,5,1,1,cloudy,29.0,71.48,360,2,0,0.014,98.85,110.45,78.97,56.73,1.264,0.3068,8,75.08,Aman,0,normal,106.81,97.77,0.502
2025-06-28T13:15:00,5,zone5,13,5,1,1,cloudy,33.61,93.96,360,2,0,0.041,92.55,99.54,90.6,48.22,1.141,0.2765,6,68.01,Aman,0,normal,82.01,97.73,0.873
2025-06-28T13:30:00,2,zone2,13,5,1,1,cloudy,30.59,69.79,680,4,0,0.019,138.49,102.56,111.48,64.39,0.748,0.1508,3,65.7,Aman,1,density_spike,73.15,148.66,4.195
2025-06-28T13:45:00,1,zone1,13,5,1,0,clear,32.32,52.04,520,3,0,0.08,148.03,184.83,181.97,77.15,1.286,0.3554,5,62.56,Aman,0,normal,158.9,154.75,0.224
2025-06-28T14:00:00,4,zone4,14,5,1,2,rain,26.34,80.56,810,5,0,0.18,102.16,109.23,101.57,124.84,1.146,0.1349,5,66.18,Aman,0,normal,103.25,96.25,0.389
2025-06-28T14:15:00,2,zone2,14,5,1,3,storm,25.51,78.94,680,4,0,0.044,102.53,67.96,86.71,60.07,1.34,0.0999,4,71.68,Aman,0,normal,74.9,95.12,1.124
2025-06-28T14:30:00,1,zone1,14,5,1,0,clear,29.88,61.63,520,3,0,0.138,161.04,206.77,242.54,86.5,0.842,0.3976,7,71.54,Waspada,0,normal,194.36,174.04,0.973
2025-06-28T14:45:00,2,zone2,14,5,1,0,clear,33.51,63.62,680,4,0,0.145,187.25,179.91,183.58,71.12,1.142,0.2646,4,74.35,Aman,0,normal,191.97,204.17,0.498
2025-06-28T15:00:00,1,zone1,15,5,1,1,cloudy,30.75,68.59,520,3,0,0.141,140.74,167.52,175.87,24.0,1.083,0.3221,7,74.95,Aman,0,normal,157.62,127.57,1.669
2025-06-28T15:15:00,3,zone3,15,5,1,0,clear,29.89,71.58,430,2,0,0.105,143.19,152.33,96.34,65.3,1.174,0.3543,6,65.89,Aman,0,normal,130.06,129.45,0.034
2025-06-28T15:30:00,5,zone5,15,5,1,0,clear,26.75,67.73,360,2,1,0.591,129.36,158.06,207.42,92.17,0.53,0.4391,7,81.56,Waspada,0,normal,155.19,143.03,0.676
2025-06-28T15:45:00,5,zone5,15,5,1,0,clear,35.53,73.28,360,2,0,0.049,55.74,21.37,11.84,67.02,1.495,0.0594,5,66.67,Aman,0,normal,-1.4,51.87,2.959
2025-06-28T16:00:00,3,zone3,16,5,1,0,clear,29.93,77.26,430,2,1,0.771,120.42,180.43,198.36,126.58,1.006,0.4196,4,89.08,Waspada,0,normal,178.05,134.73,2.407
2025-06-28T16:15:00,3,zone3,16,5,1,1,cloudy,28.63,66.13,430,2,0,0.069,187.97,164.1,137.51,39.33,0.868,0.3816,6,78.88,Aman,0,normal,140.6,207.5,2.687
2025-06-28T16:30:00,2,zone2,16,5,1,0,clear,33.06,70.47,680,4,0,0.019,126.14,123.83,125.14,31.68,1.009,0.1821,8,64.26,Aman,0,normal,134.37,132.77,0.089
2025-06-28T16:45:00,2,zone2,16,5,1,1,cloudy,31.07,79.66,680,4,0,0.036,213.24,190.67,128.81,81.99,0.903,0.2804,8,74.57,Aman,0,normal,168.25,206.91,1.557
2025-06-28T17:00:00,4,zone4,17,5,1,1,cloudy,29.8,52.96,810,5,0,0.13,59.77,75.32,40.91,84.92,1.26,0.093,4,71.56,Aman,0,normal,90.91,61.2,1.651
2025-06-28T17:15:00,5,zone5,17,5,1,0,clear,29.72,68.09,360,2,1,0.828,150.85,213.13,242.42,137.39,1.061,0.592,4,83.76,Bahaya,1,density_spike,218.11,136.49,4.534
2025-06-28T17:30:00,2,zone2,17,5,1,1,cloudy,31.1,57.93,680,4,1,0.999,248.8,337.87,383.17,189.59,0.865,0.4969,4,93.59,Bahaya,0,normal,354.94,262.88,2.918
2025-06-28T17:45:00,2,zone2,17,5,1,2,rain,28.53,73.33,680,4,0,0.1,126.79,106.04,127.02,68.77,0.667,0.1559,5,61.83,Aman,0,normal,109.53,131.04,1.195
2025-06-28T18:00:00,1,zone1,18,5,1,0,clear,32.8,79.51,520,3,0,0.07,197.51,223.51,283.01,104.9,1.04,0.4298,2,58.64,Waspada,0,normal,212.87,182.43,1.39
2025-06-28T18:15:00,2,zone2,18,5,1,2,rain,26.56,91.29,680,4,1,0.505,113.3,125.01,195.59,83.29,1.421,0.1838,2,68.11,Aman,0,normal,102.3,119.91,0.978
2025-06-28T18:30:00,4,zone4,18,5,1,0,clear,31.82,68.78,810,5,1,0.893,114.81,188.75,290.55,160.03,1.083,0.233,4,82.47,Waspada,0,normal,156.57,107.89,2.705
2025-06-28T18:45:00,4,zone4,18,5,1,2,rain,30.79,61.16,810,5,0,0.093,154.06,161.58,191.95,47.63,1.161,0.1995,8,66.48,Aman,0,normal,176.71,155.71,1.124
2025-06-28T19:00:00,1,zone1,19,5,1,1,cloudy,29.95,78.36,520,3,0,0.035,180.11,183.82,222.88,70.99,1.337,0.3535,8,69.49,Aman,0,normal,176.56,201.37,1.026
2025-06-28T19:15:00,1,zone1,19,5,1,0,clear,29.45,58.44,520,3,0,0.048,262.55,273.03,359.37,68.96,0.848,0.5251,6,75.16,Waspada,0,normal,294.79,276.16,0.562
2025-06-28T19:30:00,2,zone2,19,5,1,2,rain,24.48,84.26,680,4,1,0.962,216.5,285.43,361.78,160.31,1.03,0.4197,8,88.79,Bahaya,0,normal,294.45,236.21,2.054
2025-06-28T19:45:00,3,zone3,19,5,1,1,cloudy,23.34,72.42,430,2,0,0.088,68.82,17.08,49.87,71.74,0.603,0.0397,5,104.6,Aman,1,density_spike,42.62,74.49,5.215
2025-06-28T20:00:00,5,zone5,20,5,1,0,clear,29.59,72.12,360,2,0,0.138,135.61,134.72,185.49,56.84,1.145,0.3742,3,80.52,Aman,0,normal,149.45,120.43,1.612
2025-06-28T20:15:00,5,zone5,20,5,1,1,cloudy,33.34,52.97,360,2,0,0.112,98.7,98.64,98.78,58.81,0.955,0.274,5,63.4,Aman,0,normal,79.39,100.34,1.164
2025-06-28T20:30:00,4,zone4,20,5,1,0,clear,29.66,67.41,810,5,0,0.075,134.93,138.74,178.73,46.02,0.907,0.1713,3,66.39,Aman,0,normal,177.15,136.04,2.284
2025-06-28T20:45:00,5,zone5,20,5,1,0,clear,31.5,73.54,360,2,0,0.061,128.61,104.08,71.99,33.58,1.155,0.2891,4,57.21,Aman,1,density_spike,64.14,132.52,3.799
2025-06-28T21:00:00,4,zone4,21,5,1,0,clear,30.59,69.63,810,5,1,0.918,208.85,267.33,346.68,182.91,1.294,0.33,4,98.64,Bahaya,0,normal,256.68,198.29,2.454
2025-06-28T21:15:00,5,zone5,21,5,1,0,clear,33.38,69.21,360,2,0,0.116,123.88,135.31,165.28,81.76,0.411,0.3759,5,62.22,Waspada,0,normal,125.94,116.93,0.501
2025-06-28T21:30:00,1,zone1,21,5,1,1,cloudy,25.62,73.2,520,3,0,0.038,235.39,232.25,280.25,29.55,0.956,0.4466,8,72.58,Aman,0,normal,235.79,241.62,0.201
2025-06-28T21:45:00,1,zone1,21,5,1,0,clear,30.01,60.2,520,3,0,0.104,243.4,257.84,290.44,72.64,0.926,0.4958,8,78.65,Waspada,0,normal,267.78,262.0,0.184
2025-06-28T22:00:00,4,zone4,22,5,1,0,clear,30.67,74.09,810,5,0,0.047,109.03,106.1,175.0,59.59,0.878,0.131,6,66.17,Aman,0,normal,79.98,119.6,2.201
2025-06-28T22:15:00,2,zone2,22,5,1,1,cloudy,27.14,81.47,680,4,0,0.098,144.93,162.32,164.64,67.38,1.137,0.2387,2,61.72,Aman,0,normal,154.0,150.56,0.19
2025-06-28T22:30:00,2,zone2,22,5,1,1,cloudy,32.04,76.74,680,4,0,0.094,177.91,180.94,212.1,62.53,0.892,0.2661,4,69.45,Aman,0,normal,205.04,156.32,2.597
2025-06-28T22:45:00,1,zone1,22,5,1,0,clear,32.26,66.07,520,3,1,0.47,259.28,298.69,296.39,99.94,0.279,0.5744,8,99.66,Waspada,1,density_spike,733.64,285.35,4.906
2025-06-28T23:00:00,3,zone3,23,5,1,2,rain,24.14,85.07,430,2,0,0.069,91.62,84.01,78.59,95.89,0.952,0.1954,7,51.62,Aman,0,normal,122.79,91.7,1.727
2025-06-28T23:15:00,2,zone2,23,5,1,1,cloudy,27.45,73.45,680,4,1,0.53,188.45,197.43,219.2,139.02,1.265,0.2903,4,79.11,Waspada,0,normal,227.05,191.41,1.552
2025-06-28T23:30:00,2,zone2,23,5,1,2,rain,29.36,83.98,680,4,0,0.014,130.01,96.08,89.08,35.22,0.686,0.1413,7,86.63,Aman,1,density_spike,192.51,117.38,4.51
2025-06-28T23:45:00,3,zone3,23,5,1,1,cloudy,28.1,73.89,430,2,0,0.084,202.17,204.24,233.98,84.36,0.39,0.475,5,71.83,Waspada,0,normal,219.66,220.7,0.039
2025-06-29T00:00:00,5,zone5,0,6,1,0,clear,29.51,66.05,360,2,0,0.119,63.19,82.58,66.68,26.81,0.842,0.2294,4,63.68,Aman,0,normal,107.83,64.44,2.411
2025-06-29T00:15:00,5,zone5,0,6,1,1,cloudy,29.98,80.04,360,2,0,0.042,36.25,50.21,43.34,71.55,1.287,0.1395,5,79.81,Aman,0,normal,28.67,39.02,0.575
2025-06-29T00:30:00,1,zone1,0,6,1,2,rain,28.29,70.38,520,3,0,0.133,67.96,46.12,51.57,48.22,1.147,0.0887,4,62.72,Aman,0,normal,56.01,72.41,0.911
2025-06-29T00:45:00,3,zone3,0,6,1,0,clear,30.23,65.86,430,2,1,0.559,140.97,199.74,250.75,87.67,0.926,0.4645,3,88.5,Waspada,1,density_spike,233.81,143.86,4.997
2025-06-29T01:00:00,4,zone4,1,6,1,3,storm,23.17,93.97,810,5,0,0.139,60.06,56.83,91.0,62.67,1.309,0.0702,2,67.55,Aman,0,normal,93.48,56.19,2.071
2025-06-29T01:15:00,3,zone3,1,6,1,0,clear,26.96,73.93,430,2,0,0.159,78.83,92.89,99.41,72.69,1.166,0.216,4,72.03,Aman,0,normal,107.08,77.32,1.653
2025-06-29T01:30:00,1,zone1,1,6,1,3,storm,23.46,84.92,520,3,0,0.119,90.74,34.22,43.87,52.27,1.104,0.0658,7,73.72,Aman,1,density_spike,18.91,92.73,4.102
2025-06-29T01:45:00,5,zone5,1,6,1,2,rain,29.64,71.27,360,2,0,0.063,22.17,4,21.6,55.39,1.3,0.0111,2,67.4,Aman,0,normal,-21.68,21.26,2.386
2025-06-29T02:00:00,4,zone4,2,6,1,1,cloudy,31.24,81.12,810,5,0,0.102,116.27,107.88,133.77,46.43,1.108,0.1332,7,66.06,Aman,0,normal,114.62,105.55,0.504
2025-06-29T02:15:00,4,zone4,2,6,1,2,rain,27.14,76.72,810,5,0,0.132,74.6,82.48,80.96,48.12,1.111,0.1018,7,68.35,Aman,0,normal,74.47,70.07,0.244
2025-06-29T02:30:00,4,zone4,2,6,1,2,rain,26.09,84.82,810,5,0,0.078,113.33,72.64,42.9,58.28,1.334,0.0897,5,67.52,Aman,1,density_spike,42.86,115.25,4.022
2025-06-29T02:45:00,1,zone1,2,6,1,1,cloudy,25.81,59.03,520,3,1,0.722,177.16,235.17,285.52,150.72,0.832,0.4522,4,84.45,Bahaya,1,density_spike,234.9,170.89,3.121
2025-06-29T03:00:00,4,zone4,3,6,1,2,rain,25.3,78.75,810,5,0,0.054,8,4,4,14.87,0.597,0.0049,8,88.89,Aman,1,density_spike,44.96,8,5.251
2025-06-29T03:15:00,4,zone4,3,6,1,0,clear,30.08,85.57,810,5,0,0.05,58.84,58.82,20.21,52.94,0.948,0.0726,3,55.5,Aman,0,normal,71.57,56.82,0.82
2025-06-29T03:30:00,1,zone1,3,6,1,0,clear,30.36,61.75,520,3,0,0.072,132.16,139.54,116.69,57.58,0.775,0.2684,7,70.35,Aman,0,normal,114.89,141.96,1.504
2025-06-29T03:45:00,5,zone5,3,6,1,1,cloudy,31.69,58.81,360,2,0,0.023,80.68,68.48,52.4,42.22,1.042,0.1902,6,71.71,Aman,0,normal,80.5,76.25,0.236
2025-06-29T04:00:00,2,zone2,4,6,1,1,cloudy,25.99,89.7,680,4,0,0.138,104.59,121.34,87.37,73.35,1.072,0.1784,7,73.93,Aman,0,normal,134.62,107.41,1.512
2025-06-29T04:15:00,2,zone2,4,6,1,0,clear,32.55,77.18,680,4,1,0.717,108.56,166.35,194.83,79.42,1.145,0.2446,6,75.91,Waspada,0,normal,155.42,104.14,2.849
2025-06-29T04:30:00,3,zone3,4,6,1,0,clear,29.32,73.46,430,2,0,0.142,142.38,182.29,201.52,84.12,0.813,0.4239,4,79.43,Waspada,1,density_spike,204.11,133.85,3.903
2025-06-29T04:45:00,4,zone4,4,6,1,0,clear,28.8,71.94,810,5,0,0.024,146.93,150.93,152.47,73.86,1.179,0.1863,6,64.27,Aman,0,normal,158.72,128.71,1.667
2025-06-29T05:00:00,1,zone1,5,6,1,1,cloudy,25.9,73.3,520,3,0,0.075,136.67,136.85,138.14,64.46,0.574,0.2632,2,63.34,Aman,0,normal,149.35,143.15,0.344
2025-06-29T05:15:00,3,zone3,5,6,1,1,cloudy,31.7,69.08,430,2,0,0.063,105.16,64.62,46.3,72.91,1.323,0.1503,4,66.4,Aman,0,normal,82.12,96.38,0.792
2025-06-29T05:30:00,3,zone3,5,6,1,0,clear,31.36,74.8,430,2,0,0.005,123.23,116.49,92.31,47.31,1.003,0.2709,2,65.36,Aman,0,normal,130.54,113.83,0.928
2025-06-29T05:45:00,4,zone4,5,6,1,0,clear,32.67,70.08,810,5,0,0.085,158.49,178.68,162.56,55.97,0.388,0.2206,3,97.32,Aman,1,density_spike,39.42,143.64,5.896
2025-06-29T06:00:00,1,zone1,6,6,1,2,rain,27.33,74.36,520,3,0,0.03,139.92,165.65,145.22,49.95,0.914,0.3186,5,68.9,Aman,0,normal,159.36,140.0,1.076
2025-06-29T06:15:00,4,zone4,6,6,1,1,cloudy,31.38,75.53,810,5,0,0.172,118.33,123.14,102.46,72.84,1.168,0.152,3,66.56,Aman,0,normal,100.03,130.84,1.712
2025-06-29T06:30:00,3,zone3,6,6,1,2,rain,24.63,78.83,430,2,1,0.566,143.92,169.6,188.82,109.94,0.802,0.3944,4,90.11,Waspada,0,normal,169.59,138.71,1.716
2025-06-29T06:45:00,2,zone2,6,6,1,0,clear,29.75,67.83,680,4,0,0.134,153.09,154.92,177.94,68.34,1.338,0.2278,6,73.53,Aman,0,normal,144.57,146.82,0.125
2025-06-29T07:00:00,5,zone5,7,6,1,2,rain,23.93,80.72,360,2,0,0.056,94.63,85.07,67.73,40.59,1.082,0.2363,4,70.55,Aman,0,normal,85.78,99.79,0.779
2025-06-29T07:15:00,1,zone1,7,6,1,0,clear,31.2,75.74,520,3,0,0.083,163.53,163.45,173.95,35.18,1.209,0.3143,3,73.48,Aman,0,normal,192.75,157.52,1.864
2025-06-29T07:30:00,3,zone3,7,6,1,3,storm,26.08,83.42,430,2,0,0.002,107.01,69.96,91.13,58.3,1.305,0.1627,8,68.74,Aman,1,density_spike,59.81,116.0,3.121
2025-06-29T07:45:00,1,zone1,7,6,1,0,clear,33.86,72.03,520,3,0,0.061,151.05,146.5,136.25,29.28,1.149,0.2817,6,78.28,Aman,0,normal,135.42,135.04,0.021
2025-06-29T08:00:00,2,zone2,8,6,1,2,rain,27.55,87.27,680,4,0,0.046,95.3,111.82,130.31,51.07,0.949,0.1644,5,74.58,Aman,0,normal,144.68,103.33,2.297
2025-06-29T08:15:00,5,zone5,8,6,1,3,storm,26.93,98,360,2,0,0.078,40.51,8.17,4.65,60.99,1.23,0.0227,6,68.44,Aman,0,normal,29.54,38.98,0.524
2025-06-29T08:30:00,3,zone3,8,6,1,2,rain,27.67,81.13,430,2,0,0.153,72.13,79.28,134.48,67.74,0.419,0.1844,4,85.2,Aman,1,density_spike,29.41,65.53,5.245
2025-06-29T08:45:00,4,zone4,8,6,1,2,rain,28.06,74.78,810,5,0,0.101,188.89,183.6,219.01,65.45,1.334,0.2267,3,72.1,Aman,0,normal,163.64,190.37,1.17
2025-06-29T09:00:00,2,zone2,9,6,1,1,cloudy,27.96,72.21,680,4,0,0.127,175.77,164.25,186.07,96.36,1.058,0.2415,3,59.63,Aman,0,normal,159.65,194.12,1.48
2025-06-29T09:15:00,2,zone2,9,6,1,1,cloudy,33.37,84.74,680,4,1,0.709,139.44,148.8,178.38,109.6,0.97,0.2188,6,80.17,Waspada,0,normal,152.56,138.09,0.804
2025-06-29T09:30:00,5,zone5,9,6,1,2,rain,30.4,76.16,360,2,1,0.744,107.9,167.11,205.33,155.89,0.35,0.4642,8,96.62,Bahaya,1,density_spike,157.78,98.0,3.321
2025-06-29T09:45:00,2,zone2,9,6,1,1,cloudy,29.67,76.04,680,4,0,0.128,174.07,178.05,188.88,88.9,0.47,0.2618,3,76.81,Aman,0,normal,193.06,175.88,0.814
2025-06-29T10:00:00,2,zone2,10,6,1,1,cloudy,26.74,62.87,680,4,0,0.046,138.98,115.9,138.69,5.76,1.155,0.1704,6,73.2,Aman,0,normal,101.84,130.23,1.577
2025-06-29T10:15:00,2,zone2,10,6,1,1,cloudy,25.91,81.35,680,4,0,0.13,141.7,173.94,162.05,65.11,1.144,0.2558,6,75.64,Aman,0,normal,161.95,157.83,0.218
2025-06-29T10:30:00,1,zone1,10,6,1,0,clear,33.42,75.84,520,3,0,0.119,212.76,243.11,232.14,72.49,0.915,0.4675,4,64.26,Waspada,0,normal,216.41,234.82,0.653
2025-06-29T10:45:00,3,zone3,10,6,1,3,storm,28.53,84.06,430,2,0,0.175,113.69,97.45,81.31,77.3,0.956,0.2266,6,78.12,Aman,0,normal,88.26,127.28,2.168
2025-06-29T11:00:00,4,zone4,11,6,1,0,clear,26.71,66.27,810,5,0,0.025,156.05,155.37,116.85,43.3,0.955,0.1918,3,67.03,Aman,0,normal,166.37,145.12,1.181
2025-06-29T11:15:00,5,zone5,11,6,1,0,clear,33.9,79.49,360,2,0,0.077,82.02,57.45,66.53,47.96,0.989,0.1596,3,66.25,Aman,0,normal,48.34,84.31,1.999
2025-06-29T11:30:00,5,zone5,11,6,1,2,rain,27.79,90.49,360,2,0,0.092,116.01,85.03,101.73,58.5,0.99,0.2362,4,74.09,Aman,0,normal,75.78,117.59,2.323
2025-06-29T11:45:00,1,zone1,11,6,1,0,clear,29.95,74.68,520,3,0,0.03,204.4,202.82,210.02,70.8,0.962,0.39,3,72.02,Aman,0,normal,229.9,191.45,1.674
2025-06-29T12:00:00,4,zone4,12,6,1,3,storm,27.73,83.14,810,5,0,0.173,107.76,81.96,100.73,58.47,1.053,0.1012,2,57.42,Aman,0,normal,92.75,116.91,1.343
2025-06-29T12:15:00,2,zone2,12,6,1,0,clear,34.9,81.36,680,4,1,0.89,278.79,367.91,394.93,174.35,0.977,0.541,6,81.98,Bahaya,0,normal,351.23,264.48,2.733
2025-06-29T12:30:00,1,zone1,12,6,1,0,clear,27.46,75.31,520,3,0,0.055,169.59,156.8,209.91,46.33,1.055,0.3015,6,67.71,Aman,0,normal,180.7,153.61,1.47
2025-06-29T12:45:00,3,zone3,12,6,1,0,clear,29.35,52.46,430,2,0,0.061,109.35,154.79,125.8,70.8,1.056,0.36,5,72.07,Aman,0,normal,159.09,117.52,2.309
2025-06-29T13:00:00,2,zone2,13,6,1,0,clear,28.37,53.02,680,4,0,0.087,140.2,133.86,122.54,62.92,1.035,0.1969,5,60.09,Aman,0,normal,134.37,134.24,0.007
2025-06-29T13:15:00,5,zone5,13,6,1,2,rain,32.09,79.62,360,2,0,0.154,93.2,62.48,91.76,74.93,1.304,0.1736,5,68.38,Aman,0,normal,86.4,84.26,0.118
2025-06-29T13:30:00,5,zone5,13,6,1,1,cloudy,27.89,75.32,360,2,1,0.657,152.38,177.89,194.43,145.55,0.614,0.4941,5,84.16,Bahaya,0,normal,204.02,161.92,2.167
2025-06-29T13:45:00,3,zone3,13,6,1,0,clear,31.47,82.39,430,2,1,0.986,205.05,292.0,334.71,171.13,0.781,0.6791,7,97.75,Bahaya,1,density_spike,283.3,188.43,4.196
2025-06-29T14:00:00,2,zone2,14,6,1,2,rain,31.46,87.9,680,4,0,0.051,136.01,98.44,89.41,49.96,1.426,0.1448,8,68.98,Aman,0,normal,95.59,123.92,1.574
2025-06-29T14:15:00,3,zone3,14,6,1,0,clear,34.74,57.21,430,2,0,0.033,108.87,117.37,142.7,74.92,1.03,0.273,3,69.66,Aman,0,normal,134.5,113.42,1.171
2025-06-29T14:30:00,5,zone5,14,6,1,1,cloudy,26.22,68.18,360,2,0,0.083,57.46,65.91,46.95,51.88,1.184,0.1831,3,75.5,Aman,0,normal,70.18,64.18,0.334
2025-06-29T14:45:00,4,zone4,14,6,1,0,clear,29.23,62.88,810,5,0,0.014,155.65,175.46,164.31,88.83,0.714,0.2166,4,75.01,Aman,0,normal,171.77,171.3,0.023
2025-06-29T15:00:00,4,zone4,15,6,1,1,cloudy,30.37,71.23,810,5,0,0.061,123.08,128.53,95.44,74.4,1.337,0.1587,5,60.27,Aman,0,normal,121.82,116.26,0.309
2025-06-29T15:15:00,5,zone5,15,6,1,0,clear,34.42,55.35,360,2,0,0.056,80.46,92.15,99.93,65.94,1.113,0.256,7,62.44,Aman,0,normal,81.98,77.34,0.258
2025-06-29T15:30:00,2,zone2,15,6,1,0,clear,31.35,74.61,680,4,0,0.089,198.91,209.56,223.0,92.26,0.737,0.3082,8,70.37,Aman,0,normal,169.36,218.69,1.88
2025-06-29T15:45:00,2,zone2,15,6,1,0,clear,28.91,63.01,680,4,0,0.174,185.8,175.72,165.97,62.62,1.292,0.2584,2,65.21,Aman,0,normal,148.85,206.46,2.325
2025-06-29T16:00:00,3,zone3,16,6,1,0,clear,33.67,71.38,430,2,1,0.89,191.79,248.46,283.49,154.15,1.024,0.5778,5,91.58,Bahaya,1,density_spike,258.47,172.5,4.153
2025-06-29T16:15:00,2,zone2,16,6,1,1,cloudy,30.44,66.36,680,4,1,0.772,188.09,260.17,305.64,135.65,1.085,0.3826,7,84.08,Waspada,1,density_spike,255.89,178.75,3.596
2025-06-29T16:30:00,2,zone2,16,6,1,0,clear,33.25,66.1,680,4,0,0.125,96.4,79.04,64.39,81.84,1.114,0.1162,6,71.32,Aman,0,normal,90.9,92.48,0.088
2025-06-29T16:45:00,5,zone5,16,6,1,0,clear,31.8,57.12,360,2,0,0.131,154.06,200.13,218.36,76.65,0.968,0.5559,3,72.42,Waspada,1,density_spike,212.62,137.2,4.19
2025-06-29T17:00:00,4,zone4,17,6,1,1,cloudy,37.06,85.84,810,5,0,0.119,122.6,117.02,95.76,84.46,1.156,0.1445,2,66.38,Aman,0,normal,108.2,129.0,1.155
2025-06-29T17:15:00,2,zone2,17,6,1,2,rain,27.94,77.81,680,4,0,0.008,111.94,114.73,70.24,73.51,1.304,0.1687,3,68.29,Aman,0,normal,105.7,119.58,0.771
2025-06-29T17:30:00,4,zone4,17,6,1,1,cloudy,26.05,88.2,810,5,0,0.173,150.34,144.76,131.61,54.16,0.982,0.1787,8,71.79,Aman,0,normal,166.49,165.6,0.045
2025-06-29T17:45:00,5,zone5,17,6,1,0,clear,26.28,72.15,360,2,0,0.104,156.42,190.7,190.03,76.99,0.588,0.5297,4,73.01,Waspada,1,density_spike,208.54,147.11,3.412
2025-06-29T18:00:00,1,zone1,18,6,1,1,cloudy,28.24,78.16,520,3,0,0.063,184.48,183.35,198.08,79.64,0.844,0.3526,4,61.33,Aman,0,normal,168.67,169.76,0.053
2025-06-29T18:15:00,2,zone2,18,6,1,0,clear,29.14,54.84,680,4,0,0.112,91.88,105.13,130.61,43.93,0.925,0.1546,6,76.53,Aman,0,normal,135.96,93.72,2.346
2025-06-29T18:30:00,2,zone2,18,6,1,1,cloudy,28.46,80.9,680,4,0,0.169,235.31,243.53,281.96,82.64,0.454,0.3581,5,91.69,Waspada,1,density_spike,58.84,215.61,5.246
2025-06-29T18:45:00,5,zone5,18,6,1,1,cloudy,35.22,63.43,360,2,1,0.98,101.83,152.34,249.24,150.92,0.99,0.4232,7,86.58,Bahaya,0,normal,113.32,112.05,0.07
2025-06-29T19:00:00,3,zone3,19,6,1,0,clear,27.36,68.32,430,2,0,0.153,178.44,204.33,258.78,78.2,0.847,0.4752,8,72.88,Waspada,0,normal,210.19,162.21,2.465
2025-06-29T19:15:00,4,zone4,19,6,1,0,clear,36.46,76.19,810,5,0,0.024,145.37,146.77,145.01,77.05,1.017,0.1812,6,66.87,Aman,0,normal,148.82,135.39,0.746
2025-06-29T19:30:00,2,zone2,19,6,1,1,cloudy,33.01,90.61,680,4,1,0.869,242.16,318.35,412.87,149.56,0.703,0.4682,4,88.23,Bahaya,1,density_spike,299.09,215.47,3.234
2025-06-29T19:45:00,4,zone4,19,6,1,1,cloudy,26.71,75.75,810,5,0,0.167,152.8,162.19,232.3,74.95,0.983,0.2002,2,74.37,Aman,0,normal,139.41,138.33,0.06
2025-06-29T20:00:00,4,zone4,20,6,1,0,clear,29.4,74.43,810,5,1,0.919,133.63,226.45,310.21,159.66,0.895,0.2796,5,85.23,Waspada,1,density_spike,251.05,117.14,7.44
2025-06-29T20:15:00,5,zone5,20,6,1,0,clear,29.58,69.32,360,2,0,0.102,107.62,128.27,165.0,53.84,1.07,0.3563,5,63.22,Aman,0,normal,135.48,112.42,1.281
2025-06-29T20:30:00,3,zone3,20,6,1,3,storm,28.36,75.19,430,2,0,0.139,81.71,71.21,69.84,59.39,0.956,0.1656,7,69.25,Aman,0,normal,36.14,77.11,2.276
2025-06-29T20:45:00,1,zone1,20,6,1,0,clear,30.5,71.01,520,3,0,0.139,208.38,215.05,280.11,94.49,0.402,0.4136,2,101.78,Waspada,1,density_spike,51.55,206.47,4.417
2025-06-29T21:00:00,5,zone5,21,6,1,0,clear,29.78,70.02,360,2,0,0.098,105.22,129.33,175.16,38.27,0.887,0.3592,7,59.43,Aman,0,normal,144.93,104.29,2.258
2025-06-29T21:15:00,4,zone4,21,6,1,0,clear,31.27,61.37,810,5,0,0.113,139.89,141.04,163.19,60.0,1.181,0.1741,8,76.46,Aman,0,normal,143.01,144.74,0.096
2025-06-29T21:30:00,4,zone4,21,6,1,3,storm,25.46,84.55,810,5,0,0.024,92.41,112.09,168.62,73.4,0.995,0.1384,8,66.66,Aman,0,normal,129.45,95.58,1.882
2025-06-29T21:45:00,3,zone3,21,6,1,1,cloudy,30.51,68.96,430,2,0,0.043,172.98,152.15,223.24,71.88,0.97,0.3538,6,60.36,Aman,0,normal,129.27,179.46,2.331
2025-06-29T22:00:00,1,zone1,22,6,1,0,clear,27.59,88.69,520,3,0,0.17,188.29,180.92,177.03,82.4,0.956,0.3479,4,80.75,Waspada,0,normal,203.96,189.9,0.617
2025-06-29T22:15:00,3,zone3,22,6,1,1,cloudy,26.17,69.67,430,2,0,0.138,143.58,138.55,168.53,67.83,0.413,0.3222,2,107.66,Aman,1,density_spike,376.93,135.22,6.185
2025-06-29T22:30:00,1,zone1,22,6,1,1,cloudy,28.97,81.52,520,3,0,0.117,244.68,248.8,230.38,65.21,0.783,0.4785,7,72.03,Waspada,0,normal,250.5,257.21,0.217
2025-06-29T22:45:00,1,zone1,22,6,1,1,cloudy,31.82,76.01,520,3,0,0.146,208.21,219.18,245.66,91.25,0.912,0.4215,6,67.29,Waspada,0,normal,225.09,180.94,2.033
2025-06-29T23:00:00,1,zone1,23,6,1,0,clear,30.48,72.55,520,3,0,0.109,125.61,142.15,145.86,13.43,1.414,0.2734,8,50.48,Aman,0,normal,179.02,129.5,2.751
2025-06-29T23:15:00,4,zone4,23,6,1,1,cloudy,30.4,68.34,810,5,1,0.868,164.65,227.02,288.82,151.14,0.795,0.2803,5,87.39,Waspada,0,normal,209.31,177.12,1.515
2025-06-29T23:30:00,2,zone2,23,6,1,0,clear,32.49,59.15,680,4,0,0.125,187.75,165.67,131.27,85.63,1.196,0.2436,6,58.49,Aman,0,normal,162.09,190.66,1.249
2025-06-29T23:45:00,2,zone2,23,6,1,0,clear,32.55,61.37,680,4,1,0.456,177.51,205.04,228.59,130.57,1.327,0.3015,8,68.74,Waspada,0,normal,188.03,179.59,0.392
2025-06-30T00:00:00,4,zone4,0,0,0,0,clear,34.74,65.07,810,5,0,0.047,44.45,68.77,56.03,55.76,0.952,0.0849,7,58.15,Aman,0,normal,65.35,39.21,1.452
2025-06-30T00:15:00,5,zone5,0,0,0,0,clear,31.52,81.17,360,2,1,0.759,20.03,78.9,86.12,116.72,1.008,0.2192,7,73.86,Waspada,0,normal,54.07,22.1,1.776
2025-06-30T00:30:00,1,zone1,0,0,0,0,clear,31.18,61.81,520,3,0,0.015,149.46,152.08,147.33,48.15,0.259,0.2925,6,100.21,Aman,1,density_spike,361.06,148.35,5.346
2025-06-30T00:45:00,2,zone2,0,0,0,1,cloudy,29.96,71.02,680,4,0,0.169,48.13,64.77,77.18,52.29,1.494,0.0952,3,58.49,Aman,0,normal,66.66,51.13,0.863
2025-06-30T01:00:00,3,zone3,1,0,0,1,cloudy,28.97,77.41,430,2,0,0.145,72.98,83.74,132.93,20.58,1.074,0.1947,8,66.65,Aman,0,normal,105.4,68.35,2.058
2025-06-30T01:15:00,1,zone1,1,0,0,0,clear,31.16,69.06,520,3,0,0.149,165.17,194.45,165.32,75.27,1.203,0.3739,4,84.81,Waspada,0,normal,191.06,178.1,0.606
2025-06-30T01:30:00,4,zone4,1,0,0,1,cloudy,29.98,84.77,810,5,0,0.145,74.3,88.79,87.24,68.93,1.069,0.1096,3,70.96,Aman,0,normal,115.24,70.37,2.493
2025-06-30T01:45:00,5,zone5,1,0,0,0,clear,32.25,68.17,360,2,0,0.052,126.45,167.31,191.97,67.49,0.897,0.4648,3,73.24,Waspada,1,density_spike,173.56,109.07,3.583
2025-06-30T02:00:00,4,zone4,2,0,0,0,clear,26.26,82.09,810,5,0,0.115,80.23,98.35,91.44,55.79,1.024,0.1214,4,71.19,Aman,0,normal,92.71,71.19,1.196
2025-06-30T02:15:00,5,zone5,2,0,0,0,clear,28.8,76.35,360,2,0,0.148,135.26,152.34,139.06,107.67,0.774,0.4232,4,71.47,Waspada,0,normal,137.25,137.21,0.002
2025-06-30T02:30:00,3,zone3,2,0,0,0,clear,33.86,67.74,430,2,0,0.162,27.07,40.5,44.0,66.63,1.445,0.0942,5,73.29,Aman,0,normal,38.98,23.29,0.872
2025-06-30T02:45:00,3,zone3,2,0,0,0,clear,34.33,79.52,430,2,0,0.125,114.79,121.07,130.45,59.18,1.186,0.2816,4,70.42,Aman,0,normal,97.6,122.51,1.384
2025-06-30T03:00:00,3,zone3,3,0,0,2,rain,28.86,92.32,430,2,0,0.11,72.09,112.54,87.56,64.46,1.123,0.2617,6,75.56,Aman,0,normal,96.0,75.17,1.157
2025-06-30T03:15:00,2,zone2,3,0,0,1,cloudy,29.94,69.9,680,4,0,0.087,74.18,70.66,4,49.11,0.518,0.1039,4,81.92,Aman,0,normal,112.17,82.51,1.647
2025-06-30T03:30:00,1,zone1,3,0,0,1,cloudy,27.22,80.47,520,3,0,0.122,143.94,152.04,162.52,76.37,1.181,0.2924,3,71.56,Aman,0,normal,138.84,126.36,0.693
2025-06-30T03:45:00,1,zone1,3,0,0,2,rain,28.9,98,520,3,0,0.042,104.86,68.71,49.39,30.01,1.088,0.1321,5,76.6,Aman,0,normal,118.57,104.66,0.773
2025-06-30T04:00:00,2,zone2,4,0,0,3,storm,26.46,83.38,680,4,0,0.064,117.2,74.94,124.98,44.13,1.207,0.1102,6,84.2,Aman,0,normal,97.14,124.13,1.5
2025-06-30T04:15:00,3,zone3,4,0,0,1,cloudy,28.1,70.53,430,2,0,0.124,53.0,50.7,46.48,61.34,1.217,0.1179,6,76.21,Aman,0,normal,74.72,55.37,1.075
2025-06-30T04:30:00,2,zone2,4,0,0,1,cloudy,31.11,71.46,680,4,1,0.59,166.35,184.02,223.53,104.68,1.1,0.2706,3,89.05,Waspada,0,normal,186.43,173.87,0.602
2025-06-30T04:45:00,3,zone3,4,0,0,0,clear,31.32,65.25,430,2,0,0.102,58.17,69.35,83.11,60.72,0.793,0.1613,8,76.72,Aman,0,normal,73.53,60.32,0.734
2025-06-30T05:00:00,4,zone4,5,0,0,0,clear,29.54,61.13,810,5,0,0.04,92.22,121.11,101.07,33.21,1.137,0.1495,4,67.23,Aman,0,normal,142.68,93.05,2.758
2025-06-30T05:15:00,1,zone1,5,0,0,2,rain,27.02,84.67,520,3,0,0.089,124.94,131.06,122.82,55.15,1.035,0.252,3,80.37,Aman,0,normal,128.63,128.85,0.013
2025-06-30T05:30:00,2,zone2,5,0,0,3,storm,29.08,88.85,680,4,0,0.112,108.94,93.9,62.86,42.63,0.939,0.1381,6,70.65,Aman,0,normal,71.9,115.62,2.429
2025-06-30T05:45:00,4,zone4,5,0,0,0,clear,32.59,73.75,810,5,0,0.01,93.23,88.15,83.67,40.84,1.639,0.1088,8,73.8,Aman,0,normal,98.35,83.24,0.839
2025-06-30T06:00:00,2,zone2,6,0,0,0,clear,31.37,71.19,680,4,0,0.017,151.06,154.4,127.06,68.63,0.921,0.2271,6,49.88,Aman,0,normal,155.65,168.94,0.655
2025-06-30T06:15:00,1,zone1,6,0,0,1,cloudy,31.19,86.85,520,3,0,0.144,174.52,191.53,201.19,99.33,0.683,0.3683,2,67.77,Waspada,0,normal,188.75,158.88,1.567
2025-06-30T06:30:00,2,zone2,6,0,0,0,clear,31.72,67.2,680,4,0,0.025,168.32,158.14,162.89,86.95,1.159,0.2326,3,68.67,Aman,0,normal,163.87,146.38,0.972
2025-06-30T06:45:00,2,zone2,6,0,0,1,cloudy,29.32,62.06,680,4,0,0.179,76.51,63.95,107.5,67.3,1.023,0.0941,8,64.81,Aman,0,normal,64.44,67.33,0.161
2025-06-30T07:00:00,3,zone3,7,0,0,0,clear,30.1,48,430,2,0,0.171,93.32,113.81,166.51,66.64,1.128,0.2647,3,77.42,Aman,0,normal,79.9,86.46,0.364
2025-06-30T07:15:00,2,zone2,7,0,0,0,clear,30.26,71.15,680,4,0,0.087,157.93,157.55,177.36,96.21,0.359,0.2317,8,105.49,Aman,1,density_spike,426.26,142.83,5.523
2025-06-30T07:30:00,3,zone3,7,0,0,0,clear,33.21,63.68,430,2,0,0.009,61.37,64.78,91.35,36.8,0.912,0.1506,3,75.69,Aman,0,normal,19.12,60.95,2.323
2025-06-30T07:45:00,4,zone4,7,0,0,0,clear,30.81,54.05,810,5,0,0.152,107.16,136.07,119.99,70.69,0.559,0.168,8,84.97,Aman,1,density_spike,213.6,97.28,3.171
2025-06-30T08:00:00,4,zone4,8,0,0,1,cloudy,26.94,85.47,810,5,0,0.127,62.1,55.4,41.14,55.02,1.159,0.0684,4,66.86,Aman,0,normal,40.42,68.74,1.574
2025-06-30T08:15:00,4,zone4,8,0,0,0,clear,28.66,58.47,810,5,0,0.103,116.53,120.38,105.42,52.4,1.249,0.1486,3,77.65,Aman,0,normal,131.94,109.41,1.252
2025-06-30T08:30:00,2,zone2,8,0,0,1,cloudy,27.52,68.62,680,4,0,0.093,82.33,80.73,64.74,84.62,1.311,0.1187,8,62.54,Aman,0,normal,109.59,87.98,1.2
2025-06-30T08:45:00,5,zone5,8,0,0,0,clear,34.61,76.74,360,2,0,0.098,62.2,44.04,59.42,73.76,1.046,0.1223,4,77.88,Aman,0,normal,18.93,64.48,2.53
2025-06-30T09:00:00,3,zone3,9,0,0,0,clear,34.02,75.62,430,2,1,0.843,124.73,172.61,222.81,154.29,1.232,0.4014,7,95.9,Bahaya,0,normal,154.92,138.45,0.915
2025-06-30T09:15:00,3,zone3,9,0,0,0,clear,29.79,70.97,430,2,0,0.153,149.79,171.92,178.31,81.35,1.153,0.3998,3,70.67,Waspada,0,normal,166.8,140.96,1.436
2025-06-30T09:30:00,1,zone1,9,0,0,1,cloudy,34.43,62.39,520,3,0,0.128,161.17,155.38,176.95,74.13,0.836,0.2988,5,66.42,Aman,0,normal,151.28,145.04,0.346
2025-06-30T09:45:00,5,zone5,9,0,0,0,clear,30.19,64.48,360,2,1,0.5,42.46,79.21,108.66,94.58,1.363,0.22,2,76.61,Waspada,1,density_spike,115.04,43.04,4.0
2025-06-30T10:00:00,4,zone4,10,0,0,1,cloudy,27.43,77.01,810,5,0,0.039,154.3,142.91,145.67,38.74,0.943,0.1764,5,65.85,Aman,0,normal,121.86,133.35,0.638
2025-06-30T10:15:00,4,zone4,10,0,0,0,clear,27.82,74.88,810,5,1,0.777,159.24,225.2,264.56,118.3,1.217,0.278,8,85.14,Waspada,1,density_spike,226.28,140.83,4.748
2025-06-30T10:30:00,3,zone3,10,0,0,1,cloudy,30.08,62.08,430,2,0,0.007,113.02,97.24,124.31,34.9,1.137,0.2261,7,73.73,Aman,0,normal,102.45,122.88,1.135
2025-06-30T10:45:00,1,zone1,10,0,0,0,clear,30.83,63.15,520,3,0,0.014,160.58,155.07,147.39,47.96,1.128,0.2982,4,70.63,Aman,0,normal,113.7,156.31,2.272
2025-06-30T11:00:00,4,zone4,11,0,0,2,rain,29.46,83.7,810,5,1,0.989,105.51,163.73,223.52,120.7,0.777,0.2021,6,90.97,Waspada,0,normal,139.72,93.81,2.55
2025-06-30T11:15:00,5,zone5,11,0,0,2,rain,28.59,86.91,360,2,0,0.07,106.97,97.82,103.77,58.05,1.016,0.2717,8,75.2,Aman,0,normal,71.28,108.55,2.071
2025-06-30T11:30:00,1,zone1,11,0,0,3,storm,23.31,86.32,520,3,0,0.166,101.4,52.08,39.83,32.24,1.476,0.1002,4,67.39,Aman,0,normal,77.01,105.53,1.585
2025-06-30T11:45:00,1,zone1,11,0,0,3,storm,27.6,93.91,520,3,0,0.025,95.11,71.9,48.65,48.9,1.33,0.1383,3,63.17,Aman,0,normal,92.21,94.1,0.105
2025-06-30T12:00:00,2,zone2,12,0,0,0,clear,30.61,65.34,680,4,0,0.072,96.05,84.06,94.55,54.95,0.96,0.1236,8,56.09,Aman,0,normal,72.64,89.6,0.942
2025-06-30T12:15:00,4,zone4,12,0,0,0,clear,28.91,63.25,810,5,0,0.035,94.18,130.5,105.86,45.9,1.032,0.1611,7,61.62,Aman,0,normal,143.59,101.48,2.339
2025-06-30T12:30:00,4,zone4,12,0,0,0,clear,29.11,69.43,810,5,0,0.143,59.51,80.01,100.52,40.31,1.382,0.0988,4,61.58,Aman,0,normal,60.43,66.4,0.332
2025-06-30T12:45:00,3,zone3,12,0,0,3,storm,25.74,98,430,2,0,0.115,182.85,159.67,113.86,55.49,1.131,0.3713,2,69.04,Aman,0,normal,152.81,166.64,0.691
2025-06-30T13:00:00,5,zone5,13,0,0,1,cloudy,31.59,67.71,360,2,0,0.152,112.37,88.93,116.04,87.31,1.154,0.247,5,72.67,Aman,0,normal,73.58,118.73,2.508
2025-06-30T13:15:00,3,zone3,13,0,0,1,cloudy,29.76,74.36,430,2,0,0.052,95.24,81.26,108.63,44.98,1.012,0.189,7,60.15,Aman,0,normal,52.28,87.7,1.967
2025-06-30T13:30:00,5,zone5,13,0,0,0,clear,28.91,68.56,360,2,0,0.036,121.73,168.29,173.93,70.41,0.932,0.4675,3,76.23,Waspada,0,normal,173.61,120.98,2.924
2025-06-30T13:45:00,5,zone5,13,0,0,3,storm,32.13,84.3,360,2,0,0.147,72.03,48.02,38.5,65.63,1.089,0.1334,2,73.33,Aman,0,normal,25.98,61.96,1.999
2025-06-30T14:00:00,4,zone4,14,0,0,1,cloudy,28.37,65.49,810,5,1,0.786,111.12,138.93,223.09,130.12,1.172,0.1715,2,91.46,Waspada,0,normal,130.91,98.69,1.79
2025-06-30T14:15:00,2,zone2,14,0,0,1,cloudy,30.68,76.11,680,4,0,0.013,128.89,92.77,97.59,45.34,1.173,0.1364,8,55.92,Aman,0,normal,69.72,123.05,2.963
2025-06-30T14:30:00,4,zone4,14,0,0,2,rain,27.03,71.32,810,5,0,0.141,99.87,79.24,131.99,70.38,1.095,0.0978,2,58.98,Aman,0,normal,89.6,93.55,0.219
2025-06-30T14:45:00,2,zone2,14,0,0,1,cloudy,28.21,70.34,680,4,0,0.06,120.61,131.51,153.5,42.51,0.935,0.1934,8,76.8,Aman,0,normal,97.99,131.04,1.837
2025-06-30T15:00:00,4,zone4,15,0,0,1,cloudy,29.11,70.8,810,5,0,0.018,98.87,94.19,69.18,80.32,0.801,0.1163,8,66.16,Aman,0,normal,123.21,87.83,1.966
2025-06-30T15:15:00,3,zone3,15,0,0,0,clear,29.39,66.79,430,2,0,0.143,42.17,61.33,34.45,69.59,1.046,0.1426,3,74.76,Aman,0,normal,48.66,44.45,0.234
2025-06-30T15:30:00,3,zone3,15,0,0,1,cloudy,27.65,75.68,430,2,0,0.097,91.46,103.58,129.34,65.73,0.988,0.2409,6,64.19,Aman,0,normal,118.7,99.52,1.066
2025-06-30T15:45:00,2,zone2,15,0,0,1,cloudy,27.23,84.37,680,4,0,0.109,151.96,128.03,119.27,80.41,1.474,0.1883,4,77.25,Aman,0,normal,132.59,141.74,0.508
2025-06-30T16:00:00,1,zone1,16,0,0,0,clear,32.61,68.04,520,3,0,0.11,164.71,138.21,121.3,69.13,1.045,0.2658,7,68.31,Aman,0,normal,131.33,156.48,1.34
2025-06-30T16:15:00,2,zone2,16,0,0,3,storm,29.57,88.7,680,4,0,0.032,47.96,24.55,44.35,46.05,1.636,0.0361,8,62.97,Aman,0,normal,17.35,45.57,1.568
2025-06-30T16:30:00,2,zone2,16,0,0,1,cloudy,28.07,69.63,680,4,0,0.033,104.36,104.84,115.82,35.4,1.129,0.1542,8,70.59,Aman,0,normal,123.35,104.16,1.066
2025-06-30T16:45:00,1,zone1,16,0,0,1,cloudy,30.88,64.17,520,3,0,0.08,103.7,101.26,115.84,39.51,1.052,0.1947,4,69.91,Aman,0,normal,106.95,100.75,0.345
2025-06-30T17:00:00,2,zone2,17,0,0,0,clear,34.02,65.59,680,4,0,0.086,163.48,176.13,162.25,43.17,0.889,0.259,6,66.72,Aman,0,normal,155.46,142.99,0.693
2025-06-30T17:15:00,2,zone2,17,0,0,0,clear,27.29,72.78,680,4,0,0.164,188.51,186.99,196.31,68.75,0.93,0.275,2,79.02,Aman,0,normal,187.02,169.04,0.887
2025-06-30T17:30:00,5,zone5,17,0,0,1,cloudy,25.66,70.98,360,2,0,0.101,71.82,50.49,65.91,60.89,0.968,0.1403,2,61.86,Aman,0,normal,55.34,79.39,1.336
2025-06-30T17:45:00,5,zone5,17,0,0,1,cloudy,30.48,68.92,360,2,0,0.115,84.44,38.7,27.75,51.62,0.951,0.1075,6,58.05,Aman,0,normal,55.63,77.81,1.233
2025-06-30T18:00:00,1,zone1,18,0,0,0,clear,31.41,62.1,520,3,0,0.115,183.12,195.17,206.01,93.22,1.036,0.3753,7,61.18,Waspada,0,normal,195.2,191.56,0.158
2025-06-30T18:15:00,3,zone3,18,0,0,1,cloudy,32.81,64.67,430,2,0,0.156,87.95,79.6,83.84,56.82,1.171,0.1851,7,69.23,Aman,0,normal,65.57,89.82,1.347
2025-06-30T18:30:00,1,zone1,18,0,0,1,cloudy,25.88,66.29,520,3,0,0.052,163.46,198.59,237.78,66.53,0.797,0.3819,8,58.3,Aman,0,normal,155.96,159.73,0.197
2025-06-30T18:45:00,3,zone3,18,0,0,2,rain,28.44,87.82,430,2,0,0.135,110.51,116.28,126.35,74.79,1.12,0.2704,8,79.58,Aman,0,normal,80.14,102.0,1.215
2025-06-30T19:00:00,1,zone1,19,0,0,0,clear,26.74,48,520,3,0,0.083,145.86,176.83,206.26,67.34,1.186,0.3401,2,74.75,Aman,0,normal,194.88,141.66,2.957
2025-06-30T19:15:00,3,zone3,19,0,0,0,clear,31.94,62.51,430,2,0,0.128,141.86,168.66,199.09,55.96,0.833,0.3922,8,59.06,Aman,1,density_spike,203.24,140.31,3.496
2025-06-30T19:30:00,3,zone3,19,0,0,0,clear,34.08,66.27,430,2,0,0.003,123.84,147.35,148.99,51.89,0.383,0.3427,8,86.33,Aman,1,density_spike,281.89,134.89,4.614
2025-06-30T19:45:00,5,zone5,19,0,0,0,clear,31.85,82.08,360,2,0,0.122,86.3,99.37,130.8,80.57,1.174,0.276,8,76.48,Aman,0,normal,115.46,84.94,1.696
2025-06-30T20:00:00,1,zone1,20,0,0,0,clear,30.55,64.19,520,3,1,0.916,264.1,331.91,439.7,162.98,0.348,0.6383,5,82.96,Bahaya,1,density_spike,345.73,249.06,3.235
2025-06-30T20:15:00,1,zone1,20,0,0,0,clear,31.27,63.85,520,3,0,0.111,219.41,252.25,327.14,94.93,0.602,0.4851,4,76.07,Waspada,0,normal,248.17,200.46,1.984
2025-06-30T20:30:00,4,zone4,20,0,0,2,rain,23.41,77.69,810,5,0,0.021,82.76,35.13,4,46.97,1.312,0.0434,4,68.76,Aman,0,normal,31.44,81.76,2.795
2025-06-30T20:45:00,2,zone2,20,0,0,0,clear,31.2,60.94,680,4,0,0.076,149.04,163.99,207.01,71.91,1.133,0.2412,2,66.4,Aman,0,normal,145.6,148.91,0.184
2025-06-30T21:00:00,2,zone2,21,0,0,0,clear,32.72,58.9,680,4,0,0.06,149.08,156.06,123.33,70.32,0.852,0.2295,6,70.44,Aman,0,normal,147.7,153.24,0.301
2025-06-30T21:15:00,3,zone3,21,0,0,0,clear,32.5,72.13,430,2,0,0.153,181.95,167.87,208.6,60.69,0.91,0.3904,8,68.6,Waspada,0,normal,188.99,179.64,0.434
2025-06-30T21:30:00,1,zone1,21,0,0,2,rain,26.4,77.12,520,3,0,0.039,176.55,167.56,189.57,45.32,0.775,0.3222,4,60.91,Aman,0,normal,162.62,194.06,1.35
2025-06-30T21:45:00,3,zone3,21,0,0,0,clear,34.67,60.49,430,2,0,0.014,103.31,119.37,171.51,38.85,0.868,0.2776,7,67.72,Aman,1,density_spike,157.31,91.19,3.673
2025-06-30T22:00:00,4,zone4,22,0,0,2,rain,21.56,89.07,810,5,0,0.131,66.1,43.82,59.91,40.72,1.245,0.0541,8,69.19,Aman,0,normal,57.11,65.42,0.462
2025-06-30T22:15:00,2,zone2,22,0,0,3,storm,24.09,86.06,680,4,0,0.122,104.29,82.81,94.9,83.63,0.864,0.1218,7,65.14,Aman,0,normal,84.68,110.63,1.442
2025-06-30T22:30:00,2,zone2,22,0,0,3,storm,24.07,80.78,680,4,1,0.457,121.03,123.56,142.05,78.94,1.113,0.1817,7,63.9,Aman,0,normal,107.17,119.37,0.677
2025-06-30T22:45:00,1,zone1,22,0,0,0,clear,26.81,69.22,520,3,0,0.079,107.12,135.44,115.34,96.32,1.32,0.2605,4,55.82,Aman,0,normal,135.86,109.45,1.467
2025-06-30T23:00:00,5,zone5,23,0,0,3,storm,25.76,80.8,360,2,0,0.09,8,4,4,69.03,1.16,0.0111,8,62.25,Aman,0,normal,14.84,8.88,0.331
2025-06-30T23:15:00,5,zone5,23,0,0,0,clear,27.63,64.2,360,2,0,0.128,56.17,73.05,48.67,43.09,1.022,0.2029,2,75.7,Aman,0,normal,46.97,61.62,0.814
2025-06-30T23:30:00,4,zone4,23,0,0,1,cloudy,29.59,91.7,810,5,0,0.071,47.06,36.14,18.49,35.14,1.236,0.0446,3,61.04,Aman,0,normal,-3.69,44.53,2.679
2025-06-30T23:45:00,2,zone2,23,0,0,0,clear,31.32,71.89,680,4,0,0.136,44.01,36.3,49.85,90.98,0.319,0.0534,3,81.23,Aman,1,density_spike,62.04,43.3,6.167
2025-07-01T00:00:00,1,zone1,0,1,0,3,storm,27.59,97.64,520,3,0,0.142,75.01,48.19,49.37,36.73,1.137,0.0927,6,66.23,Aman,0,normal,67.85,72.28,0.246
2025-07-01T00:15:00,4,zone4,0,1,0,0,clear,29.73,48,810,5,0,0.115,115.51,110.58,137.98,55.64,1.176,0.1365,4,75.34,Aman,0,normal,132.03,127.4,0.257
2025-07-01T00:30:00,2,zone2,0,1,0,1,cloudy,31.16,87.36,680,4,0,0.148,127.84,108.19,73.84,102.3,1.46,0.1591,2,71.2,Aman,0,normal,113.92,129.12,0.844
2025-07-01T00:45:00,2,zone2,0,1,0,0,clear,31.33,72.3,680,4,0,0.081,96.18,99.45,86.86,57.58,1.346,0.1463,3,68.94,Aman,0,normal,89.6,84.28,0.296
2025-07-01T01:00:00,4,zone4,1,1,0,0,clear,31.91,72.09,810,5,0,0.162,28.11,61.01,69.7,28.73,0.842,0.0753,7,59.58,Aman,1,density_spike,90.06,26.33,3.541
2025-07-01T01:15:00,1,zone1,1,1,0,0,clear,31.72,48,520,3,0,0.024,175.89,168.27,159.93,49.17,0.661,0.3236,5,67.63,Aman,0,normal,146.35,177.21,1.451
2025-07-01T01:30:00,2,zone2,1,1,0,0,clear,24.85,73.73,680,4,0,0.119,93.09,119.09,160.35,81.22,0.44,0.1751,4,101.35,Aman,1,density_spike,234.3,84.21,4.081
2025-07-01T01:45:00,4,zone4,1,1,0,1,cloudy,26.32,54.85,810,5,0,0.15,89.48,95.79,124.71,56.39,0.967,0.1183,2,70.3,Aman,0,normal,100.68,90.69,0.555
2025-07-01T02:00:00,5,zone5,2,1,0,1,cloudy,31.68,82.93,360,2,0,0.13,34.44,8.58,12.23,51.48,1.413,0.0238,6,59.24,Aman,0,normal,4.41,36.21,1.767
2025-07-01T02:15:00,3,zone3,2,1,0,2,rain,29.87,79.27,430,2,1,0.983,106.87,137.31,178.96,147.2,0.817,0.3193,8,100.3,Waspada,0,normal,126.51,100.45,1.448
2025-07-01T02:30:00,5,zone5,2,1,0,0,clear,30.72,62.78,360,2,0,0.148,42.4,35.86,38.06,84.11,0.42,0.0996,7,97.17,Aman,1,density_spike,132.12,42.56,3.742
2025-07-01T02:45:00,4,zone4,2,1,0,0,clear,30.6,86.76,810,5,0,0.052,57.72,55.19,36.37,48.32,1.209,0.0681,3,65.69,Aman,0,normal,58.72,57.22,0.083
2025-07-01T03:00:00,2,zone2,3,1,0,0,clear,27.28,53.26,680,4,0,0.067,122.41,141.47,134.16,72.56,1.175,0.208,2,62.96,Aman,0,normal,168.32,115.31,2.945
2025-07-01T03:15:00,1,zone1,3,1,0,0,clear,31.92,76.72,520,3,0,0.119,118.79,141.54,176.67,64.64,1.257,0.2722,2,75.23,Aman,0,normal,94.94,104.0,0.503
2025-07-01T03:30:00,1,zone1,3,1,0,0,clear,29.53,72.78,520,3,0,0.095,75.46,76.78,74.7,80.64,1.074,0.1476,6,60.83,Aman,0,normal,59.32,76.73,0.967
2025-07-01T03:45:00,2,zone2,3,1,0,1,cloudy,25.14,69.44,680,4,0,0.037,50.91,40.98,16.01,55.67,0.996,0.0603,3,55.02,Aman,0,normal,36.35,45.76,0.523
2025-07-01T04:00:00,4,zone4,4,1,0,0,clear,33.42,56.98,810,5,0,0.078,108.32,104.46,109.49,66.05,1.04,0.129,8,58.74,Aman,0,normal,106.61,110.95,0.241
2025-07-01T04:15:00,3,zone3,4,1,0,0,clear,35.99,59.12,430,2,0,0.094,130.56,96.53,92.94,53.98,1.052,0.2245,3,74.61,Aman,0,normal,133.75,138.75,0.278
2025-07-01T04:30:00,1,zone1,4,1,0,0,clear,31.81,81.4,520,3,0,0.18,118.78,114.99,76.45,59.58,0.914,0.2211,7,69.31,Aman,0,normal,97.41,118.77,1.187
2025-07-01T04:45:00,5,zone5,4,1,0,0,clear,28.22,62.34,360,2,0,0.012,84.84,70.78,89.93,45.23,1.29,0.1966,8,67.79,Aman,0,normal,88.4,88.23,0.009
2025-07-01T05:00:00,4,zone4,5,1,0,0,clear,31.03,60.7,810,5,0,0.07,87.76,102.93,134.77,53.3,0.966,0.1271,2,66.22,Aman,0,normal,76.24,89.29,0.725
2025-07-01T05:15:00,1,zone1,5,1,0,0,clear,29.2,62.67,520,3,0,0.004,98.58,85.46,100.14,46.22,1.32,0.1643,3,67.12,Aman,0,normal,51.1,101.71,2.811
2025-07-01T05:30:00,1,zone1,5,1,0,0,clear,26.8,54.14,520,3,0,0.167,170.65,164.49,162.45,55.76,1.083,0.3163,2,66.25,Aman,0,normal,127.78,187.26,2.647
2025-07-01T05:45:00,5,zone5,5,1,0,0,clear,29.46,62.39,360,2,0,0.048,102.57,133.42,128.48,63.34,0.938,0.3706,4,69.85,Aman,0,normal,101.91,97.4,0.25
2025-07-01T06:00:00,3,zone3,6,1,0,0,clear,28.29,76.49,430,2,0,0.171,167.39,177.49,164.41,61.79,0.889,0.4128,7,68.69,Waspada,0,normal,184.53,163.3,1.083
2025-07-01T06:15:00,3,zone3,6,1,0,2,rain,30.06,81.62,430,2,0,0.121,101.67,86.15,103.34,61.55,1.088,0.2003,5,67.69,Aman,0,normal,91.2,109.82,1.034
2025-07-01T06:30:00,5,zone5,6,1,0,0,clear,34.77,59.87,360,2,0,0.079,109.06,92.92,101.57,50.64,0.823,0.2581,5,61.56,Aman,0,normal,56.23,97.11,2.271
2025-07-01T06:45:00,1,zone1,6,1,0,0,clear,25.6,63.6,520,3,0,0.01,174.3,199.64,156.87,43.35,0.583,0.3839,4,72.62,Aman,0,normal,193.79,176.43,0.82
2025-07-01T07:00:00,2,zone2,7,1,0,2,rain,26.65,81.55,680,4,0,0.064,113.72,110.59,138.21,73.19,0.882,0.1626,4,63.49,Aman,0,normal,94.05,121.5,1.525
2025-07-01T07:15:00,4,zone4,7,1,0,0,clear,28.79,67.85,810,5,0,0.038,82.67,70.44,63.87,28.73,1.058,0.087,2,60.38,Aman,0,normal,43.26,83.95,2.26
2025-07-01T07:30:00,1,zone1,7,1,0,2,rain,31.02,79.26,520,3,0,0.038,123.29,102.64,126.74,80.13,1.043,0.1974,6,65.46,Aman,0,normal,131.4,132.55,0.064
2025-07-01T07:45:00,5,zone5,7,1,0,0,clear,28.29,62.0,360,2,0,0.012,74.8,39.4,26.13,51.63,0.317,0.1094,8,90.91,Aman,1,density_spike,136.46,82.59,3.68
2025-07-01T08:00:00,1,zone1,8,1,0,0,clear,32.02,54.34,520,3,1,0.661,241.09,275.68,290.21,127.0,0.769,0.5301,7,82.06,Bahaya,0,normal,262.61,240.45,0.768
2025-07-01T08:15:00,1,zone1,8,1,0,0,clear,27.76,69.84,520,3,0,0.173,186.18,200.52,252.33,84.81,0.325,0.3856,4,98.17,Waspada,1,density_spike,386.98,201.0,3.886
2025-07-01T08:30:00,1,zone1,8,1,0,0,clear,26.39,55.62,520,3,0,0.041,173.55,173.93,120.28,105.05,0.431,0.3345,4,60.26,Waspada,0,normal,180.49,165.53,0.753
2025-07-01T08:45:00,2,zone2,8,1,0,2,rain,30.71,79.92,680,4,1,0.667,121.76,126.06,185.75,134.67,0.828,0.1854,2,86.84,Waspada,0,normal,93.99,125.09,1.728
2025-07-01T09:00:00,4,zone4,9,1,0,0,clear,29.34,51.12,810,5,0,0.103,56.74,68.09,71.11,63.45,1.014,0.0841,3,70.2,Aman,0,normal,80.03,61.24,1.044
2025-07-01T09:15:00,1,zone1,9,1,0,1,cloudy,25.5,80.52,520,3,0,0.102,171.59,143.21,169.49,60.09,1.038,0.2754,5,56.41,Aman,0,normal,143.97,181.89,1.738
2025-07-01T09:30:00,3,zone3,9,1,0,1,cloudy,27.64,78.02,430,2,0,0.015,99.78,87.61,64.82,56.38,1.033,0.2037,5,74.71,Aman,0,normal,97.07,100.14,0.17
2025-07-01T09:45:00,1,zone1,9,1,0,1,cloudy,31.26,74.56,520,3,0,0.044,84.69,71.44,80.12,9.59,1.18,0.1374,8,67.44,Aman,0,normal,83.72,92.26,0.475
2025-07-01T10:00:00,3,zone3,10,1,0,1,cloudy,23.15,76.47,430,2,0,0.075,141.62,124.32,101.3,70.35,1.022,0.2891,6,69.6,Aman,0,normal,98.22,135.06,2.047
2025-07-01T10:15:00,2,zone2,10,1,0,0,clear,34.96,65.96,680,4,0,0.15,126.11,144.1,149.62,63.29,1.203,0.2119,6,76.34,Aman,0,normal,140.45,111.95,1.584
2025-07-01T10:30:00,4,zone4,10,1,0,0,clear,30.39,59.25,810,5,0,0.128,168.65,159.58,173.36,32.58,1.449,0.197,2,77.44,Aman,0,normal,161.74,172.87,0.537
2025-07-01T10:45:00,4,zone4,10,1,0,0,clear,29.86,69.25,810,5,0,0.118,88.9,103.27,111.58,94.88,1.153,0.1275,4,63.1,Aman,0,normal,115.53,89.24,1.461
2025-07-01T11:00:00,3,zone3,11,1,0,1,cloudy,26.13,70.06,430,2,0,0.157,126.05,168.94,148.43,72.13,0.649,0.3929,6,70.03,Waspada,0,normal,162.48,115.9,2.588
2025-07-01T11:15:00,5,zone5,11,1,0,0,clear,29.38,71.34,360,2,0,0.033,137.6,135.67,172.4,49.72,0.905,0.3769,7,74.97,Aman,0,normal,119.99,126.69,0.372
2025-07-01T11:30:00,3,zone3,11,1,0,0,clear,30.7,74.71,430,2,1,0.656,158.79,213.54,235.31,118.79,1.033,0.4966,2,71.09,Waspada,0,normal,225.18,173.58,2.477
2025-07-01T11:45:00,3,zone3,11,1,0,0,clear,34.14,75.68,430,2,0,0.104,144.56,157.18,168.08,70.03,0.595,0.3655,7,78.93,Aman,0,normal,170.73,156.93,0.733
2025-07-01T12:00:00,2,zone2,12,1,0,0,clear,28.0,63.09,680,4,0,0.12,187.92,185.67,179.23,62.29,0.33,0.273,7,87.31,Aman,1,density_spike,290.68,162.35,3.705
2025-07-01T12:15:00,4,zone4,12,1,0,0,clear,30.89,60.77,810,5,0,0.073,109.65,87.04,67.11,63.34,1.193,0.1075,3,65.68,Aman,0,normal,94.14,95.37,0.068
2025-07-01T12:30:00,3,zone3,12,1,0,0,clear,32.69,82.03,430,2,0,0.171,168.47,205.24,184.19,75.38,0.832,0.4773,2,70.81,Waspada,0,normal,167.11,148.7,1.023
2025-07-01T12:45:00,4,zone4,12,1,0,0,clear,32.86,71.3,810,5,0,0.055,117.65,142.46,139.68,92.63,1.019,0.1759,2,63.66,Aman,0,normal,132.5,129.96,0.141
2025-07-01T13:00:00,3,zone3,13,1,0,3,storm,26.6,84.98,430,2,0,0.085,8,8.65,8.73,75.68,1.355,0.0201,7,66.23,Aman,0,normal,-16.08,8.17,1.347
2025-07-01T13:15:00,1,zone1,13,1,0,1,cloudy,27.68,72.96,520,3,0,0.062,152.63,138.79,149.86,75.61,0.863,0.2669,4,64.43,Aman,0,normal,139.91,153.05,0.715
2025-07-01T13:30:00,4,zone4,13,1,0,0,clear,29.44,65.36,810,5,0,0.131,60.58,67.31,73.23,79.71,1.314,0.0831,6,70.94,Aman,0,normal,73.35,59.48,0.771
2025-07-01T13:45:00,5,zone5,13,1,0,1,cloudy,32.78,74.51,360,2,0,0.003,93.78,98.33,88.06,42.1,1.152,0.2731,7,66.65,Aman,0,normal,128.28,83.69,2.477
2025-07-01T14:00:00,1,zone1,14,1,0,0,clear,30.85,69.21,520,3,0,0.086,190.62,200.38,204.07,56.54,1.313,0.3853,5,74.25,Aman,0,normal,213.38,188.53,1.099
2025-07-01T14:15:00,3,zone3,14,1,0,2,rain,28.2,77.01,430,2,0,0.117,50.37,37.78,48.44,36.83,1.22,0.0879,4,68.05,Aman,0,normal,10.02,48.11,2.116
2025-07-01T14:30:00,1,zone1,14,1,0,3,storm,26.76,81.69,520,3,0,0.062,138.53,110.61,116.21,70.46,1.024,0.2127,7,74.72,Aman,0,normal,114.67,134.78,1.117
2025-07-01T14:45:00,1,zone1,14,1,0,1,cloudy,28.83,70.25,520,3,0,0.112,159.26,121.65,131.88,59.78,1.016,0.2339,7,72.26,Aman,0,normal,109.05,169.73,2.979
2025-07-01T15:00:00,1,zone1,15,1,0,1,cloudy,33.56,81.99,520,3,0,0.076,236.92,224.99,231.19,84.38,0.873,0.4327,5,72.43,Waspada,0,normal,208.04,237.02,1.019
2025-07-01T15:15:00,5,zone5,15,1,0,0,clear,33.2,59.77,360,2,0,0.083,43.95,59.68,89.83,42.62,1.336,0.1658,4,70.46,Aman,0,normal,74.32,45.13,1.622
2025-07-01T15:30:00,4,zone4,15,1,0,0,clear,27.67,54.58,810,5,0,0.112,74.1,91.28,115.04,88.46,1.256,0.1127,6,50.55,Aman,0,normal,99.65,67.61,1.78
2025-07-01T15:45:00,4,zone4,15,1,0,0,clear,26.79,67.62,810,5,1,0.452,140.32,162.55,169.6,73.16,0.755,0.2007,6,70.62,Aman,0,normal,140.33,130.22,0.561
2025-07-01T16:00:00,3,zone3,16,1,0,1,cloudy,29.05,61.75,430,2,0,0.143,110.84,95.9,103.62,47.73,0.795,0.223,3,61.36,Aman,0,normal,86.73,123.29,2.031
2025-07-01T16:15:00,3,zone3,16,1,0,0,clear,27.38,67.74,430,2,0,0.035,100.13,102.79,135.85,55.8,0.525,0.239,2,91.19,Aman,1,density_spike,211.53,110.73,6.054
2025-07-01T16:30:00,2,zone2,16,1,0,3,storm,24.78,88.37,680,4,0,0.018,91.73,47.67,67.55,58.91,1.159,0.0701,8,66.42,Aman,0,normal,56.0,83.17,1.509
2025-07-01T16:45:00,3,zone3,16,1,0,0,clear,30.91,71.15,430,2,0,0.146,122.96,135.06,151.18,29.65,0.874,0.3141,2,76.67,Aman,0,normal,165.21,125.82,2.188
2025-07-01T17:00:00,2,zone2,17,1,0,0,clear,32.88,57.59,680,4,0,0.037,130.47,137.26,116.42,87.5,0.918,0.2018,5,67.51,Aman,0,normal,140.94,113.29,1.536
2025-07-01T17:15:00,3,zone3,17,1,0,1,cloudy,28.03,78.99,430,2,0,0.032,97.31,105.83,145.44,47.92,0.888,0.2461,4,66.33,Aman,0,normal,102.33,88.55,0.765
2025-07-01T17:30:00,5,zone5,17,1,0,1,cloudy,28.53,69.35,360,2,1,0.932,85.98,150.19,195.68,155.26,0.77,0.4172,4,95.12,Bahaya,0,normal,130.27,96.03,1.902
2025-07-01T17:45:00,2,zone2,17,1,0,1,cloudy,26.67,66.84,680,4,1,0.55,139.14,165.22,190.76,102.73,0.945,0.243,6,71.52,Waspada,0,normal,175.74,122.5,2.958
2025-07-01T18:00:00,1,zone1,18,1,0,0,clear,28.35,79.13,520,3,0,0.089,151.64,172.58,180.02,54.83,1.644,0.3319,7,78.85,Aman,0,normal,140.13,152.81,0.692
2025-07-01T18:15:00,3,zone3,18,1,0,0,clear,34.53,77.13,430,2,0,0.173,103.61,114.92,142.49,72.14,1.106,0.2673,4,66.3,Aman,0,normal,143.37,113.51,1.659
2025-07-01T18:30:00,4,zone4,18,1,0,0,clear,30.34,74.51,810,5,0,0.03,147.39,172.23,187.14,49.91,1.281,0.2126,8,62.41,Aman,0,normal,179.74,157.92,1.151
2025-07-01T18:45:00,4,zone4,18,1,0,0,clear,31.9,62.45,810,5,1,0.842,133.36,170.96,280.34,161.12,1.217,0.2111,4,80.45,Waspada,0,normal,158.33,127.3,1.724
2025-07-01T19:00:00,2,zone2,19,1,0,0,clear,32.69,84.4,680,4,0,0.079,174.68,183.62,250.09,74.88,1.141,0.27,5,72.46,Aman,0,normal,168.61,175.01,0.305
2025-07-01T19:15:00,4,zone4,19,1,0,1,cloudy,27.22,85.4,810,5,0,0.156,102.65,104.17,143.94,83.26,1.28,0.1286,8,73.57,Aman,0,normal,130.16,114.04,0.896
2025-07-01T19:30:00,1,zone1,19,1,0,0,clear,27.0,65.01,520,3,0,0.137,212.15,216.49,279.1,79.03,0.756,0.4163,7,60.85,Waspada,0,normal,202.61,214.7,0.469
2025-07-01T19:45:00,1,zone1,19,1,0,0,clear,29.62,48,520,3,0,0.011,239.42,225.93,238.97,54.76,0.77,0.4345,4,64.47,Aman,0,normal,187.46,254.68,2.2
2025-07-01T20:00:00,2,zone2,20,1,0,0,clear,32.62,54.58,680,4,0,0.081,154.85,173.11,171.39,48.65,1.026,0.2546,7,75.8,Aman,1,density_spike,219.68,138.26,4.523
2025-07-01T20:15:00,3,zone3,20,1,0,0,clear,29.15,60.76,430,2,0,0.167,152.13,178.15,185.3,52.5,1.085,0.4143,8,80.26,Waspada,0,normal,120.49,150.73,1.672
2025-07-01T20:30:00,5,zone5,20,1,0,0,clear,28.22,81.01,360,2,0,0.018,109.54,80.65,58.28,75.59,1.311,0.224,6,69.72,Aman,0,normal,112.79,94.25,1.03
2025-07-01T20:45:00,1,zone1,20,1,0,1,cloudy,28.16,69.27,520,3,0,0.064,191.05,199.89,211.46,61.2,0.938,0.3844,4,67.01,Aman,0,normal,203.66,206.3,0.107
2025-07-01T21:00:00,2,zone2,21,1,0,0,clear,30.53,68.09,680,4,0,0.096,170.11,168.95,208.6,25.47,0.95,0.2485,4,71.51,Aman,0,normal,162.24,152.41,0.538
2025-07-01T21:15:00,1,zone1,21,1,0,0,clear,32.9,83.22,520,3,0,0.034,160.21,133.49,141.99,51.93,1.377,0.2567,2,70.33,Aman,0,normal,137.21,141.59,0.243
2025-07-01T21:30:00,2,zone2,21,1,0,1,cloudy,30.77,82.08,680,4,0,0.135,169.08,185.07,217.64,74.55,0.999,0.2722,6,64.58,Aman,0,normal,167.72,189.23,0.947
2025-07-01T21:45:00,5,zone5,21,1,0,0,clear,28.97,71.86,360,2,1,0.902,100.15,174.39,292.05,127.78,1.024,0.4844,3,92.96,Bahaya,1,density_spike,167.47,88.31,4.398
2025-07-01T22:00:00,3,zone3,22,1,0,0,clear,32.39,55.81,430,2,0,0.115,154.4,143.84,156.62,46.07,0.943,0.3345,7,64.8,Aman,0,normal,137.8,155.59,0.953
2025-07-01T22:15:00,4,zone4,22,1,0,0,clear,29.36,86.13,810,5,0,0.18,67.82,92.38,126.52,15.26,1.168,0.1141,5,68.53,Aman,0,normal,102.66,74.72,1.552
2025-07-01T22:30:00,1,zone1,22,1,0,0,clear,31.22,65.35,520,3,1,0.619,227.92,271.2,336.06,114.47,1.074,0.5215,3,83.9,Waspada,0,normal,270.07,207.24,2.526
2025-07-01T22:45:00,1,zone1,22,1,0,1,cloudy,29.01,68.88,520,3,0,0.171,190.82,206.32,253.45,87.14,0.935,0.3968,3,82.73,Waspada,0,normal,173.48,177.08,0.17
2025-07-01T23:00:00,3,zone3,23,1,0,0,clear,31.61,59.74,430,2,0,0.092,28.47,40.26,25.92,53.26,0.827,0.0936,3,71.86,Aman,0,normal,73.7,29.73,2.443
2025-07-01T23:15:00,2,zone2,23,1,0,0,clear,34.44,67.08,680,4,0,0.139,132.45,163.54,155.5,74.69,1.124,0.2405,5,59.61,Aman,1,density_spike,182.34,118.06,3.571
2025-07-01T23:30:00,1,zone1,23,1,0,0,clear,32.74,69.87,520,3,0,0.112,144.28,164.51,142.79,71.65,1.167,0.3164,2,63.05,Aman,0,normal,151.08,145.96,0.285
2025-07-01T23:45:00,4,zone4,23,1,0,0,clear,36.3,68.2,810,5,0,0.028,137.25,113.28,96.9,81.39,1.27,0.1399,8,59.66,Aman,0,normal,132.38,131.18,0.066
2025-07-02T00:00:00,2,zone2,0,2,0,0,clear,31.19,73.42,680,4,0,0.171,136.69,155.12,136.09,103.71,1.046,0.2281,2,59.16,Aman,0,normal,150.93,125.47,1.414
2025-07-02T00:15:00,1,zone1,0,2,0,0,clear,34.31,64.14,520,3,1,0.708,56.2,111.19,136.1,119.78,1.323,0.2138,8,86.76,Waspada,0,normal,85.49,60.32,1.398
2025-07-02T00:30:00,2,zone2,0,2,0,1,cloudy,28.64,62.39,680,4,0,0.171,99.73,107.1,117.91,82.8,1.008,0.1575,6,67.36,Aman,0,normal,92.0,87.52,0.248
2025-07-02T00:45:00,5,zone5,0,2,0,1,cloudy,27.22,79.47,360,2,0,0.085,8,4,4,30.98,1.126,0.0111,5,62.58,Aman,0,normal,1.69,8,0.351
2025-07-02T01:00:00,3,zone3,1,2,0,0,clear,33.86,61.86,430,2,0,0.069,99.4,89.18,102.22,62.88,1.077,0.2074,4,69.01,Aman,0,normal,91.49,108.71,0.957
2025-07-02T01:15:00,3,zone3,1,2,0,1,cloudy,33.59,78.79,430,2,0,0.1,82.9,57.79,49.11,30.02,0.444,0.1344,3,89.6,Aman,1,density_spike,100.09,71.51,3.837
2025-07-02T01:30:00,3,zone3,1,2,0,2,rain,27.09,98,430,2,0,0.099,139.12,148.91,128.44,70.97,0.511,0.3463,4,86.65,Aman,1,density_spike,245.05,146.88,3.977
2025-07-02T01:45:00,1,zone1,1,2,0,2,rain,26.93,98,520,3,0,0.103,178.97,177.9,173.89,18.65,0.954,0.3421,7,72.13,Aman,0,normal,159.21,185.28,1.172
2025-07-02T02:00:00,4,zone4,2,2,0,1,cloudy,27.78,68.72,810,5,0,0.01,78.79,19.83,52.82,66.16,1.154,0.0245,3,64.37,Aman,0,normal,33.35,68.04,1.927
2025-07-02T02:15:00,3,zone3,2,2,0,0,clear,34.84,80.38,430,2,0,0.074,64.84,45.03,64.69,42.63,1.115,0.1047,4,68.06,Aman,0,normal,32.51,61.66,1.619
2025-07-02T02:30:00,2,zone2,2,2,0,0,clear,30.99,69.17,680,4,0,0.179,88.55,131.57,131.39,51.57,0.775,0.1935,2,66.97,Aman,1,density_spike,169.75,97.12,4.035
2025-07-02T02:45:00,2,zone2,2,2,0,2,rain,29.27,85.44,680,4,0,0.169,108.32,124.63,96.87,85.62,0.9,0.1833,8,72.57,Aman,0,normal,129.33,119.76,0.532
2025-07-02T03:00:00,4,zone4,3,2,0,0,clear,30.97,66.67,810,5,0,0.134,48.96,85.23,113.85,56.4,1.132,0.1052,8,70.08,Aman,0,normal,94.21,43.55,2.814
2025-07-02T03:15:00,1,zone1,3,2,0,0,clear,29.19,64.84,520,3,0,0.071,143.21,167.28,179.65,72.72,1.23,0.3217,7,59.31,Aman,0,normal,173.69,152.59,1.152
2025-07-02T03:30:00,5,zone5,3,2,0,0,clear,30.94,68.03,360,2,0,0.152,50.61,86.32,85.21,63.94,1.095,0.2398,8,60.72,Aman,1,density_spike,143.81,49.76,5.225
2025-07-02T03:45:00,2,zone2,3,2,0,3,storm,28.89,95.19,680,4,0,0.017,61.98,49.51,56.84,29.62,1.183,0.0728,8,65.15,Aman,0,normal,45.61,65.56,1.108
2025-07-02T04:00:00,5,zone5,4,2,0,0,clear,31.05,59.97,360,2,0,0.053,47.56,46.4,12.4,31.76,1.188,0.1289,2,63.33,Aman,0,normal,35.32,49.81,0.805
2025-07-02T04:15:00,1,zone1,4,2,0,0,clear,31.2,67.31,520,3,0,0.016,114.26,106.8,92.79,34.64,1.172,0.2054,5,65.99,Aman,0,normal,98.19,118.62,1.135
2025-07-02T04:30:00,3,zone3,4,2,0,2,rain,27.61,66.02,430,2,0,0.124,106.29,116.35,146.38,67.41,0.821,0.2706,8,68.32,Aman,0,normal,131.21,93.37,2.103
2025-07-02T04:45:00,2,zone2,4,2,0,0,clear,33.02,79.45,680,4,0,0.161,128.5,132.95,144.97,86.84,1.002,0.1955,5,71.06,Aman,0,normal,113.79,117.06,0.181
2025-07-02T05:00:00,2,zone2,5,2,0,0,clear,33.49,68.98,680,4,0,0.013,97.81,86.55,76.03,35.37,1.378,0.1273,3,64.11,Aman,0,normal,92.5,99.98,0.416
2025-07-02T05:15:00,4,zone4,5,2,0,3,storm,26.08,95.2,810,5,0,0.068,63.66,59.94,85.53,59.71,0.884,0.074,6,75.38,Aman,0,normal,48.79,70.02,1.18
2025-07-02T05:30:00,3,zone3,5,2,0,0,clear,32.43,72.39,430,2,0,0.167,159.1,190.98,204.33,90.79,0.782,0.4441,8,70.33,Waspada,0,normal,183.43,164.98,0.932
2025-07-02T05:45:00,3,zone3,5,2,0,0,clear,28.97,56.75,430,2,0,0.02,122.91,128.03,128.04,45.67,1.024,0.2978,7,60.81,Aman,0,normal,104.92,111.83,0.384
2025-07-02T06:00:00,4,zone4,6,2,0,0,clear,31.24,62.73,810,5,0,0.033,66.29,77.8,84.39,42.71,1.1,0.0961,2,52.93,Aman,0,normal,79.16,74.03,0.285
2025-07-02T06:15:00,5,zone5,6,2,0,1,cloudy,33.06,70.38,360,2,0,0.151,106.88,81.57,85.83,48.97,0.853,0.2266,7,71.75,Aman,0,normal,69.92,118.42,2.694
2025-07-02T06:30:00,5,zone5,6,2,0,2,rain,32.55,75.87,360,2,0,0.097,71.88,52.45,52.86,46.93,1.162,0.1457,6,66.21,Aman,0,normal,51.32,72.37,1.17
2025-07-02T06:45:00,4,zone4,6,2,0,0,clear,27.43,72.36,810,5,0,0.132,106.75,84.94,72.52,72.03,0.54,0.1049,4,95.88,Aman,1,density_spike,232.96,107.02,5.632
2025-07-02T07:00:00,5,zone5,7,2,0,0,clear,26.99,61.79,360,2,0,0.083,115.14,121.73,88.6,81.25,1.044,0.3381,2,69.48,Aman,0,normal,138.85,114.63,1.345
2025-07-02T07:15:00,4,zone4,7,2,0,0,clear,27.37,70.48,810,5,0,0.171,73.31,79.81,66.18,18.92,1.327,0.0985,2,65.58,Aman,0,normal,103.12,76.69,1.469
2025-07-02T07:30:00,3,zone3,7,2,0,2,rain,26.04,78.03,430,2,0,0.124,75.49,77.37,53.04,52.16,1.313,0.1799,2,64.74,Aman,0,normal,75.6,78.47,0.159
2025-07-02T07:45:00,4,zone4,7,2,0,0,clear,32.63,58.74,810,5,1,0.743,198.7,242.14,289.56,130.79,1.099,0.2989,4,69.67,Waspada,0,normal,229.49,215.77,0.53
2025-07-02T08:00:00,5,zone5,8,2,0,0,clear,28.58,64.17,360,2,0,0.069,59.93,55.36,71.78,52.72,0.77,0.1538,3,67.02,Aman,0,normal,59.45,65.89,0.358
2025-07-02T08:15:00,1,zone1,8,2,0,0,clear,27.09,63.14,520,3,0,0.112,158.75,151.53,147.36,29.86,0.93,0.2914,3,81.36,Aman,0,normal,169.97,137.21,1.82
2025-07-02T08:30:00,3,zone3,8,2,0,0,clear,35.55,78.25,430,2,0,0.131,156.32,130.81,141.37,81.96,1.225,0.3042,3,73.12,Aman,0,normal,119.52,134.9,0.855
2025-07-02T08:45:00,5,zone5,8,2,0,0,clear,28.36,85.15,360,2,0,0.174,139.98,179.72,195.5,110.38,0.834,0.4992,6,69.08,Waspada,1,density_spike,192.61,138.11,3.028
2025-07-02T09:00:00,2,zone2,9,2,0,0,clear,29.51,72.24,680,4,0,0.102,99.53,87.63,84.53,33.1,1.379,0.1289,8,61.91,Aman,0,normal,101.41,106.26,0.27
2025-07-02T09:15:00,1,zone1,9,2,0,0,clear,29.46,78.17,520,3,0,0.067,155.16,187.48,191.86,47.94,1.237,0.3605,3,71.18,Aman,0,normal,192.3,173.6,0.898
2025-07-02T09:30:00,1,zone1,9,2,0,0,clear,31.62,74.55,520,3,1,0.699,188.62,222.48,248.78,131.95,0.564,0.4278,4,109.78,Waspada,1,density_spike,395.14,203.55,5.354
2025-07-02T09:45:00,4,zone4,9,2,0,0,clear,31.88,79.07,810,5,0,0.157,56.57,79.5,97.01,31.31,1.03,0.0981,6,65.78,Aman,0,normal,98.54,50.38,2.676
2025-07-02T10:00:00,4,zone4,10,2,0,1,cloudy,26.31,78.83,810,5,0,0.005,92.85,84.68,87.62,38.92,1.139,0.1045,6,75.09,Aman,0,normal,42.61,85.34,2.374
2025-07-02T10:15:00,4,zone4,10,2,0,0,clear,30.47,73.28,810,5,0,0.049,117.16,131.18,114.68,64.28,0.989,0.1619,8,52.65,Aman,0,normal,156.73,119.17,2.087
2025-07-02T10:30:00,1,zone1,10,2,0,2,rain,28.27,79.95,520,3,0,0.086,126.23,145.4,113.3,57.31,0.898,0.2796,8,71.7,Aman,0,normal,149.83,131.39,1.025
2025-07-02T10:45:00,3,zone3,10,2,0,0,clear,24.53,64.09,430,2,0,0.153,134.03,128.82,124.8,58.77,1.08,0.2996,7,71.71,Aman,0,normal,137.58,134.46,0.173
2025-07-02T11:00:00,4,zone4,11,2,0,0,clear,31.87,65.26,810,5,0,0.012,136.91,122.41,96.92,59.78,1.025,0.1511,5,64.05,Aman,0,normal,129.46,152.23,1.247
2025-07-02T11:15:00,2,zone2,11,2,0,0,clear,27.48,71.8,680,4,0,0.171,143.43,174.27,154.65,51.75,1.044,0.2563,5,68.09,Aman,0,normal,216.0,158.83,2.999
2025-07-02T11:30:00,1,zone1,11,2,0,1,cloudy,27.07,71.16,520,3,0,0.085,146.41,149.09,160.83,67.87,1.076,0.2867,6,57.66,Aman,0,normal,144.51,155.29,0.579
2025-07-02T11:45:00,1,zone1,11,2,0,1,cloudy,28.8,62.31,520,3,0,0.094,171.42,134.44,133.78,46.05,0.918,0.2585,8,59.69,Aman,0,normal,149.21,188.46,1.735
2025-07-02T12:00:00,4,zone4,12,2,0,1,cloudy,31.03,71.07,810,5,0,0.018,95.05,70.69,70.64,66.13,1.757,0.0873,8,60.12,Aman,0,normal,77.26,103.17,1.439
2025-07-02T12:15:00,3,zone3,12,2,0,3,storm,31.76,83.55,430,2,0,0.067,98.41,60.08,32.66,37.67,1.302,0.1397,5,68.91,Aman,0,normal,75.72,94.34,1.035
2025-07-02T12:30:00,1,zone1,12,2,0,2,rain,30.51,78.98,520,3,0,0.144,151.41,152.29,160.01,71.41,1.235,0.2929,6,70.5,Aman,0,normal,132.2,160.32,1.462
2025-07-02T12:45:00,3,zone3,12,2,0,0,clear,33.46,75.46,430,2,0,0.044,100.54,108.43,132.84,57.48,1.3,0.2522,3,75.57,Aman,0,normal,108.4,107.98,0.023
2025-07-02T13:00:00,4,zone4,13,2,0,1,cloudy,26.61,76.85,810,5,0,0.047,67.07,78.14,94.29,52.04,0.904,0.0965,5,73.77,Aman,0,normal,95.87,71.31,1.364
2025-07-02T13:15:00,4,zone4,13,2,0,0,clear,30.49,77.16,810,5,0,0.117,73.91,72.24,64.27,46.56,1.51,0.0892,6,77.21,Aman,0,normal,67.92,75.12,0.4
2025-07-02T13:30:00,1,zone1,13,2,0,1,cloudy,28.93,83.43,520,3,0,0.036,84.7,98.55,77.46,60.63,1.332,0.1895,6,63.29,Aman,0,normal,113.5,83.85,1.647
2025-07-02T13:45:00,2,zone2,13,2,0,0,clear,31.08,77.35,680,4,0,0.123,128.48,135.05,130.67,83.53,1.031,0.1986,6,76.04,Aman,0,normal,141.33,133.39,0.441
2025-07-02T14:00:00,1,zone1,14,2,0,0,clear,30.96,73.81,520,3,0,0.061,183.6,208.78,195.01,76.81,0.358,0.4015,4,84.23,Waspada,1,density_spike,507.03,189.84,5.765
2025-07-02T14:15:00,1,zone1,14,2,0,1,cloudy,27.23,73.61,520,3,0,0.037,165.12,158.07,148.96,60.62,1.346,0.304,5,72.04,Aman,0,normal,176.14,153.02,1.259
2025-07-02T14:30:00,4,zone4,14,2,0,0,clear,29.19,66.59,810,5,0,0.014,99.44,88.84,89.08,62.02,1.457,0.1097,8,72.14,Aman,0,normal,99.55,96.75,0.155
2025-07-02T14:45:00,5,zone5,14,2,0,0,clear,32.05,71.16,360,2,0,0.112,67.09,72.09,94.27,74.83,1.05,0.2002,3,76.56,Aman,0,normal,56.95,73.03,0.894
2025-07-02T15:00:00,3,zone3,15,2,0,2,rain,30.89,80.21,430,2,0,0.094,98.13,97.36,88.15,59.05,1.389,0.2264,8,69.86,Aman,0,normal,114.59,94.92,1.093
2025-07-02T15:15:00,2,zone2,15,2,0,2,rain,28.98,83.45,680,4,0,0.162,87.9,70.75,114.13,35.52,1.221,0.1041,5,77.21,Aman,0,normal,92.8,91.44,0.075
2025-07-02T15:30:00,5,zone5,15,2,0,2,rain,28.15,90.59,360,2,0,0.121,97.76,115.38,103.57,88.7,0.45,0.3205,4,92.4,Aman,1,density_spike,275.77,93.51,3.145
2025-07-02T15:45:00,3,zone3,15,2,0,0,clear,32.26,69.0,430,2,0,0.068,119.41,117.27,93.94,68.81,1.065,0.2727,7,67.77,Aman,0,normal,125.91,102.9,1.278
2025-07-02T16:00:00,4,zone4,16,2,0,2,rain,24.99,72.53,810,5,0,0.093,105.79,96.94,146.55,51.27,1.372,0.1197,4,64.54,Aman,0,normal,85.3,101.4,0.894
2025-07-02T16:15:00,1,zone1,16,2,0,1,cloudy,29.36,82.25,520,3,0,0.021,130.96,106.18,70.0,56.66,1.371,0.2042,7,68.94,Aman,0,normal,122.04,113.53,0.473
2025-07-02T16:30:00,1,zone1,16,2,0,2,rain,33.84,82.19,520,3,0,0.178,105.45,57.74,106.46,70.42,1.406,0.111,4,79.2,Aman,1,density_spike,36.44,91.85,3.079
2025-07-02T16:45:00,1,zone1,16,2,0,0,clear,28.08,68.85,520,3,0,0.052,136.66,145.53,134.09,80.11,0.766,0.2799,4,67.93,Aman,0,normal,166.73,130.05,2.038
2025-07-02T17:00:00,1,zone1,17,2,0,1,cloudy,27.14,71.14,520,3,0,0.034,137.58,140.95,134.99,35.32,0.919,0.271,5,57.8,Aman,0,normal,152.86,124.85,1.556
2025-07-02T17:15:00,2,zone2,17,2,0,2,rain,27.19,67.0,680,4,0,0.028,103.27,89.42,84.68,70.07,0.75,0.1315,3,79.5,Aman,0,normal,76.08,107.47,1.744
2025-07-02T17:30:00,3,zone3,17,2,0,2,rain,30.23,67.52,430,2,0,0.17,96.57,121.15,124.69,48.51,0.965,0.2817,5,73.26,Aman,0,normal,119.51,106.46,0.725
2025-07-02T17:45:00,1,zone1,17,2,0,0,clear,33.42,63.85,520,3,0,0.055,142.88,178.07,158.02,67.52,0.942,0.3424,8,71.9,Aman,1,density_spike,199.26,141.04,3.234
2025-07-02T18:00:00,4,zone4,18,2,0,0,clear,33.71,67.62,810,5,0,0.034,86.18,114.27,123.06,34.7,1.168,0.1411,8,62.87,Aman,0,normal,123.23,90.48,1.82
2025-07-02T18:15:00,3,zone3,18,2,0,0,clear,34.36,70.05,430,2,0,0.021,104.88,91.11,127.82,21.01,1.244,0.2119,2,79.22,Aman,0,normal,99.95,106.52,0.365
2025-07-02T18:30:00,1,zone1,18,2,0,0,clear,30.24,69.34,520,3,0,0.116,165.86,165.61,213.11,111.12,1.239,0.3185,6,71.41,Waspada,0,normal,141.45,159.67,0.951
2025-07-02T18:45:00,2,zone2,18,2,0,0,clear,31.37,58.19,680,4,0,0.126,125.91,132.21,157.05,85.13,1.124,0.1944,5,76.58,Aman,0,normal,149.07,111.87,2.066
2025-07-02T19:00:00,2,zone2,19,2,0,1,cloudy,28.34,68.41,680,4,0,0.169,135.01,118.57,146.01,84.86,1.259,0.1744,2,62.45,Aman,0,normal,88.5,119.18,1.705
2025-07-02T19:15:00,3,zone3,19,2,0,2,rain,31.77,87.39,430,2,0,0.056,104.27,99.9,139.03,51.46,1.228,0.2323,2,82.83,Aman,0,normal,87.63,96.44,0.489
2025-07-02T19:30:00,4,zone4,19,2,0,1,cloudy,30.55,75.96,810,5,1,0.682,161.19,204.05,273.93,102.54,1.218,0.2519,3,82.82,Waspada,0,normal,183.13,145.15,2.11
2025-07-02T19:45:00,3,zone3,19,2,0,0,clear,26.93,73.01,430,2,0,0.131,164.15,173.01,211.04,64.53,0.798,0.4023,6,87.54,Waspada,0,normal,176.38,157.57,0.995
2025-07-02T20:00:00,1,zone1,20,2,0,0,clear,30.97,61.55,520,3,0,0.1,207.22,219.8,288.77,74.17,0.807,0.4227,4,69.59,Waspada,0,normal,195.02,209.73,0.585
2025-07-02T20:15:00,2,zone2,20,2,0,0,clear,28.1,73.64,680,4,0,0.156,252.91,239.74,291.19,87.45,0.972,0.3526,7,69.11,Waspada,0,normal,256.98,245.91,0.375
2025-07-02T20:30:00,3,zone3,20,2,0,1,cloudy,24.18,70.27,430,2,0,0.173,125.98,119.56,188.21,73.59,1.079,0.2781,6,66.46,Aman,0,normal,120.51,119.59,0.051
2025-07-02T20:45:00,3,zone3,20,2,0,0,clear,28.17,58.44,430,2,0,0.127,126.31,118.11,168.06,76.39,1.0,0.2747,4,74.72,Aman,0,normal,100.91,120.05,1.064
2025-07-02T21:00:00,5,zone5,21,2,0,2,rain,29.07,75.52,360,2,0,0.015,78.28,49.77,57.57,34.33,0.735,0.1382,5,65.83,Aman,0,normal,24.7,68.28,2.421
2025-07-02T21:15:00,2,zone2,21,2,0,2,rain,28.66,84.9,680,4,0,0.169,102.7,92.53,110.9,83.82,1.113,0.1361,2,71.26,Aman,0,normal,94.23,112.8,1.032
2025-07-02T21:30:00,4,zone4,21,2,0,0,clear,30.92,68.39,810,5,0,0.082,152.87,174.15,225.31,70.95,1.039,0.215,2,68.57,Aman,0,normal,175.08,164.3,0.547
2025-07-02T21:45:00,2,zone2,21,2,0,1,cloudy,30.0,62.84,680,4,0,0.099,156.26,160.52,190.54,59.63,0.688,0.2361,8,71.97,Aman,0,normal,175.65,160.23,0.802
2025-07-02T22:00:00,1,zone1,22,2,0,1,cloudy,30.05,88.48,520,3,0,0.089,155.17,177.55,162.75,23.38,0.985,0.3414,7,64.06,Aman,0,normal,140.55,145.96,0.3
2025-07-02T22:15:00,5,zone5,22,2,0,1,cloudy,30.3,73.13,360,2,0,0.164,66.49,54.86,46.03,54.26,1.138,0.1524,7,59.6,Aman,0,normal,51.85,69.07,0.957
2025-07-02T22:30:00,5,zone5,22,2,0,1,cloudy,31.07,77.47,360,2,0,0.142,70.74,70.36,74.85,42.68,1.247,0.1954,7,62.0,Aman,0,normal,87.06,70.83,0.901
2025-07-02T22:45:00,5,zone5,22,2,0,1,cloudy,33.72,76.56,360,2,0,0.152,103.87,125.72,104.66,102.38,0.933,0.3492,7,73.92,Waspada,0,normal,107.24,110.52,0.182
2025-07-02T23:00:00,3,zone3,23,2,0,2,rain,27.57,73.66,430,2,0,0.067,12.48,14.98,4,22.74,0.313,0.0348,7,82.96,Aman,1,density_spike,62.14,12.38,4.726
2025-07-02T23:15:00,4,zone4,23,2,0,0,clear,28.17,67.07,810,5,0,0.102,104.8,115.8,84.9,86.24,1.004,0.143,5,70.6,Aman,0,normal,96.81,102.3,0.305
2025-07-02T23:30:00,5,zone5,23,2,0,2,rain,26.26,81.01,360,2,0,0.151,65.38,40.98,67.97,66.67,1.252,0.1138,2,69.16,Aman,0,normal,49.53,61.87,0.686
2025-07-02T23:45:00,5,zone5,23,2,0,0,clear,31.05,52.26,360,2,1,0.54,53.81,86.91,102.18,89.76,0.927,0.2414,8,70.68,Waspada,1,density_spike,105.95,47.05,3.273
2025-07-03T00:00:00,2,zone2,0,3,0,0,clear,31.08,65.25,680,4,0,0.079,85.51,57.41,42.22,24.06,1.279,0.0844,7,64.62,Aman,0,normal,59.96,90.01,1.669
2025-07-03T00:15:00,5,zone5,0,3,0,2,rain,29.37,86.56,360,2,0,0.153,76.82,33.3,27.82,38.73,1.133,0.0925,2,69.14,Aman,1,density_spike,17.61,76.62,3.278
2025-07-03T00:30:00,5,zone5,0,3,0,0,clear,31.66,69.52,360,2,0,0.076,123.11,122.63,137.57,56.28,0.903,0.3406,7,59.61,Aman,0,normal,123.85,136.73,0.715
2025-07-03T00:45:00,2,zone2,0,3,0,0,clear,34.34,71.56,680,4,0,0.015,95.91,102.14,106.45,63.56,1.005,0.1502,5,60.89,Aman,0,normal,86.62,85.44,0.066
2025-07-03T01:00:00,3,zone3,1,3,0,1,cloudy,26.94,78.51,430,2,0,0.103,75.99,68.86,88.73,18.7,1.279,0.1601,7,67.7,Aman,0,normal,88.0,66.91,1.172
2025-07-03T01:15:00,1,zone1,1,3,0,0,clear,32.49,63.35,520,3,0,0.056,141.21,152.06,144.84,60.81,1.128,0.2924,5,73.97,Aman,0,normal,162.27,156.1,0.329
2025-07-03T01:30:00,3,zone3,1,3,0,0,clear,30.84,76.98,430,2,0,0.173,111.77,117.23,103.47,57.77,1.193,0.2726,6,75.64,Aman,0,normal,129.65,107.92,1.207
2025-07-03T01:45:00,5,zone5,1,3,0,0,clear,29.57,77.6,360,2,0,0.072,63.32,54.16,61.75,53.76,1.244,0.1505,8,74.52,Aman,0,normal,63.82,61.26,0.143
2025-07-03T02:00:00,3,zone3,2,3,0,0,clear,27.84,66.36,430,2,0,0.117,108.92,96.18,88.27,41.1,0.842,0.2237,3,74.39,Aman,0,normal,90.54,103.36,0.712
2025-07-03T02:15:00,4,zone4,2,3,0,0,clear,30.91,63.84,810,5,0,0.123,137.55,143.88,148.74,79.73,1.119,0.1776,4,67.15,Aman,0,normal,143.19,150.02,0.38
2025-07-03T02:30:00,5,zone5,2,3,0,0,clear,31.62,53.09,360,2,0,0.115,119.88,150.51,165.04,81.32,1.074,0.4181,7,65.57,Waspada,1,density_spike,189.92,116.47,4.08
2025-07-03T02:45:00,2,zone2,2,3,0,3,storm,28.72,91.29,680,4,0,0.085,45.9,18.55,16.41,56.29,0.982,0.0273,4,78.06,Aman,0,normal,17.09,42.33,1.402
2025-07-03T03:00:00,2,zone2,3,3,0,1,cloudy,29.47,89.85,680,4,0,0.144,79.21,74.0,94.29,46.12,0.851,0.1088,2,67.15,Aman,0,normal,60.35,80.63,1.127
2025-07-03T03:15:00,2,zone2,3,3,0,0,clear,32.29,84.63,680,4,0,0.139,16.48,37.15,45.47,56.87,1.429,0.0546,6,65.67,Aman,0,normal,27.54,15.73,0.656
2025-07-03T03:30:00,5,zone5,3,3,0,0,clear,35.52,70.41,360,2,0,0.022,29.35,39.0,42.09,36.95,1.445,0.1083,8,69.27,Aman,0,normal,34.51,32.75,0.098
2025-07-03T03:45:00,3,zone3,3,3,0,0,clear,34.69,65.57,430,2,0,0.045,98.73,96.53,69.6,43.52,1.102,0.2245,4,60.8,Aman,0,normal,72.23,103.36,1.73
2025-07-03T04:00:00,1,zone1,4,3,0,1,cloudy,28.26,70.12,520,3,0,0.143,183.74,203.0,178.17,67.21,0.897,0.3904,6,67.8,Aman,0,normal,225.5,176.47,2.315
2025-07-03T04:15:00,4,zone4,4,3,0,0,clear,29.34,60.4,810,5,0,0.038,140.86,127.35,100.79,34.19,0.504,0.1572,7,68.65,Aman,0,normal,177.53,127.08,2.803
2025-07-03T04:30:00,2,zone2,4,3,0,0,clear,31.95,85.65,680,4,0,0.036,85.35,83.54,73.7,50.13,1.11,0.1228,4,66.2,Aman,0,normal,105.67,90.66,0.834
2025-07-03T04:45:00,5,zone5,4,3,0,0,clear,27.95,60.88,360,2,0,0.051,53.18,45.63,53.3,47.74,1.168,0.1267,5,75.64,Aman,0,normal,51.74,48.26,0.193
2025-07-03T05:00:00,2,zone2,5,3,0,1,cloudy,27.72,85.69,680,4,0,0.048,81.43,50.03,47.14,65.28,0.981,0.0736,4,61.05,Aman,0,normal,32.68,83.83,2.842
2025-07-03T05:15:00,3,zone3,5,3,0,0,clear,30.74,63.36,430,2,0,0.141,77.91,85.7,85.69,50.79,1.146,0.1993,8,66.16,Aman,0,normal,90.77,67.54,1.291
2025-07-03T05:30:00,4,zone4,5,3,0,0,clear,31.87,81.47,810,5,0,0.11,104.99,107.84,81.93,57.74,1.202,0.1331,3,62.54,Aman,0,normal,106.95,108.99,0.113
2025-07-03T05:45:00,5,zone5,5,3,0,0,clear,28.6,61.65,360,2,1,0.99,108.01,173.58,220.85,130.36,0.915,0.4822,2,100.34,Bahaya,1,density_spike,235.08,109.19,6.994
2025-07-03T06:00:00,2,zone2,6,3,0,1,cloudy,28.54,82.85,680,4,1,0.837,161.85,199.64,228.5,151.21,0.232,0.2936,7,114,Waspada,1,density_spike,277.62,163.65,3.369
2025-07-03T06:15:00,2,zone2,6,3,0,0,clear,32.47,63.46,680,4,0,0.166,82.56,81.27,105.1,85.94,1.122,0.1195,6,71.31,Aman,0,normal,53.0,86.87,1.882
2025-07-03T06:30:00,2,zone2,6,3,0,0,clear,30.7,67.52,680,4,0,0.042,108.84,133.45,144.96,40.9,1.08,0.1963,5,64.49,Aman,0,normal,110.27,96.59,0.76
2025-07-03T06:45:00,2,zone2,6,3,0,0,clear,29.84,65.97,680,4,1,0.731,227.91,284.03,293.55,99.12,0.721,0.4177,2,78.53,Waspada,1,density_spike,309.77,204.32,4.301
2025-07-03T07:00:00,4,zone4,7,3,0,2,rain,26.85,98,810,5,0,0.004,52.85,21.23,10.39,18.78,1.301,0.0262,5,76.35,Aman,0,normal,22.75,57.79,1.946
2025-07-03T07:15:00,4,zone4,7,3,0,0,clear,29.26,69.9,810,5,0,0.062,124.77,127.16,121.75,70.38,1.217,0.157,6,65.49,Aman,0,normal,113.19,114.74,0.086
2025-07-03T07:30:00,5,zone5,7,3,0,2,rain,26.12,79.84,360,2,0,0.097,60.19,43.86,28.48,91.51,1.093,0.1218,8,59.88,Aman,0,normal,29.71,63.7,1.888
2025-07-03T07:45:00,3,zone3,7,3,0,1,cloudy,30.71,61.83,430,2,1,0.77,171.92,231.22,246.33,186.94,0.981,0.5377,6,83.6,Bahaya,0,normal,190.12,158.23,1.679
2025-07-03T08:00:00,4,zone4,8,3,0,2,rain,26.38,68.48,810,5,0,0.112,102.13,87.37,84.83,103.39,1.162,0.1079,4,65.78,Aman,0,normal,107.14,102.26,0.271
2025-07-03T08:15:00,1,zone1,8,3,0,3,storm,29.52,98,520,3,0,0.12,112.58,102.13,108.16,55.18,1.2,0.1964,2,62.0,Aman,0,normal,99.05,120.41,1.186
2025-07-03T08:30:00,5,zone5,8,3,0,1,cloudy,30.68,67.84,360,2,0,0.027,61.61,75.63,84.62,57.19,0.264,0.2101,4,88.95,Aman,1,density_spike,201.06,54.4,3.102
2025-07-03T08:45:00,1,zone1,8,3,0,2,rain,26.88,98,520,3,1,0.675,106.84,150.48,217.95,120.49,1.229,0.2894,8,84.63,Waspada,0,normal,135.68,110.38,1.405
2025-07-03T09:00:00,5,zone5,9,3,0,0,clear,32.73,53.79,360,2,0,0.09,95.48,96.66,87.97,60.0,1.015,0.2685,6,65.42,Aman,0,normal,108.75,104.27,0.249
2025-07-03T09:15:00,3,zone3,9,3,0,0,clear,33.4,64.73,430,2,0,0.005,95.77,91.87,83.98,84.06,1.193,0.2136,2,62.88,Aman,0,normal,115.14,84.69,1.692
2025-07-03T09:30:00,2,zone2,9,3,0,0,clear,34.95,63.12,680,4,0,0.161,58.53,78.16,102.34,90.09,1.089,0.1149,8,59.97,Aman,0,normal,102.64,57.14,2.528
2025-07-03T09:45:00,1,zone1,9,3,0,1,cloudy,28.89,75.1,520,3,0,0.004,157.64,142.75,144.42,36.94,0.974,0.2745,5,69.17,Aman,0,normal,126.85,142.22,0.854
2025-07-03T10:00:00,5,zone5,10,3,0,0,clear,32.16,66.05,360,2,0,0.09,69.18,88.92,62.73,51.46,1.208,0.247,8,63.07,Aman,0,normal,87.99,72.38,0.867
2025-07-03T10:15:00,4,zone4,10,3,0,2,rain,25.3,73.54,810,5,0,0.027,124.25,86.65,81.94,64.58,1.304,0.107,8,49.71,Aman,0,normal,137.28,127.12,0.565
2025-07-03T10:30:00,1,zone1,10,3,0,0,clear,35.49,58.68,520,3,0,0.113,113.66,123.43,149.68,82.72,1.409,0.2374,3,81.2,Aman,0,normal,150.31,113.84,2.026
2025-07-03T10:45:00,1,zone1,10,3,0,0,clear,30.3,72.8,520,3,0,0.075,196.25,214.94,189.25,48.77,0.55,0.4133,4,88.0,Aman,1,density_spike,387.64,209.41,5.796
2025-07-03T11:00:00,3,zone3,11,3,0,1,cloudy,28.9,67.52,430,2,0,0.057,91.36,99.21,87.92,66.77,0.584,0.2307,8,92.96,Aman,1,density_spike,15.02,80.08,6.158
2025-07-03T11:15:00,5,zone5,11,3,0,2,rain,28.58,73.63,360,2,0,0.168,41.07,46.49,36.56,34.96,0.822,0.1291,3,69.56,Aman,0,normal,87.54,41.88,2.536
2025-07-03T11:30:00,2,zone2,11,3,0,1,cloudy,24.76,73.6,680,4,0,0.143,101.11,106.95,109.48,42.72,1.024,0.1573,7,70.0,Aman,0,normal,148.4,109.12,2.182
2025-07-03T11:45:00,5,zone5,11,3,0,1,cloudy,29.93,65.77,360,2,1,0.957,162.46,212.62,253.3,164.28,0.924,0.5906,2,92.58,Bahaya,1,density_spike,226.07,141.52,4.698
2025-07-03T12:00:00,4,zone4,12,3,0,1,cloudy,34.24,74.67,810,5,1,0.507,116.55,150.27,175.73,84.47,1.203,0.1855,7,81.13,Aman,1,density_spike,206.7,112.94,5.209
2025-07-03T12:15:00,2,zone2,12,3,0,2,rain,28.95,62.87,680,4,0,0.091,164.28,161.76,196.02,53.91,1.113,0.2379,7,74.99,Aman,0,normal,123.68,178.97,2.575
2025-07-03T12:30:00,5,zone5,12,3,0,0,clear,30.35,79.82,360,2,0,0.139,76.29,81.57,106.99,91.24,1.055,0.2266,8,69.63,Aman,0,normal,69.6,74.95,0.297
2025-07-03T12:45:00,3,zone3,12,3,0,0,clear,33.83,63.15,430,2,0,0.014,158.01,154.85,135.43,63.16,0.882,0.3601,8,64.82,Aman,0,normal,157.89,140.26,0.979
2025-07-03T13:00:00,5,zone5,13,3,0,2,rain,26.45,78.17,360,2,0,0.043,82.48,80.92,98.24,18.19,0.365,0.2248,6,98.79,Aman,1,density_spike,17.57,79.17,3.599
2025-07-03T13:15:00,5,zone5,13,3,0,0,clear,24.69,68.41,360,2,1,0.732,93.66,169.08,218.95,153.42,0.688,0.4697,4,86.88,Bahaya,1,density_spike,161.8,83.81,4.333
2025-07-03T13:30:00,3,zone3,13,3,0,0,clear,30.58,65.75,430,2,0,0.098,99.57,92.48,99.35,51.85,1.023,0.2151,4,77.97,Aman,0,normal,78.18,94.48,0.905
2025-07-03T13:45:00,4,zone4,13,3,0,2,rain,29.37,82.83,810,5,0,0.068,105.43,63.31,85.61,58.87,1.241,0.0782,3,55.71,Aman,0,normal,100.96,109.64,0.482
2025-07-03T14:00:00,4,zone4,14,3,0,0,clear,37.09,69.42,810,5,0,0.155,119.07,125.71,178.27,68.23,1.32,0.1552,3,84.37,Aman,0,normal,142.09,105.23,2.047
2025-07-03T14:15:00,2,zone2,14,3,0,1,cloudy,31.12,76.82,680,4,0,0.125,122.71,131.87,106.29,36.19,1.189,0.1939,2,77.07,Aman,0,normal,125.13,119.63,0.305
2025-07-03T14:30:00,5,zone5,14,3,0,2,rain,23.28,82.36,360,2,0,0.131,22.32,18.07,45.52,70.58,1.14,0.0502,7,60.51,Aman,0,normal,-6.28,23.6,1.66
2025-07-03T14:45:00,1,zone1,14,3,0,0,clear,30.18,73.76,520,3,0,0.006,39.5,39.54,43.94,47.93,1.094,0.076,2,60.31,Aman,0,normal,52.41,42.29,0.562
2025-07-03T15:00:00,1,zone1,15,3,0,0,clear,30.18,66.92,520,3,0,0.107,147.66,144.67,112.97,71.35,0.729,0.2782,3,68.93,Aman,0,normal,148.28,140.06,0.457
2025-07-03T15:15:00,5,zone5,15,3,0,2,rain,26.74,86.09,360,2,1,0.875,113.51,168.36,179.57,127.15,1.051,0.4677,5,84.01,Bahaya,1,density_spike,188.82,102.46,4.798
2025-07-03T15:30:00,3,zone3,15,3,0,0,clear,24.9,69.92,430,2,0,0.03,89.46,117.77,113.76,67.93,0.902,0.2739,8,68.91,Aman,0,normal,89.17,77.73,0.636
2025-07-03T15:45:00,1,zone1,15,3,0,0,clear,32.43,53.55,520,3,0,0.038,150.15,141.8,111.34,61.71,0.925,0.2727,8,60.97,Aman,0,normal,136.62,159.78,1.208
2025-07-03T16:00:00,5,zone5,16,3,0,1,cloudy,27.01,82.57,360,2,0,0.054,72.21,56.31,40.91,34.8,0.956,0.1564,4,74.13,Aman,0,normal,62.72,71.11,0.466
2025-07-03T16:15:00,2,zone2,16,3,0,2,rain,26.39,87.87,680,4,0,0.073,160.75,113.69,143.46,77.29,1.337,0.1672,4,75.2,Aman,0,normal,101.22,144.4,2.399
2025-07-03T16:30:00,5,zone5,16,3,0,1,cloudy,28.47,82.65,360,2,0,0.079,113.21,110.96,81.49,62.87,0.982,0.3082,6,67.88,Aman,0,normal,126.71,98.14,1.588
2025-07-03T16:45:00,4,zone4,16,3,0,0,clear,29.15,57.36,810,5,0,0.129,64.74,85.52,84.47,77.94,1.325,0.1056,8,75.33,Aman,0,normal,78.37,58.34,1.113
2025-07-03T17:00:00,5,zone5,17,3,0,2,rain,26.26,83.19,360,2,0,0.13,74.07,62.28,69.08,78.4,0.7,0.173,4,69.05,Aman,0,normal,45.95,73.51,1.531
2025-07-03T17:15:00,2,zone2,17,3,0,0,clear,34.22,61.62,680,4,0,0.071,178.65,177.84,179.09,90.34,0.936,0.2615,5,71.36,Aman,0,normal,169.48,164.32,0.261
2025-07-03T17:30:00,1,zone1,17,3,0,2,rain,25.95,79.22,520,3,0,0.157,157.5,135.61,128.35,33.5,0.907,0.2608,3,68.74,Aman,0,normal,135.57,146.08,0.584
2025-07-03T17:45:00,3,zone3,17,3,0,0,clear,32.95,65.34,430,2,0,0.016,88.49,114.69,146.25,84.12,0.993,0.2667,7,69.52,Aman,0,normal,119.22,98.47,1.153
2025-07-03T18:00:00,5,zone5,18,3,0,0,clear,31.56,73.6,360,2,0,0.094,136.51,146.56,205.53,96.44,0.968,0.4071,7,69.5,Waspada,0,normal,127.12,119.85,0.404
2025-07-03T18:15:00,4,zone4,18,3,0,0,clear,29.33,70.59,810,5,0,0.147,114.93,97.92,117.46,68.69,1.241,0.1209,7,68.22,Aman,0,normal,94.58,99.05,0.249
2025-07-03T18:30:00,4,zone4,18,3,0,0,clear,31.14,68.46,810,5,0,0.153,90.44,110.4,147.98,50.12,1.226,0.1363,2,74.28,Aman,0,normal,123.11,82.22,2.272
2025-07-03T18:45:00,2,zone2,18,3,0,0,clear,34.35,68.62,680,4,0,0.077,165.99,190.32,237.81,57.39,1.203,0.2799,4,68.63,Aman,1,density_spike,202.05,147.91,3.008
2025-07-03T19:00:00,3,zone3,19,3,0,2,rain,28.5,93.81,430,2,0,0.172,141.13,169.43,198.82,86.13,0.959,0.394,8,70.62,Waspada,0,normal,176.56,145.18,1.743
2025-07-03T19:15:00,3,zone3,19,3,0,0,clear,28.92,72.6,430,2,0,0.148,69.51,80.77,100.11,93.47,1.038,0.1878,7,74.08,Aman,0,normal,100.37,64.87,1.972
2025-07-03T19:30:00,2,zone2,19,3,0,3,storm,27.64,94.6,680,4,0,0.143,83.17,48.97,60.46,39.19,1.014,0.072,2,71.51,Aman,0,normal,86.08,86.19,0.006
2025-07-03T19:45:00,5,zone5,19,3,0,0,clear,33.76,56.96,360,2,0,0.132,75.4,90.29,126.68,68.97,1.056,0.2508,4,60.3,Aman,0,normal,104.11,83.85,1.126
2025-07-03T20:00:00,1,zone1,20,3,0,0,clear,29.31,63.07,520,3,0,0.164,212.86,221.02,313.26,73.23,0.851,0.425,3,68.66,Waspada,0,normal,236.56,226.58,0.367
2025-07-03T20:15:00,2,zone2,20,3,0,1,cloudy,29.27,72.23,680,4,0,0.132,132.49,168.78,230.7,45.43,1.046,0.2482,4,66.91,Aman,0,normal,180.35,144.32,2.001
2025-07-03T20:30:00,4,zone4,20,3,0,0,clear,26.8,56.54,810,5,0,0.055,104.27,108.15,155.78,56.1,1.154,0.1335,5,67.41,Aman,0,normal,111.9,99.14,0.709
2025-07-03T20:45:00,5,zone5,20,3,0,1,cloudy,27.36,71.81,360,2,0,0.106,72.03,78.38,126.53,34.76,0.958,0.2177,5,78.2,Aman,0,normal,80.93,77.8,0.174
2025-07-03T21:00:00,2,zone2,21,3,0,0,clear,38.07,74.79,680,4,0,0.176,114.41,131.41,172.64,74.24,0.873,0.1933,6,83.92,Aman,0,normal,156.59,113.31,2.405
2025-07-03T21:15:00,4,zone4,21,3,0,2,rain,23.18,75.85,810,5,0,0.018,142.66,128.53,135.91,39.37,1.214,0.1587,5,68.07,Aman,0,normal,148.31,136.7,0.645
2025-07-03T21:30:00,1,zone1,21,3,0,1,cloudy,34.04,65.54,520,3,0,0.017,134.02,123.52,116.84,80.06,0.942,0.2375,2,70.19,Aman,0,normal,133.51,132.35,0.064
2025-07-03T21:45:00,2,zone2,21,3,0,0,clear,32.4,71.24,680,4,1,0.517,198.54,255.41,370.93,135.58,0.872,0.3756,7,78.76,Waspada,1,density_spike,249.25,174.7,3.556
2025-07-03T22:00:00,2,zone2,22,3,0,0,clear,30.55,71.38,680,4,1,0.699,169.94,241.91,302.65,130.47,0.901,0.3557,6,80.14,Waspada,1,density_spike,243.07,151.87,5.004
2025-07-03T22:15:00,2,zone2,22,3,0,0,clear,32.46,68.35,680,4,0,0.097,129.78,142.12,107.43,58.96,1.086,0.209,5,58.16,Aman,0,normal,138.48,126.75,0.652
2025-07-03T22:30:00,4,zone4,22,3,0,1,cloudy,30.52,69.75,810,5,0,0.049,96.56,85.24,98.32,74.37,0.498,0.1052,8,77.44,Aman,1,density_spike,129.41,93.99,3.64
2025-07-03T22:45:00,2,zone2,22,3,0,1,cloudy,33.17,71.82,680,4,0,0.094,84.11,118.24,125.57,72.55,1.068,0.1739,8,67.43,Aman,0,normal,131.81,81.95,2.77
2025-07-03T23:00:00,1,zone1,23,3,0,0,clear,30.59,60.95,520,3,0,0.118,209.1,209.26,193.09,97.58,0.929,0.4024,3,69.72,Waspada,0,normal,222.31,230.57,0.299
2025-07-03T23:15:00,2,zone2,23,3,0,1,cloudy,30.14,65.72,680,4,0,0.163,159.9,151.18,142.22,59.46,0.83,0.2223,4,74.89,Aman,0,normal,156.49,151.08,0.299
2025-07-03T23:30:00,4,zone4,23,3,0,1,cloudy,31.84,86.1,810,5,0,0.161,93.34,91.9,60.61,55.51,1.344,0.1135,3,69.55,Aman,0,normal,75.21,80.61,0.3
2025-07-03T23:45:00,4,zone4,23,3,0,1,cloudy,29.82,78.43,810,5,0,0.099,60.69,36.19,54.16,58.68,0.718,0.0447,3,99.11,Aman,1,density_spike,93.45,58.49,5.641
2025-07-04T00:00:00,2,zone2,0,4,0,1,cloudy,29.72,56.49,680,4,0,0.03,82.25,84.59,115.26,63.62,1.105,0.1244,3,61.31,Aman,0,normal,83.95,85.01,0.059
2025-07-04T00:15:00,3,zone3,0,4,0,0,clear,26.78,74.18,430,2,0,0.178,121.0,128.85,120.89,88.23,1.401,0.2997,4,65.07,Aman,0,normal,144.63,121.9,1.263
2025-07-04T00:30:00,5,zone5,0,4,0,1,cloudy,27.1,76.02,360,2,0,0.072,70.6,62.23,49.5,36.43,1.12,0.1729,7,65.72,Aman,0,normal,43.59,65.48,1.216
2025-07-04T00:45:00,2,zone2,0,4,0,0,clear,32.33,53.97,680,4,1,0.478,56.13,65.0,85.81,80.18,0.949,0.0956,5,77.55,Aman,0,normal,75.16,53.28,1.215
2025-07-04T01:00:00,4,zone4,1,4,0,0,clear,27.07,65.68,810,5,0,0.046,64.97,72.62,85.99,98.85,0.441,0.0897,3,80.99,Aman,1,density_spike,215.72,70.89,5.524
2025-07-04T01:15:00,4,zone4,1,4,0,0,clear,34.71,63.4,810,5,0,0.134,71.87,84.18,36.13,46.66,1.336,0.1039,5,72.65,Aman,0,normal,75.44,77.51,0.115
2025-07-04T01:30:00,3,zone3,1,4,0,3,storm,20.28,88.53,430,2,0,0.09,75.51,52.41,7.92,43.52,1.152,0.1219,4,65.44,Aman,0,normal,49.07,73.52,1.358
2025-07-04T01:45:00,1,zone1,1,4,0,2,rain,25.82,84.78,520,3,0,0.169,55.01,70.5,100.64,78.2,1.041,0.1356,7,76.99,Aman,0,normal,76.07,56.08,1.11
2025-07-04T02:00:00,3,zone3,2,4,0,1,cloudy,31.43,74.83,430,2,0,0.059,54.8,54.11,67.05,47.91,1.462,0.1258,7,65.68,Aman,0,normal,46.76,48.73,0.109
2025-07-04T02:15:00,4,zone4,2,4,0,0,clear,28.41,60.32,810,5,0,0.045,98.67,117.05,100.13,50.28,1.273,0.1445,7,48.94,Aman,0,normal,114.19,105.0,0.51
2025-07-04T02:30:00,1,zone1,2,4,0,1,cloudy,28.21,77.27,520,3,0,0.088,115.5,91.06,95.85,89.14,1.643,0.1751,6,64.6,Aman,0,normal,133.74,119.64,0.783
2025-07-04T02:45:00,2,zone2,2,4,0,0,clear,32.12,77.57,680,4,0,0.086,100.33,111.53,79.46,59.42,1.09,0.164,8,78.68,Aman,0,normal,123.81,99.58,1.346
2025-07-04T03:00:00,1,zone1,3,4,0,0,clear,29.15,68.76,520,3,0,0.037,124.71,156.66,190.05,85.37,0.754,0.3013,2,63.85,Aman,0,normal,120.76,136.41,0.869
2025-07-04T03:15:00,1,zone1,3,4,0,1,cloudy,32.24,85.25,520,3,0,0.126,62.07,81.9,83.93,66.34,1.228,0.1575,6,60.4,Aman,0,normal,77.72,55.69,1.224
2025-07-04T03:30:00,5,zone5,3,4,0,2,rain,28.02,92.45,360,2,0,0.157,73.61,69.34,71.52,79.41,0.922,0.1926,3,64.15,Aman,0,normal,84.22,73.69,0.585
2025-07-04T03:45:00,3,zone3,3,4,0,0,clear,30.73,73.34,430,2,0,0.084,51.65,40.51,26.59,19.97,1.38,0.0942,4,73.91,Aman,0,normal,49.89,45.52,0.243
2025-07-04T04:00:00,3,zone3,4,4,0,1,cloudy,26.27,70.46,430,2,0,0.175,107.09,101.94,101.98,10.29,1.064,0.2371,3,75.03,Aman,0,normal,113.15,115.88,0.152
2025-07-04T04:15:00,2,zone2,4,4,0,0,clear,31.55,69.42,680,4,0,0.067,108.11,88.08,131.36,8.68,1.187,0.1295,7,70.46,Aman,0,normal,98.35,101.05,0.15
2025-07-04T04:30:00,4,zone4,4,4,0,2,rain,28.14,78.49,810,5,0,0.029,68.13,20.16,4,50.51,0.973,0.0249,6,59.09,Aman,0,normal,15.43,64.83,2.745
2025-07-04T04:45:00,3,zone3,4,4,0,1,cloudy,33.21,70.06,430,2,0,0.161,65.14,43.31,26.02,61.17,1.447,0.1007,6,63.01,Aman,0,normal,30.86,63.26,1.8
2025-07-04T05:00:00,4,zone4,5,4,0,1,cloudy,25.97,76.85,810,5,0,0.102,64.6,64.19,69.4,38.95,1.194,0.0793,6,65.84,Aman,0,normal,100.44,55.77,2.482
2025-07-04T05:15:00,2,zone2,5,4,0,3,storm,22.1,85.0,680,4,0,0.151,94.27,88.07,110.77,48.62,1.17,0.1295,6,81.5,Aman,0,normal,100.42,85.63,0.821
2025-07-04T05:30:00,5,zone5,5,4,0,0,clear,34.67,80.42,360,2,0,0.112,9.3,22.93,4,21.78,1.175,0.0637,7,65.18,Aman,0,normal,42.39,10.2,1.788
2025-07-04T05:45:00,5,zone5,5,4,0,2,rain,25.39,85.36,360,2,0,0.143,51.58,40.95,24.07,64.09,0.981,0.1137,2,62.6,Aman,0,normal,56.94,52.1,0.269
2025-07-04T06:00:00,1,zone1,6,4,0,1,cloudy,28.06,60.51,520,3,0,0.039,206.93,194.69,196.42,79.63,1.036,0.3744,7,61.49,Aman,0,normal,214.97,229.18,0.517
2025-07-04T06:15:00,4,zone4,6,4,0,1,cloudy,31.04,54.31,810,5,0,0.032,67.04,63.62,70.62,57.82,1.341,0.0785,4,66.33,Aman,0,normal,54.63,65.22,0.588
2025-07-04T06:30:00,2,zone2,6,4,0,3,storm,30.2,92.39,680,4,0,0.031,89.28,57.32,62.42,62.25,1.506,0.0843,6,61.97,Aman,0,normal,66.97,88.09,1.173
2025-07-04T06:45:00,5,zone5,6,4,0,0,clear,30.16,65.84,360,2,0,0.018,112.75,121.24,110.02,66.2,1.028,0.3368,2,74.06,Aman,0,normal,148.05,100.42,2.646
2025-07-04T07:00:00,5,zone5,7,4,0,0,clear,29.92,54.38,360,2,0,0.164,79.39,90.53,119.91,59.92,0.941,0.2515,6,62.85,Aman,0,normal,109.74,78.09,1.758
2025-07-04T07:15:00,5,zone5,7,4,0,2,rain,28.5,80.98,360,2,0,0.02,84.25,87.08,101.55,32.6,0.669,0.2419,8,92.74,Aman,1,density_spike,243.05,86.11,6.141
2025-07-04T07:30:00,3,zone3,7,4,0,0,clear,34.57,74.08,430,2,0,0.016,178.69,190.11,149.31,53.23,0.724,0.4421,6,62.1,Aman,0,normal,194.38,156.21,2.037
2025-07-04T07:45:00,2,zone2,7,4,0,0,clear,29.85,61.09,680,4,0,0.175,129.01,159.63,198.91,87.95,0.938,0.2348,7,73.23,Aman,0,normal,168.15,131.65,2.028
2025-07-04T08:00:00,1,zone1,8,4,0,1,cloudy,30.76,74.02,520,3,0,0.033,110.7,130.59,115.17,34.64,0.974,0.2511,2,68.72,Aman,0,normal,114.28,111.79,0.138
2025-07-04T08:15:00,4,zone4,8,4,0,3,storm,23.09,93.52,810,5,0,0.111,62.1,31.19,37.34,71.46,1.232,0.0385,2,63.83,Aman,0,normal,38.21,65.59,1.521
2025-07-04T08:30:00,3,zone3,8,4,0,0,clear,28.21,61.52,430,2,0,0.15,84.18,99.82,123.16,82.18,1.037,0.2321,4,69.23,Aman,0,normal,78.2,73.9,0.239
2025-07-04T08:45:00,1,zone1,8,4,0,1,cloudy,28.81,80.64,520,3,0,0.014,114.73,96.23,107.55,41.92,0.986,0.185,6,71.27,Aman,0,normal,94.42,104.03,0.534
2025-07-04T09:00:00,2,zone2,9,4,0,2,rain,23.87,77.57,680,4,0,0.006,120.34,91.55,83.48,53.88,0.985,0.1346,6,62.84,Aman,0,normal,119.21,122.95,0.208
2025-07-04T09:15:00,3,zone3,9,4,0,0,clear,30.23,64.97,430,2,1,0.453,117.19,156.3,162.53,94.35,0.896,0.3635,4,85.69,Waspada,1,density_spike,193.3,102.78,5.029
2025-07-04T09:30:00,5,zone5,9,4,0,1,cloudy,31.67,68.97,360,2,0,0.071,143.25,156.5,127.59,70.03,0.672,0.4347,5,77.09,Waspada,0,normal,142.34,149.7,0.409
2025-07-04T09:45:00,3,zone3,9,4,0,0,clear,28.78,58.61,430,2,0,0.108,97.25,83.9,80.41,82.33,1.239,0.1951,6,67.36,Aman,0,normal,91.74,97.52,0.321
2025-07-04T10:00:00,5,zone5,10,4,0,0,clear,29.01,65.0,360,2,0,0.054,89.27,85.79,42.57,8.11,1.081,0.2383,5,74.71,Aman,0,normal,91.13,92.6,0.081
2025-07-04T10:15:00,3,zone3,10,4,0,1,cloudy,29.37,78.8,430,2,0,0.091,110.3,90.82,87.11,30.91,1.242,0.2112,7,62.94,Aman,0,normal,94.62,97.22,0.144
2025-07-04T10:30:00,3,zone3,10,4,0,0,clear,34.21,63.97,430,2,0,0.082,142.02,140.75,159.0,55.34,0.709,0.3273,6,68.76,Aman,0,normal,126.76,124.23,0.141
2025-07-04T10:45:00,2,zone2,10,4,0,0,clear,37.34,72.29,680,4,0,0.046,159.1,185.32,200.44,68.25,0.625,0.2725,5,64.07,Aman,0,normal,194.77,169.06,1.268
2025-07-04T11:00:00,2,zone2,11,4,0,0,clear,32.81,62.89,680,4,0,0.148,84.32,90.92,100.23,88.06,1.135,0.1337,3,72.7,Aman,0,normal,80.87,79.63,0.069
2025-07-04T11:15:00,2,zone2,11,4,0,1,cloudy,31.85,79.42,680,4,0,0.145,122.11,117.18,135.09,34.01,0.258,0.1723,8,101.83,Aman,1,density_spike,29.31,134.63,3.736
2025-07-04T11:30:00,4,zone4,11,4,0,2,rain,22.54,85.39,810,5,0,0.002,106.17,59.71,46.87,68.35,0.366,0.0737,5,91.36,Aman,1,density_spike,94.32,104.95,4.988
2025-07-04T11:45:00,3,zone3,11,4,0,0,clear,32.39,66.42,430,2,1,0.523,143.6,213.76,269.12,97.97,1.015,0.4971,6,66.42,Waspada,1,density_spike,219.44,140.82,4.368
2025-07-04T12:00:00,4,zone4,12,4,0,2,rain,28.6,89.26,810,5,0,0.052,85.22,58.74,97.67,54.66,0.617,0.0725,7,88.17,Aman,1,density_spike,17.36,90.0,4.018
2025-07-04T12:15:00,5,zone5,12,4,0,0,clear,32.58,71.65,360,2,0,0.002,65.16,72.8,58.91,87.51,0.897,0.2022,3,64.5,Aman,0,normal,58.97,64.48,0.306
2025-07-04T12:30:00,4,zone4,12,4,0,0,clear,29.53,57.9,810,5,0,0.151,109.45,136.41,133.14,84.3,0.838,0.1684,7,75.4,Aman,0,normal,147.16,110.05,2.062
2025-07-04T12:45:00,2,zone2,12,4,0,2,rain,27.89,88.38,680,4,0,0.095,95.61,89.93,75.5,32.42,0.904,0.1323,5,75.39,Aman,0,normal,76.8,106.67,1.659
2025-07-04T13:00:00,1,zone1,13,4,0,1,cloudy,34.01,61.28,520,3,0,0.102,188.4,175.52,164.77,62.13,1.159,0.3375,6,81.07,Aman,0,normal,159.26,166.14,0.345
2025-07-04T13:15:00,4,zone4,13,4,0,0,clear,34.31,81.77,810,5,0,0.112,83.59,90.38,124.51,51.63,1.115,0.1116,4,69.46,Aman,0,normal,90.53,88.43,0.116
2025-07-04T13:30:00,4,zone4,13,4,0,0,clear,30.7,75.0,810,5,0,0.044,39.13,57.17,64.6,46.17,0.528,0.0706,2,86.44,Aman,1,density_spike,11.22,38.59,4.731
2025-07-04T13:45:00,2,zone2,13,4,0,0,clear,28.3,55.63,680,4,0,0.127,134.92,111.06,109.45,72.63,1.351,0.1633,7,68.2,Aman,0,normal,119.34,119.14,0.011
2025-07-04T14:00:00,4,zone4,14,4,0,0,clear,31.07,66.93,810,5,0,0.026,123.39,106.05,104.26,18.07,1.118,0.1309,5,73.37,Aman,0,normal,102.31,121.91,1.089
2025-07-04T14:15:00,2,zone2,14,4,0,2,rain,26.48,89.66,680,4,0,0.104,76.59,71.49,68.6,74.08,0.99,0.1051,2,74.6,Aman,0,normal,77.2,79.76,0.142
2025-07-04T14:30:00,4,zone4,14,4,0,0,clear,32.71,72.7,810,5,0,0.045,70.8,92.83,58.69,59.82,1.183,0.1146,7,57.13,Aman,0,normal,97.42,63.86,1.865
2025-07-04T14:45:00,2,zone2,14,4,0,0,clear,32.96,61.99,680,4,0,0.042,131.16,131.72,84.23,56.78,0.48,0.1937,4,81.74,Aman,1,density_spike,329.05,139.35,3.274
2025-07-04T15:00:00,3,zone3,15,4,0,2,rain,31.22,81.2,430,2,1,0.623,109.59,155.65,205.3,87.15,0.625,0.362,4,105.8,Waspada,1,density_spike,370.79,95.27,4.921
2025-07-04T15:15:00,1,zone1,15,4,0,1,cloudy,26.91,72.71,520,3,0,0.125,107.14,86.62,85.67,80.03,1.079,0.1666,7,63.7,Aman,0,normal,84.45,96.67,0.679
2025-07-04T15:30:00,4,zone4,15,4,0,0,clear,29.63,77.76,810,5,0,0.084,44.87,63.03,50.27,98.66,1.002,0.0778,4,67.96,Aman,0,normal,44.09,40.3,0.21
2025-07-04T15:45:00,3,zone3,15,4,0,1,cloudy,30.74,87.21,430,2,0,0.034,138.2,146.56,153.69,28.77,0.741,0.3408,3,76.96,Aman,0,normal,142.57,135.02,0.419
2025-07-04T16:00:00,2,zone2,16,4,0,1,cloudy,31.19,61.47,680,4,0,0.126,91.44,96.97,92.4,54.39,1.137,0.1426,3,67.46,Aman,0,normal,105.26,83.71,1.197
2025-07-04T16:15:00,4,zone4,16,4,0,0,clear,34.83,72.27,810,5,0,0.039,115.01,90.83,55.18,77.73,1.129,0.1121,3,71.26,Aman,0,normal,86.1,114.94,1.602
2025-07-04T16:30:00,4,zone4,16,4,0,2,rain,27.23,88.6,810,5,0,0.064,59.06,32.58,63.48,42.63,1.382,0.0402,7,60.57,Aman,0,normal,46.59,54.16,0.421
2025-07-04T16:45:00,5,zone5,16,4,0,2,rain,29.57,88.4,360,2,0,0.168,76.41,57.05,36.43,71.4,1.019,0.1585,8,72.04,Aman,0,normal,47.0,76.29,1.627
2025-07-04T17:00:00,5,zone5,17,4,0,0,clear,32.6,70.9,360,2,0,0.057,113.18,110.06,111.58,38.69,1.188,0.3057,4,61.04,Aman,0,normal,76.53,100.94,1.357
2025-07-04T17:15:00,4,zone4,17,4,0,2,rain,27.11,81.27,810,5,1,0.755,105.59,146.84,185.67,91.94,1.094,0.1813,6,86.17,Waspada,0,normal,152.66,102.2,2.804
2025-07-04T17:30:00,1,zone1,17,4,0,0,clear,28.6,75.28,520,3,0,0.117,181.13,191.42,153.08,32.41,1.03,0.3681,8,70.4,Aman,0,normal,189.74,156.27,1.785
2025-07-04T17:45:00,4,zone4,17,4,0,2,rain,28.67,81.03,810,5,0,0.132,117.38,78.97,56.35,57.46,1.097,0.0975,7,68.19,Aman,0,normal,101.22,104.17,0.163
2025-07-04T18:00:00,4,zone4,18,4,0,1,cloudy,27.69,63.71,810,5,0,0.171,119.07,114.1,160.18,96.77,1.176,0.1409,4,69.03,Aman,0,normal,132.18,127.9,0.238
2025-07-04T18:15:00,2,zone2,18,4,0,3,storm,26.71,98,680,4,0,0.08,113.44,97.49,122.86,36.88,0.855,0.1434,5,69.32,Aman,0,normal,75.05,108.95,1.883
2025-07-04T18:30:00,4,zone4,18,4,0,2,rain,26.33,83.94,810,5,0,0.102,113.19,97.76,139.25,60.53,1.301,0.1207,3,69.5,Aman,0,normal,107.16,125.96,1.045
2025-07-04T18:45:00,5,zone5,18,4,0,1,cloudy,24.72,78.89,360,2,0,0.148,113.57,96.12,90.84,75.99,0.986,0.267,2,70.13,Aman,0,normal,135.63,100.91,1.929
2025-07-04T19:00:00,4,zone4,19,4,0,1,cloudy,28.51,71.72,810,5,0,0.049,104.26,87.84,101.01,67.96,1.281,0.1084,6,74.9,Aman,0,normal,103.91,110.77,0.381
2025-07-04T19:15:00,4,zone4,19,4,0,1,cloudy,31.22,84.84,810,5,0,0.131,66.6,81.25,102.22,53.62,1.154,0.1003,3,77.14,Aman,0,normal,77.52,59.52,1.0
2025-07-04T19:30:00,1,zone1,19,4,0,0,clear,32.91,64.49,520,3,0,0.087,172.92,182.74,214.76,33.73,1.006,0.3514,2,62.36,Aman,0,normal,155.62,166.95,0.566
2025-07-04T19:45:00,1,zone1,19,4,0,2,rain,26.21,72.17,520,3,0,0.035,158.28,140.27,150.11,67.47,0.885,0.2697,2,71.24,Aman,0,normal,158.13,166.04,0.397
2025-07-04T20:00:00,3,zone3,20,4,0,0,clear,30.78,81.95,430,2,0,0.177,121.38,112.26,86.47,80.76,1.236,0.2611,6,68.61,Aman,0,normal,111.92,124.93,0.723
2025-07-04T20:15:00,3,zone3,20,4,0,2,rain,27.21,80.25,430,2,0,0.04,37.33,33.13,37.75,58.31,1.134,0.077,5,66.38,Aman,0,normal,47.58,40.59,0.389
2025-07-04T20:30:00,4,zone4,20,4,0,2,rain,29.2,70.02,810,5,0,0.159,91.61,56.49,83.88,68.2,1.429,0.0697,7,53.84,Aman,0,normal,72.35,100.4,1.558
2025-07-04T20:45:00,2,zone2,20,4,0,1,cloudy,27.48,91.01,680,4,0,0.174,167.84,181.35,252.79,49.95,0.455,0.2667,6,92.24,Aman,1,density_spike,39.94,145.78,4.073
2025-07-04T21:00:00,2,zone2,21,4,0,0,clear,31.87,54.78,680,4,0,0.05,126.75,139.28,146.33,75.97,1.069,0.2048,6,68.74,Aman,0,normal,126.7,119.59,0.395
2025-07-04T21:15:00,3,zone3,21,4,0,0,clear,29.1,82.51,430,2,0,0.058,69.82,56.51,55.83,62.8,1.477,0.1314,6,64.35,Aman,0,normal,54.39,71.79,0.967
2025-07-04T21:30:00,4,zone4,21,4,0,0,clear,32.07,63.43,810,5,0,0.072,97.36,132.82,171.27,36.87,1.229,0.164,2,70.09,Aman,0,normal,130.84,99.06,1.765
2025-07-04T21:45:00,3,zone3,21,4,0,1,cloudy,31.61,73.37,430,2,0,0.166,131.13,133.44,171.9,80.57,0.886,0.3103,4,74.51,Aman,0,normal,140.24,146.77,0.363
2025-07-04T22:00:00,3,zone3,22,4,0,3,storm,27.91,90.15,430,2,0,0.082,68.6,57.14,59.9,94.35,0.862,0.1329,3,76.15,Aman,0,normal,62.3,64.79,0.138
2025-07-04T22:15:00,2,zone2,22,4,0,0,clear,24.63,74.27,680,4,0,0.038,124.54,133.88,114.71,43.09,1.194,0.1969,5,70.96,Aman,0,normal,108.21,121.12,0.717
2025-07-04T22:30:00,5,zone5,22,4,0,2,rain,29.99,83.99,360,2,0,0.041,71.49,71.91,43.74,52.0,0.879,0.1998,8,74.96,Aman,0,normal,85.28,68.39,0.938
2025-07-04T22:45:00,5,zone5,22,4,0,0,clear,31.06,63.73,360,2,0,0.038,126.19,122.72,109.79,95.39,1.113,0.3409,2,62.11,Aman,0,normal,140.39,122.36,1.002
2025-07-04T23:00:00,3,zone3,23,4,0,1,cloudy,29.76,73.69,430,2,0,0.178,126.55,124.02,136.44,68.82,1.098,0.2884,6,82.81,Aman,0,normal,142.95,130.66,0.683
2025-07-04T23:15:00,1,zone1,23,4,0,0,clear,34.97,68.75,520,3,0,0.124,157.82,150.68,179.44,47.7,0.983,0.2898,8,72.14,Aman,0,normal,153.92,168.8,0.735
2025-07-04T23:30:00,5,zone5,23,4,0,0,clear,31.85,72.45,360,2,0,0.108,73.1,73.03,93.36,70.69,1.131,0.2029,3,73.87,Aman,0,normal,38.38,63.41,1.39
2025-07-04T23:45:00,5,zone5,23,4,0,1,cloudy,30.88,75.79,360,2,0,0.152,152.44,129.64,96.75,64.23,0.938,0.3601,2,67.05,Aman,0,normal,134.09,167.11,1.647
2025-07-05T00:00:00,1,zone1,0,5,1,0,clear,30.32,66.3,520,3,0,0.156,142.68,158.5,162.91,32.74,1.26,0.3048,4,79.82,Aman,0,normal,166.39,144.03,1.242
2025-07-05T00:15:00,4,zone4,0,5,1,1,cloudy,32.93,68.0,810,5,0,0.117,35.89,55.69,71.45,23.43,1.325,0.0688,4,66.95,Aman,0,normal,37.83,37.28,0.03
2025-07-05T00:30:00,2,zone2,0,5,1,0,clear,29.82,49.79,680,4,0,0.149,139.4,170.99,194.63,100.73,0.863,0.2515,8,67.6,Aman,0,normal,165.48,134.32,1.731
2025-07-05T00:45:00,4,zone4,0,5,1,0,clear,34.18,69.37,810,5,0,0.093,75.58,92.03,99.45,65.77,1.274,0.1136,5,61.13,Aman,0,normal,67.0,65.83,0.065
2025-07-05T01:00:00,4,zone4,1,5,1,0,clear,30.64,54.62,810,5,0,0.07,92.17,80.0,111.81,75.89,1.488,0.0988,6,68.24,Aman,0,normal,96.01,90.51,0.305
2025-07-05T01:15:00,5,zone5,1,5,1,0,clear,32.72,72.24,360,2,0,0.165,52.71,92.98,90.6,82.07,1.114,0.2583,5,65.17,Aman,0,normal,78.44,58.81,1.09
2025-07-05T01:30:00,3,zone3,1,5,1,0,clear,32.21,66.28,430,2,1,0.689,78.23,160.64,141.94,147.23,0.736,0.3736,3,78.53,Waspada,1,density_spike,153.83,76.44,4.299
2025-07-05T01:45:00,2,zone2,1,5,1,1,cloudy,28.76,50.98,680,4,0,0.157,129.38,135.89,158.87,99.27,1.138,0.1998,7,63.39,Aman,0,normal,113.44,140.84,1.522
2025-07-05T02:00:00,3,zone3,2,5,1,3,storm,23.26,95.65,430,2,0,0.151,93.83,60.69,42.24,65.95,1.051,0.1411,5,71.84,Aman,0,normal,40.54,93.82,2.96
2025-07-05T02:15:00,1,zone1,2,5,1,1,cloudy,29.25,66.04,520,3,1,0.91,167.62,215.04,272.76,127.12,1.143,0.4135,7,96.49,Waspada,0,normal,211.32,177.07,1.612
2025-07-05T02:30:00,5,zone5,2,5,1,0,clear,31.97,77.24,360,2,0,0.025,115.38,87.18,98.15,47.78,1.261,0.2422,7,66.08,Aman,0,normal,100.44,123.68,1.291
2025-07-05T02:45:00,5,zone5,2,5,1,2,rain,26.09,67.05,360,2,0,0.09,43.61,32.38,23.04,59.55,1.476,0.0899,8,66.73,Aman,0,normal,1.2,44.65,2.414
2025-07-05T03:00:00,3,zone3,3,5,1,1,cloudy,31.79,70.3,430,2,1,0.78,119.29,156.3,195.56,132.75,0.99,0.3635,7,97.65,Waspada,0,normal,149.94,129.96,1.11
2025-07-05T03:15:00,1,zone1,3,5,1,2,rain,30.64,93.16,520,3,0,0.127,77.23,109.87,138.55,86.62,1.078,0.2113,6,63.99,Aman,0,normal,120.38,72.69,2.65
2025-07-05T03:30:00,2,zone2,3,5,1,1,cloudy,30.86,73.96,680,4,0,0.016,91.01,56.79,58.57,59.2,1.228,0.0835,5,55.4,Aman,0,normal,66.17,98.0,1.768
2025-07-05T03:45:00,1,zone1,3,5,1,0,clear,28.23,64.88,520,3,0,0.014,189.5,164.85,193.03,80.51,1.173,0.317,4,67.55,Aman,0,normal,162.55,197.43,1.472
2025-07-05T04:00:00,3,zone3,4,5,1,1,cloudy,26.04,67.37,430,2,1,0.973,178.84,276.06,345.47,170.84,0.312,0.642,8,114,Bahaya,1,density_spike,67.88,199.83,6.187
2025-07-05T04:15:00,1,zone1,4,5,1,2,rain,26.18,93.5,520,3,0,0.041,170.14,179.05,208.79,85.25,0.689,0.3443,5,58.33,Aman,0,normal,175.02,150.33,1.369
2025-07-05T04:30:00,3,zone3,4,5,1,0,clear,32.83,62.51,430,2,1,0.971,137.46,191.2,246.16,162.56,0.872,0.4447,8,101.05,Bahaya,0,normal,170.63,136.12,1.917
2025-07-05T04:45:00,2,zone2,4,5,1,0,clear,32.66,70.69,680,4,1,0.819,143.57,207.14,246.54,132.53,1.04,0.3046,8,86.18,Waspada,1,density_spike,232.56,152.19,4.401
2025-07-05T05:00:00,2,zone2,5,5,1,2,rain,29.13,78.08,680,4,0,0.056,76.33,30.74,50.25,45.12,1.123,0.0452,7,67.59,Aman,0,normal,32.31,83.85,2.863
2025-07-05T05:15:00,3,zone3,5,5,1,2,rain,25.38,64.02,430,2,0,0.084,59.21,55.07,18.8,73.85,1.034,0.1281,2,63.09,Aman,0,normal,39.88,53.8,0.774
2025-07-05T05:30:00,2,zone2,5,5,1,1,cloudy,32.66,85.81,680,4,1,0.544,122.03,172.11,190.12,104.31,1.444,0.2531,4,82.73,Waspada,1,density_spike,188.63,121.67,3.72
2025-07-05T05:45:00,2,zone2,5,5,1,0,clear,34.53,57.55,680,4,0,0.017,120.21,88.89,71.93,45.38,1.23,0.1307,3,48.59,Aman,0,normal,84.11,113.07,1.609
2025-07-05T06:00:00,1,zone1,6,5,1,2,rain,26.54,96.35,520,3,0,0.102,171.58,164.79,142.42,42.8,0.991,0.3169,7,63.38,Aman,0,normal,179.54,153.17,1.434
2025-07-05T06:15:00,1,zone1,6,5,1,2,rain,25.58,80.15,520,3,0,0.101,155.62,140.1,149.59,64.9,1.173,0.2694,7,72.7,Aman,0,normal,149.24,141.6,0.424
2025-07-05T06:30:00,1,zone1,6,5,1,2,rain,28.6,86.34,520,3,0,0.013,140.29,120.06,140.61,78.75,1.051,0.2309,4,55.85,Aman,0,normal,92.35,136.58,2.457
2025-07-05T06:45:00,3,zone3,6,5,1,0,clear,30.8,74.8,430,2,1,0.729,172.91,228.83,246.88,114.71,0.833,0.5322,2,84.35,Bahaya,1,density_spike,244.91,161.27,4.322
2025-07-05T07:00:00,3,zone3,7,5,1,1,cloudy,29.78,65.0,430,2,1,0.864,114.5,150.84,206.36,113.12,0.422,0.3508,5,106.3,Waspada,1,density_spike,36.64,104.3,5.166
2025-07-05T07:15:00,5,zone5,7,5,1,1,cloudy,32.6,90.04,360,2,0,0.065,117.13,103.0,118.04,67.28,0.88,0.2861,6,67.34,Aman,0,normal,101.91,123.55,1.202
2025-07-05T07:30:00,3,zone3,7,5,1,1,cloudy,35.67,82.56,430,2,0,0.118,129.63,109.63,116.59,73.16,1.297,0.2549,6,62.96,Aman,0,normal,120.91,124.32,0.189
2025-07-05T07:45:00,5,zone5,7,5,1,0,clear,31.2,48,360,2,0,0.154,78.22,111.12,116.73,49.11,1.174,0.3087,4,67.49,Aman,0,normal,88.98,81.42,0.42
2025-07-05T08:00:00,3,zone3,8,5,1,0,clear,30.58,70.66,430,2,0,0.172,127.87,144.25,155.5,86.4,1.069,0.3355,5,74.18,Waspada,0,normal,141.3,113.77,1.529
2025-07-05T08:15:00,5,zone5,8,5,1,2,rain,27.13,70.77,360,2,0,0.001,130.48,120.25,78.81,36.77,0.787,0.334,2,69.45,Aman,0,normal,107.62,115.94,0.462
2025-07-05T08:30:00,2,zone2,8,5,1,0,clear,29.21,69.77,680,4,0,0.102,180.78,197.5,186.08,58.79,0.876,0.2904,4,76.42,Aman,0,normal,215.73,170.86,2.189
2025-07-05T08:45:00,1,zone1,8,5,1,1,cloudy,30.69,88.46,520,3,0,0.029,114.01,127.65,106.11,64.2,1.11,0.2455,6,63.81,Aman,0,normal,148.09,113.85,1.903
2025-07-05T09:00:00,1,zone1,9,5,1,0,clear,31.28,66.7,520,3,0,0.172,240.32,249.06,189.58,84.87,0.642,0.479,7,76.77,Waspada,0,normal,270.35,220.98,1.862
2025-07-05T09:15:00,2,zone2,9,5,1,1,cloudy,29.75,90.76,680,4,0,0.02,167.73,174.33,188.36,52.29,1.047,0.2564,7,66.64,Aman,0,normal,189.66,164.67,1.265
2025-07-05T09:30:00,2,zone2,9,5,1,0,clear,31.08,74.38,680,4,0,0.11,161.35,157.07,138.49,36.55,1.244,0.231,2,59.94,Aman,0,normal,124.29,169.83,2.235
2025-07-05T09:45:00,2,zone2,9,5,1,1,cloudy,30.97,63.25,680,4,0,0.052,161.59,155.0,161.78,79.23,0.943,0.2279,6,62.91,Aman,0,normal,153.37,148.24,0.285
2025-07-05T10:00:00,2,zone2,10,5,1,0,clear,30.73,70.35,680,4,0,0.167,249.22,267.58,275.52,86.27,0.937,0.3935,6,74.01,Waspada,0,normal,249.22,233.75,0.552
2025-07-05T10:15:00,5,zone5,10,5,1,1,cloudy,28.18,79.86,360,2,1,0.919,145.48,200.59,261.04,146.31,0.675,0.5572,2,90.23,Bahaya,1,density_spike,232.28,159.29,3.819
2025-07-05T10:30:00,3,zone3,10,5,1,0,clear,33.64,60.79,430,2,0,0.161,98.41,105.76,127.58,75.4,1.082,0.2459,2,67.88,Aman,0,normal,108.61,97.82,0.599
2025-07-05T10:45:00,2,zone2,10,5,1,2,rain,28.56,98,680,4,1,0.659,151.28,173.31,227.58,99.87,1.14,0.2549,5,79.24,Waspada,0,normal,141.29,151.46,0.56
2025-07-05T11:00:00,2,zone2,11,5,1,2,rain,26.48,79.75,680,4,1,0.739,171.68,184.79,211.81,141.7,1.111,0.2717,7,86.94,Waspada,0,normal,159.73,163.39,0.186
2025-07-05T11:15:00,5,zone5,11,5,1,2,rain,26.84,66.36,360,2,1,0.847,88.88,138.27,181.07,124.95,1.071,0.3841,6,87.0,Waspada,0,normal,104.86,82.29,1.254
2025-07-05T11:30:00,5,zone5,11,5,1,1,cloudy,36.56,85.81,360,2,0,0.088,91.71,112.39,98.8,51.65,0.905,0.3122,6,59.94,Aman,0,normal,119.03,97.4,1.202
2025-07-05T11:45:00,2,zone2,11,5,1,0,clear,32.44,78.91,680,4,1,0.532,169.56,202.77,244.94,112.92,1.186,0.2982,5,75.69,Waspada,0,normal,204.78,179.66,1.165
2025-07-05T12:00:00,4,zone4,12,5,1,0,clear,32.97,61.2,810,5,0,0.022,139.75,120.75,94.63,58.03,1.303,0.1491,7,67.68,Aman,0,normal,121.02,125.1,0.227
2025-07-05T12:15:00,2,zone2,12,5,1,1,cloudy,29.45,56.02,680,4,0,0.065,97.84,87.75,95.21,52.56,1.391,0.129,6,67.7,Aman,0,normal,67.17,92.21,1.391
2025-07-05T12:30:00,3,zone3,12,5,1,0,clear,30.71,69.46,430,2,0,0.105,147.25,168.65,125.33,69.49,1.152,0.3922,7,65.08,Waspada,0,normal,178.28,159.06,1.007
2025-07-05T12:45:00,1,zone1,12,5,1,0,clear,32.46,67.64,520,3,0,0.044,235.29,234.67,221.86,90.32,0.924,0.4513,8,70.43,Waspada,0,normal,211.02,256.75,1.484
2025-07-05T13:00:00,2,zone2,13,5,1,0,clear,33.28,64.96,680,4,1,0.647,203.73,248.78,272.86,141.98,1.023,0.3658,3,85.6,Waspada,0,normal,232.93,196.39,1.55
2025-07-05T13:15:00,5,zone5,13,5,1,1,cloudy,27.88,62.61,360,2,0,0.14,89.81,93.14,65.28,73.01,1.43,0.2587,6,68.18,Aman,0,normal,126.91,91.23,1.982
2025-07-05T13:30:00,2,zone2,13,5,1,1,cloudy,31.46,85.21,680,4,0,0.06,156.07,123.11,113.12,84.57,0.816,0.181,5,55.15,Aman,0,normal,141.84,156.07,0.76
2025-07-05T13:45:00,4,zone4,13,5,1,0,clear,28.83,57.94,810,5,0,0.012,48.68,39.9,48.56,45.95,1.121,0.0493,7,80.16,Aman,0,normal,10.84,49.33,2.138
2025-07-05T14:00:00,3,zone3,14,5,1,0,clear,27.88,56.93,430,2,0,0.032,82.69,116.77,136.26,50.88,1.095,0.2716,5,62.61,Aman,0,normal,89.68,74.07,0.867
2025-07-05T14:15:00,5,zone5,14,5,1,0,clear,30.12,55.95,360,2,0,0.136,127.45,156.54,163.41,25.27,0.833,0.4348,3,75.63,Aman,0,normal,134.9,138.62,0.207
2025-07-05T14:30:00,4,zone4,14,5,1,1,cloudy,28.53,81.21,810,5,0,0.066,95.76,86.48,63.56,53.43,1.229,0.1068,5,73.43,Aman,0,normal,66.36,103.79,2.08
2025-07-05T14:45:00,1,zone1,14,5,1,2,rain,23.25,98,520,3,0,0.123,146.26,128.06,119.47,51.96,1.449,0.2463,6,74.54,Aman,0,normal,131.7,149.23,0.974
2025-07-05T15:00:00,5,zone5,15,5,1,0,clear,34.21,76.44,360,2,0,0.117,137.96,135.57,120.09,76.18,1.127,0.3766,6,68.55,Aman,0,normal,153.46,139.21,0.791
2025-07-05T15:15:00,4,zone4,15,5,1,0,clear,29.11,73.54,810,5,0,0.077,82.41,69.61,77.52,40.37,1.055,0.0859,8,65.78,Aman,0,normal,71.71,88.05,0.908
2025-07-05T15:30:00,1,zone1,15,5,1,0,clear,31.85,70.13,520,3,0,0.05,200.75,200.48,188.43,65.01,1.13,0.3855,3,61.41,Aman,0,normal,227.61,172.88,2.638
2025-07-05T15:45:00,4,zone4,15,5,1,0,clear,30.22,68.55,810,5,0,0.105,107.53,110.8,80.78,75.76,1.289,0.1368,4,66.41,Aman,0,normal,113.23,97.26,0.887
2025-07-05T16:00:00,2,zone2,16,5,1,2,rain,26.97,66.22,680,4,0,0.026,132.33,129.91,138.24,38.77,1.285,0.191,2,68.77,Aman,0,normal,82.06,133.12,2.837
2025-07-05T16:15:00,3,zone3,16,5,1,3,storm,25.36,81.77,430,2,0,0.054,144.53,125.92,110.85,57.41,0.913,0.2928,7,61.91,Aman,0,normal,105.05,131.33,1.46
2025-07-05T16:30:00,5,zone5,16,5,1,0,clear,28.36,78.5,360,2,0,0.046,12.31,31.33,26.05,64.53,1.306,0.087,4,63.33,Aman,0,normal,34.47,12.76,1.206
2025-07-05T16:45:00,3,zone3,16,5,1,0,clear,33.53,64.28,430,2,1,0.864,150.99,207.36,289.1,130.7,0.578,0.4822,6,85.01,Bahaya,0,normal,199.31,148.36,2.831
2025-07-05T17:00:00,1,zone1,17,5,1,1,cloudy,27.66,58.46,520,3,0,0.008,172.59,135.89,176.66,65.53,1.274,0.2613,5,75.59,Aman,0,normal,137.25,150.52,0.734
2025-07-05T17:15:00,2,zone2,17,5,1,1,cloudy,28.66,78.46,680,4,0,0.139,159.94,167.46,182.15,65.61,1.15,0.2463,6,69.67,Aman,0,normal,184.62,166.82,0.889
2025-07-05T17:30:00,1,zone1,17,5,1,0,clear,31.75,61.9,520,3,0,0.004,237.46,237.72,244.24,67.06,1.039,0.4572,8,72.25,Waspada,0,normal,234.78,214.05,0.807
2025-07-05T17:45:00,3,zone3,17,5,1,0,clear,28.6,72.25,430,2,0,0.04,117.74,107.78,94.57,66.21,0.826,0.2506,3,62.75,Aman,0,normal,93.27,121.96,1.594
2025-07-05T18:00:00,1,zone1,18,5,1,3,storm,27.09,98,520,3,0,0.034,137.25,124.22,158.13,55.56,1.096,0.2389,6,62.96,Aman,0,normal,122.88,138.64,0.875
2025-07-05T18:15:00,1,zone1,18,5,1,0,clear,30.73,69.63,520,3,0,0.134,222.38,220.06,261.02,79.02,0.903,0.4232,4,74.35,Waspada,0,normal,225.13,229.38,0.154
2025-07-05T18:30:00,5,zone5,18,5,1,2,rain,28.43,85.6,360,2,1,0.978,159.89,198.42,269.04,190.94,0.859,0.5512,7,82.0,Bahaya,0,normal,202.46,157.63,2.37
2025-07-05T18:45:00,5,zone5,18,5,1,1,cloudy,32.34,73.33,360,2,0,0.129,79.27,87.41,93.57,58.27,0.928,0.2428,3,68.49,Aman,0,normal,82.51,79.89,0.146
2025-07-05T19:00:00,4,zone4,19,5,1,0,clear,26.77,56.41,810,5,0,0.001,152.87,145.14,184.53,50.86,0.88,0.1792,7,70.68,Aman,0,normal,165.6,168.85,0.16
2025-07-05T19:15:00,1,zone1,19,5,1,2,rain,29.66,79.99,520,3,0,0.17,164.35,162.53,198.86,107.95,0.966,0.3126,6,64.93,Waspada,0,normal,183.26,171.01,0.597
2025-07-05T19:30:00,3,zone3,19,5,1,1,cloudy,31.84,78.51,430,2,0,0.111,153.57,159.25,212.19,54.8,0.924,0.3703,8,68.35,Aman,0,normal,182.29,160.09,1.155
2025-07-05T19:45:00,4,zone4,19,5,1,0,clear,30.95,76.06,810,5,0,0.156,162.33,174.59,224.9,51.74,0.957,0.2155,3,67.99,Aman,0,normal,156.54,144.43,0.673
2025-07-05T20:00:00,2,zone2,20,5,1,0,clear,31.88,76.69,680,4,0,0.127,167.87,192.16,244.49,70.58,0.834,0.2826,4,72.84,Aman,0,normal,197.62,183.88,0.623
2025-07-05T20:15:00,2,zone2,20,5,1,0,clear,33.57,61.62,680,4,0,0.001,153.7,149.64,168.12,58.59,0.927,0.2201,2,61.67,Aman,0,normal,130.31,137.44,0.396
2025-07-05T20:30:00,1,zone1,20,5,1,1,cloudy,37.46,83.22,520,3,1,0.871,250.88,305.88,394.62,179.87,0.98,0.5882,5,88.98,Bahaya,0,normal,312.63,256.16,1.837
2025-07-05T20:45:00,2,zone2,20,5,1,1,cloudy,27.66,82.59,680,4,0,0.025,202.33,209.51,263.78,59.59,0.919,0.3081,7,58.66,Aman,0,normal,209.66,180.29,1.357
2025-07-05T21:00:00,1,zone1,21,5,1,1,cloudy,26.96,87.1,520,3,1,0.732,251.27,278.56,403.49,123.72,0.914,0.5357,5,85.09,Bahaya,1,density_spike,310.37,224.8,3.172
2025-07-05T21:15:00,5,zone5,21,5,1,2,rain,27.97,88.83,360,2,0,0.057,8.21,4,4,35.87,1.012,0.0111,4,69.93,Aman,0,normal,15.88,8,0.438
2025-07-05T21:30:00,3,zone3,21,5,1,1,cloudy,26.54,72.04,430,2,0,0.038,199.35,192.45,206.02,47.07,0.819,0.4476,2,81.82,Aman,0,normal,179.66,200.0,0.848
2025-07-05T21:45:00,5,zone5,21,5,1,0,clear,27.19,57.7,360,2,0,0.064,74.04,98.98,126.94,45.12,1.241,0.2749,4,82.41,Aman,0,normal,85.03,78.57,0.359
2025-07-05T22:00:00,4,zone4,22,5,1,1,cloudy,26.06,84.52,810,5,0,0.104,80.69,76.85,57.81,41.8,0.926,0.0949,8,60.89,Aman,0,normal,68.39,87.11,1.04
2025-07-05T22:15:00,1,zone1,22,5,1,1,cloudy,29.24,74.31,520,3,0,0.055,202.38,191.98,179.54,43.02,0.903,0.3692,2,70.54,Aman,0,normal,170.92,184.26,0.603
2025-07-05T22:30:00,5,zone5,22,5,1,2,rain,28.1,76.67,360,2,0,0.004,86.77,80.96,43.21,72.84,0.92,0.2249,6,66.93,Aman,0,normal,70.45,79.9,0.525
2025-07-05T22:45:00,4,zone4,22,5,1,1,cloudy,30.01,60.54,810,5,1,0.573,188.37,228.18,245.09,98.86,1.254,0.2817,6,81.73,Waspada,0,normal,199.63,176.88,1.072
2025-07-05T23:00:00,2,zone2,23,5,1,0,clear,32.81,78.74,680,4,1,0.503,217.68,272.14,292.72,75.66,0.896,0.4002,7,75.07,Waspada,1,density_spike,258.05,188.08,3.1
2025-07-05T23:15:00,1,zone1,23,5,1,1,cloudy,30.78,66.36,520,3,1,0.908,167.52,230.44,271.38,165.83,0.815,0.4432,6,97.6,Bahaya,0,normal,232.89,171.54,2.98
2025-07-05T23:30:00,3,zone3,23,5,1,1,cloudy,27.66,70.17,430,2,0,0.002,103.04,94.44,119.66,54.99,1.377,0.2196,2,80.01,Aman,0,normal,115.98,91.37,1.368
2025-07-05T23:45:00,2,zone2,23,5,1,2,rain,27.77,98,680,4,0,0.036,135.69,102.74,134.05,73.83,1.257,0.1511,4,60.3,Aman,0,normal,99.08,147.45,2.687
2025-07-06T00:00:00,4,zone4,0,6,1,0,clear,29.63,64.34,810,5,0,0.161,110.2,93.17,103.01,76.43,1.164,0.115,6,78.63,Aman,0,normal,99.73,106.42,0.372
2025-07-06T00:15:00,5,zone5,0,6,1,1,cloudy,23.14,77.9,360,2,1,0.739,76.0,121.32,149.88,118.73,1.075,0.337,6,86.29,Waspada,0,normal,92.28,74.78,0.973
2025-07-06T00:30:00,5,zone5,0,6,1,0,clear,31.5,62.06,360,2,0,0.083,142.03,173.05,174.18,50.83,0.86,0.4807,8,71.19,Waspada,0,normal,171.88,127.37,2.473
2025-07-06T00:45:00,5,zone5,0,6,1,0,clear,33.65,80.35,360,2,0,0.055,90.65,62.87,75.93,52.56,1.216,0.1746,5,59.32,Aman,0,normal,46.51,92.2,2.539
2025-07-06T01:00:00,2,zone2,1,6,1,0,clear,33.5,72.18,680,4,0,0.001,58.59,55.73,40.53,29.77,1.037,0.082,3,62.59,Aman,0,normal,82.71,56.03,1.482
2025-07-06T01:15:00,3,zone3,1,6,1,1,cloudy,29.42,62.02,430,2,1,0.496,87.12,91.33,126.86,109.86,0.461,0.2124,7,110.87,Waspada,1,density_spike,184.11,87.61,5.781
2025-07-06T01:30:00,3,zone3,1,6,1,0,clear,32.28,68.85,430,2,1,0.853,122.02,188.62,247.11,161.54,0.453,0.4386,2,114,Bahaya,1,density_spike,45.49,117.75,4.047
2025-07-06T01:45:00,1,zone1,1,6,1,3,storm,23.28,89.09,520,3,0,0.129,159.4,147.07,180.34,67.11,0.933,0.2828,4,68.38,Aman,0,normal,114.42,157.51,2.28
2025-07-06T02:00:00,2,zone2,2,6,1,0,clear,28.02,79.26,680,4,0,0.161,59.77,69.07,111.72,76.23,1.043,0.1016,8,63.65,Aman,0,normal,68.15,53.48,0.815
2025-07-06T02:15:00,2,zone2,2,6,1,0,clear,31.51,64.38,680,4,0,0.11,98.61,82.35,91.99,45.65,1.069,0.1211,8,63.43,Aman,0,normal,116.86,95.24,1.201
2025-07-06T02:30:00,2,zone2,2,6,1,2,rain,29.36,89.73,680,4,0,0.173,95.65,94.5,64.77,80.33,1.203,0.139,6,66.73,Aman,0,normal,111.18,88.88,1.239
2025-07-06T02:45:00,4,zone4,2,6,1,0,clear,29.17,70.39,810,5,0,0.063,99.06,115.62,153.25,46.84,0.834,0.1427,7,68.34,Aman,0,normal,113.78,91.96,1.212
2025-07-06T03:00:00,2,zone2,3,6,1,0,clear,26.68,70.43,680,4,0,0.09,103.37,138.89,160.19,62.9,0.232,0.2043,2,81.39,Aman,1,density_spike,214.82,95.33,5.482
2025-07-06T03:15:00,4,zone4,3,6,1,0,clear,34.54,86.32,810,5,0,0.07,114.11,123.51,139.16,62.31,1.382,0.1525,2,64.54,Aman,0,normal,145.6,114.93,1.704
2025-07-06T03:30:00,5,zone5,3,6,1,0,clear,31.94,79.32,360,2,0,0.065,93.24,85.09,101.69,57.16,1.038,0.2364,8,65.17,Aman,0,normal,85.36,95.76,0.578
2025-07-06T03:45:00,1,zone1,3,6,1,1,cloudy,27.77,73.66,520,3,0,0.115,136.2,118.52,96.6,112.0,1.39,0.2279,7,79.88,Aman,0,normal,106.87,119.12,0.68
2025-07-06T04:00:00,4,zone4,4,6,1,0,clear,30.28,58.79,810,5,0,0.175,121.76,152.98,140.26,47.37,0.746,0.1889,4,64.72,Aman,0,normal,181.81,133.58,2.679
2025-07-06T04:15:00,1,zone1,4,6,1,2,rain,28.3,88.28,520,3,0,0.02,83.01,80.59,67.17,47.32,1.443,0.155,7,75.24,Aman,0,normal,97.76,78.2,1.086
2025-07-06T04:30:00,2,zone2,4,6,1,2,rain,28.05,63.67,680,4,0,0.115,100.42,102.1,87.63,63.35,1.276,0.1501,3,74.43,Aman,0,normal,107.83,100.65,0.399
2025-07-06T04:45:00,4,zone4,4,6,1,1,cloudy,27.26,69.53,810,5,0,0.02,30.92,9.7,32.24,57.32,1.326,0.012,2,61.86,Aman,0,normal,-6.4,30.7,2.061
2025-07-06T05:00:00,4,zone4,5,6,1,0,clear,29.54,65.54,810,5,0,0.175,59.19,63.92,41.49,37.15,1.283,0.0789,7,69.0,Aman,0,normal,59.5,55.4,0.228
2025-07-06T05:15:00,4,zone4,5,6,1,1,cloudy,29.99,63.73,810,5,0,0.17,101.29,106.78,121.63,44.82,1.011,0.1318,6,64.74,Aman,0,normal,118.0,107.71,0.572
2025-07-06T05:30:00,4,zone4,5,6,1,0,clear,31.93,73.71,810,5,0,0.07,135.07,127.94,122.78,91.14,0.986,0.1579,4,59.78,Aman,0,normal,109.98,116.95,0.388
2025-07-06T05:45:00,3,zone3,5,6,1,0,clear,32.45,61.5,430,2,0,0.064,135.32,136.77,93.24,65.22,0.817,0.3181,6,63.38,Aman,0,normal,146.33,149.42,0.172
2025-07-06T06:00:00,2,zone2,6,6,1,0,clear,26.23,70.64,680,4,0,0.076,236.27,248.82,214.17,47.45,1.043,0.3659,5,82.51,Aman,0,normal,230.95,227.42,0.129
2025-07-06T06:15:00,4,zone4,6,6,1,0,clear,33.81,66.12,810,5,0,0.104,76.17,56.45,67.19,27.91,1.485,0.0697,4,55.86,Aman,0,normal,48.89,78.86,1.665
2025-07-06T06:30:00,2,zone2,6,6,1,0,clear,33.83,62.1,680,4,0,0.019,175.38,162.66,162.78,23.86,0.368,0.2392,4,89.84,Aman,1,density_spike,39.72,187.33,3.208
2025-07-06T06:45:00,2,zone2,6,6,1,0,clear,31.88,61.87,680,4,0,0.173,141.5,169.86,203.55,78.37,0.85,0.2498,8,75.77,Aman,1,density_spike,200.75,135.65,3.617
2025-07-06T07:00:00,4,zone4,7,6,1,0,clear,30.53,56.63,810,5,0,0.143,130.35,162.64,197.16,59.57,1.125,0.2008,5,66.68,Aman,0,normal,106.16,117.46,0.628
2025-07-06T07:15:00,5,zone5,7,6,1,0,clear,31.44,53.8,360,2,0,0.128,124.76,144.22,146.64,76.61,0.743,0.4006,7,71.43,Waspada,0,normal,162.05,109.84,2.901
2025-07-06T07:30:00,3,zone3,7,6,1,0,clear,29.43,73.99,430,2,0,0.019,77.77,90.67,51.68,74.62,0.716,0.2109,2,68.0,Aman,0,normal,68.21,76.38,0.453
2025-07-06T07:45:00,3,zone3,7,6,1,1,cloudy,26.96,58.44,430,2,1,0.924,124.55,183.66,226.54,122.19,1.134,0.4271,7,86.36,Bahaya,1,density_spike,170.73,110.85,3.327
2025-07-06T08:00:00,1,zone1,8,6,1,0,clear,29.58,75.58,520,3,0,0.0,188.12,187.81,155.62,79.1,0.67,0.3612,3,71.25,Aman,0,normal,184.65,175.5,0.434
2025-07-06T08:15:00,1,zone1,8,6,1,2,rain,26.05,81.47,520,3,0,0.16,131.65,132.41,108.45,72.56,1.133,0.2546,5,76.34,Aman,0,normal,137.19,124.96,0.679
2025-07-06T08:30:00,4,zone4,8,6,1,1,cloudy,28.17,76.27,810,5,0,0.097,92.06,64.24,48.92,64.7,0.923,0.0793,8,77.69,Aman,0,normal,88.22,95.98,0.431
2025-07-06T08:45:00,1,zone1,8,6,1,0,clear,35.05,60.3,520,3,0,0.123,264.48,273.38,273.51,78.78,0.852,0.5257,6,69.29,Waspada,0,normal,264.54,265.32,0.025
2025-07-06T09:00:00,5,zone5,9,6,1,0,clear,31.38,64.52,360,2,0,0.071,142.17,144.87,141.54,80.3,1.236,0.4024,6,65.65,Waspada,0,normal,132.03,129.94,0.116
2025-07-06T09:15:00,4,zone4,9,6,1,2,rain,26.09,78.47,810,5,0,0.153,152.68,163.02,159.91,80.02,1.141,0.2013,3,67.71,Aman,0,normal,169.71,158.13,0.61
2025-07-06T09:30:00,4,zone4,9,6,1,1,cloudy,28.76,68.12,810,5,1,0.87,166.3,228.04,277.91,119.48,1.214,0.2815,5,78.63,Waspada,0,normal,224.32,180.75,2.009
2025-07-06T09:45:00,2,zone2,9,6,1,2,rain,29.1,71.76,680,4,0,0.167,142.55,152.58,157.89,52.82,1.065,0.2244,5,82.8,Aman,0,normal,175.03,122.95,2.893
2025-07-06T10:00:00,1,zone1,10,6,1,0,clear,29.44,61.88,520,3,0,0.105,211.49,229.76,249.74,84.23,1.068,0.4418,5,71.82,Waspada,0,normal,240.21,196.98,1.829
2025-07-06T10:15:00,1,zone1,10,6,1,1,cloudy,28.13,70.29,520,3,0,0.093,212.82,232.61,246.31,50.15,1.238,0.4473,6,74.74,Aman,0,normal,255.51,221.24,1.291
2025-07-06T10:30:00,3,zone3,10,6,1,0,clear,34.66,72.78,430,2,0,0.078,158.81,172.77,147.98,44.48,1.186,0.4018,5,62.28,Aman,0,normal,165.98,148.03,0.997
2025-07-06T10:45:00,5,zone5,10,6,1,0,clear,32.07,73.52,360,2,0,0.061,97.15,98.31,110.31,62.64,1.081,0.2731,5,67.7,Aman,0,normal,65.38,85.5,1.117
2025-07-06T11:00:00,5,zone5,11,6,1,1,cloudy,34.37,68.43,360,2,0,0.02,94.73,86.7,74.15,49.84,0.819,0.2408,7,78.52,Aman,0,normal,82.77,85.15,0.132
2025-07-06T11:15:00,3,zone3,11,6,1,0,clear,31.67,58.14,430,2,0,0.078,199.3,196.62,202.65,46.49,0.928,0.4573,3,66.75,Waspada,0,normal,176.13,202.56,1.087
2025-07-06T11:30:00,4,zone4,11,6,1,1,cloudy,27.88,70.6,810,5,0,0.111,119.86,112.15,143.6,38.62,1.122,0.1385,2,64.62,Aman,0,normal,103.15,104.68,0.085
2025-07-06T11:45:00,1,zone1,11,6,1,0,clear,31.23,68.24,520,3,0,0.033,138.75,158.03,181.18,86.45,0.552,0.3039,5,95.25,Aman,1,density_spike,425.68,149.42,3.369
2025-07-06T12:00:00,5,zone5,12,6,1,0,clear,33.07,68.32,360,2,0,0.162,113.21,92.86,98.17,71.54,1.39,0.2579,6,72.39,Aman,0,normal,115.06,121.56,0.361
2025-07-06T12:15:00,5,zone5,12,6,1,0,clear,32.73,59.42,360,2,0,0.095,118.89,161.35,180.7,70.08,0.898,0.4482,3,68.07,Waspada,0,normal,141.58,102.94,2.147
2025-07-06T12:30:00,1,zone1,12,6,1,1,cloudy,30.27,74.93,520,3,0,0.121,165.63,169.77,147.15,73.23,1.392,0.3265,6,67.24,Aman,0,normal,194.52,153.03,2.259
2025-07-06T12:45:00,2,zone2,12,6,1,2,rain,26.39,74.61,680,4,0,0.056,112.8,119.2,140.68,46.79,1.014,0.1753,6,63.95,Aman,0,normal,87.12,107.53,1.134
2025-07-06T13:00:00,2,zone2,13,6,1,1,cloudy,29.03,65.1,680,4,0,0.046,129.07,97.65,131.99,44.1,1.16,0.1436,6,61.47,Aman,0,normal,98.48,114.47,0.888
2025-07-06T13:15:00,4,zone4,13,6,1,0,clear,32.66,55.93,810,5,0,0.014,109.61,89.1,59.26,49.1,0.967,0.11,7,59.53,Aman,0,normal,81.57,98.11,0.919
2025-07-06T13:30:00,3,zone3,13,6,1,0,clear,31.68,73.21,430,2,0,0.09,28.58,31.06,51.67,63.32,1.077,0.0722,3,71.77,Aman,0,normal,36.2,25.17,0.613
2025-07-06T13:45:00,1,zone1,13,6,1,1,cloudy,29.38,68.67,520,3,1,0.986,232.22,306.37,330.86,168.56,0.702,0.5892,6,84.72,Bahaya,0,normal,320.58,248.4,2.421
2025-07-06T14:00:00,3,zone3,14,6,1,1,cloudy,31.93,71.48,430,2,1,0.608,106.5,126.22,123.99,81.0,0.893,0.2935,5,88.53,Waspada,0,normal,126.18,96.6,1.643
2025-07-06T14:15:00,1,zone1,14,6,1,2,rain,28.8,80.12,520,3,0,0.002,110.93,90.11,111.74,114.18,1.005,0.1733,3,73.39,Aman,1,density_spike,61.69,122.0,3.351
2025-07-06T14:30:00,2,zone2,14,6,1,0,clear,28.28,60.74,680,4,0,0.175,170.08,163.78,175.61,95.32,1.09,0.2409,3,78.11,Aman,0,normal,171.76,171.03,0.036
2025-07-06T14:45:00,5,zone5,14,6,1,2,rain,31.01,75.61,360,2,0,0.18,102.9,106.23,110.3,69.38,1.087,0.2951,7,68.2,Aman,0,normal,117.0,92.06,1.386
2025-07-06T15:00:00,4,zone4,15,6,1,1,cloudy,26.74,74.43,810,5,0,0.022,49.72,32.09,18.43,26.07,1.31,0.0396,3,59.82,Aman,0,normal,69.5,54.7,0.822
2025-07-06T15:15:00,5,zone5,15,6,1,1,cloudy,28.77,59.95,360,2,1,0.915,126.94,178.95,200.29,108.99,1.077,0.4971,4,92.35,Bahaya,0,normal,170.18,117.77,2.912
2025-07-06T15:30:00,3,zone3,15,6,1,0,clear,30.64,64.75,430,2,0,0.072,96.81,62.88,56.77,69.39,0.232,0.1462,7,88.21,Aman,1,density_spike,169.88,87.32,6.041
2025-07-06T15:45:00,5,zone5,15,6,1,0,clear,29.46,73.72,360,2,1,0.554,152.1,192.12,218.53,126.18,1.079,0.5337,8,78.64,Waspada,0,normal,175.63,163.47,0.62
2025-07-06T16:00:00,5,zone5,16,6,1,0,clear,29.55,67.89,360,2,1,0.854,122.34,175.95,247.85,160.79,1.164,0.4887,8,70.08,Bahaya,1,density_spike,175.09,118.93,3.12
2025-07-06T16:15:00,3,zone3,16,6,1,2,rain,27.44,83.16,430,2,1,0.981,163.23,243.52,305.43,183.03,0.89,0.5663,5,94.92,Bahaya,1,density_spike,222.21,162.82,3.04
2025-07-06T16:30:00,3,zone3,16,6,1,0,clear,33.44,67.61,430,2,0,0.03,84.9,115.12,145.25,35.97,1.067,0.2677,8,67.49,Aman,0,normal,122.06,90.97,1.727
2025-07-06T16:45:00,1,zone1,16,6,1,0,clear,34.67,69.12,520,3,0,0.024,208.79,227.46,237.78,88.25,0.293,0.4374,3,103.86,Waspada,1,density_spike,546.18,184.23,4.715
2025-07-06T17:00:00,5,zone5,17,6,1,0,clear,27.24,59.07,360,2,1,0.633,141.18,183.67,191.55,107.78,0.843,0.5102,5,88.15,Waspada,0,normal,182.19,133.77,2.69
2025-07-06T17:15:00,3,zone3,17,6,1,0,clear,34.74,70.36,430,2,1,0.628,188.03,241.87,307.19,111.08,0.838,0.5625,2,84.18,Bahaya,0,normal,250.47,194.35,2.406
2025-07-06T17:30:00,2,zone2,17,6,1,0,clear,30.44,65.97,680,4,0,0.032,149.78,147.61,151.36,63.87,0.832,0.2171,2,66.8,Aman,0,normal,168.98,128.96,2.223
2025-07-06T17:45:00,4,zone4,17,6,1,1,cloudy,29.26,76.4,810,5,0,0.096,140.86,134.58,151.72,42.63,1.388,0.1662,7,72.64,Aman,0,normal,138.01,146.42,0.467
2025-07-06T18:00:00,4,zone4,18,6,1,0,clear,34.93,72.7,810,5,0,0.127,137.62,192.1,246.13,58.5,1.03,0.2372,3,75.71,Aman,0,normal,150.43,143.72,0.373
2025-07-06T18:15:00,1,zone1,18,6,1,1,cloudy,30.54,77.59,520,3,0,0.163,232.99,279.43,339.16,107.11,0.754,0.5374,5,68.62,Waspada,0,normal,273.26,218.4,2.094
2025-07-06T18:30:00,3,zone3,18,6,1,1,cloudy,28.44,73.17,430,2,0,0.01,90.19,80.41,77.16,59.03,0.938,0.187,4,71.21,Aman,0,normal,106.48,97.7,0.488
2025-07-06T18:45:00,4,zone4,18,6,1,2,rain,26.99,76.95,810,5,0,0.077,78.14,77.89,102.55,105.28,1.226,0.0962,8,57.4,Aman,0,normal,52.39,67.71,0.852
2025-07-06T19:00:00,1,zone1,19,6,1,0,clear,33.95,66.81,520,3,1,0.845,302.01,362.64,483.2,164.75,0.868,0.6974,3,94.82,Bahaya,0,normal,394.6,300.38,2.614
2025-07-06T19:15:00,5,zone5,19,6,1,0,clear,32.0,79.28,360,2,0,0.082,178.69,186.55,234.49,56.61,0.407,0.5182,3,66.99,Waspada,0,normal,190.96,158.3,1.719
2025-07-06T19:30:00,1,zone1,19,6,1,0,clear,35.19,51.25,520,3,0,0.104,243.59,236.89,283.67,37.91,0.667,0.4556,4,69.23,Aman,0,normal,223.03,260.7,1.204
2025-07-06T19:45:00,1,zone1,19,6,1,0,clear,33.99,67.14,520,3,1,0.61,318.76,374.03,480.09,99.73,0.774,0.7193,3,83.29,Bahaya,0,normal,404.76,334.69,1.745
2025-07-06T20:00:00,3,zone3,20,6,1,1,cloudy,26.37,75.4,430,2,0,0.054,108.83,128.45,144.58,35.71,0.916,0.2987,3,63.49,Aman,0,normal,124.86,107.34,0.973
2025-07-06T20:15:00,1,zone1,20,6,1,0,clear,30.19,62.73,520,3,1,0.685,277.1,309.01,399.87,122.9,0.491,0.5943,7,114,Bahaya,1,density_spike,523.83,255.52,4.57
2025-07-06T20:30:00,5,zone5,20,6,1,0,clear,31.55,62.95,360,2,0,0.071,104.53,125.07,158.42,46.81,0.968,0.3474,5,73.29,Aman,1,density_spike,164.65,103.22,3.413
2025-07-06T20:45:00,5,zone5,20,6,1,0,clear,33.17,68.33,360,2,0,0.036,138.11,131.22,167.03,91.89,1.052,0.3645,2,69.27,Waspada,0,normal,108.22,141.33,1.84
2025-07-06T21:00:00,3,zone3,21,6,1,0,clear,30.16,72.52,430,2,0,0.034,139.47,140.09,129.84,73.61,1.101,0.3258,6,72.76,Aman,0,normal,139.04,121.9,0.952
2025-07-06T21:15:00,5,zone5,21,6,1,0,clear,32.65,66.62,360,2,0,0.115,76.28,116.9,144.19,70.47,1.23,0.3247,7,67.5,Aman,0,normal,89.51,79.85,0.536
2025-07-06T21:30:00,1,zone1,21,6,1,1,cloudy,25.44,53.95,520,3,0,0.039,225.28,246.04,318.37,64.35,1.259,0.4732,7,70.59,Waspada,0,normal,249.72,228.96,0.756
2025-07-06T21:45:00,4,zone4,21,6,1,0,clear,35.05,60.74,810,5,0,0.165,127.91,124.1,165.91,43.52,1.236,0.1532,4,75.39,Aman,0,normal,116.42,111.08,0.296
2025-07-06T22:00:00,2,zone2,22,6,1,2,rain,28.09,81.96,680,4,1,0.549,137.98,187.11,245.91,135.91,1.182,0.2752,6,85.17,Waspada,0,normal,175.12,140.96,1.897
2025-07-06T22:15:00,5,zone5,22,6,1,2,rain,30.93,73.93,360,2,0,0.057,69.31,5.24,12.89,43.49,1.211,0.0146,8,62.54,Aman,1,density_spike,-10.51,64.68,4.177
2025-07-06T22:30:00,1,zone1,22,6,1,0,clear,29.81,72.23,520,3,0,0.04,236.77,258.12,270.2,90.29,1.257,0.4964,2,65.07,Waspada,0,normal,250.09,234.87,0.54
2025-07-06T22:45:00,3,zone3,22,6,1,0,clear,33.29,78.92,430,2,0,0.149,171.22,155.21,163.79,43.36,1.227,0.361,4,74.91,Aman,0,normal,167.62,165.59,0.102
2025-07-06T23:00:00,1,zone1,23,6,1,2,rain,28.6,83.06,520,3,0,0.126,138.65,129.42,154.11,47.52,0.967,0.2489,2,74.81,Aman,0,normal,126.87,140.47,0.756
2025-07-06T23:15:00,3,zone3,23,6,1,2,rain,31.55,81.58,430,2,0,0.067,179.35,165.77,153.7,39.0,0.971,0.3855,2,52.81,Aman,0,normal,186.75,173.36,0.643
2025-07-06T23:30:00,2,zone2,23,6,1,0,clear,30.45,69.45,680,4,0,0.034,131.25,131.31,160.87,67.11,1.119,0.1931,2,70.33,Aman,0,normal,140.42,144.06,0.202
2025-07-06T23:45:00,1,zone1,23,6,1,0,clear,31.97,69.71,520,3,0,0.158,193.92,162.13,135.94,51.01,1.074,0.3118,4,64.14,Aman,0,normal,161.71,175.58,0.658
2025-07-07T00:00:00,2,zone2,0,0,0,3,storm,23.63,75.36,680,4,0,0.138,120.93,144.47,141.19,62.96,1.078,0.2125,8,71.22,Aman,0,normal,138.42,130.71,0.428
2025-07-07T00:15:00,4,zone4,0,0,0,0,clear,32.23,69.1,810,5,0,0.175,56.66,58.45,44.08,60.98,0.958,0.0722,7,75.13,Aman,0,normal,37.64,58.86,1.179
2025-07-07T00:30:00,5,zone5,0,0,0,0,clear,28.95,61.4,360,2,0,0.116,97.72,106.24,118.5,51.98,1.215,0.2951,6,70.72,Aman,0,normal,114.27,107.44,0.379
2025-07-07T00:45:00,5,zone5,0,0,0,0,clear,29.73,70.5,360,2,0,0.089,81.91,63.04,75.79,46.63,1.505,0.1751,8,64.87,Aman,0,normal,47.35,80.69,1.852
2025-07-07T01:00:00,3,zone3,1,0,0,1,cloudy,26.97,81.88,430,2,0,0.015,77.56,60.36,62.95,52.22,1.288,0.1404,4,60.69,Aman,0,normal,49.23,85.61,2.021
2025-07-07T01:15:00,5,zone5,1,0,0,0,clear,29.81,61.05,360,2,0,0.091,57.61,68.72,81.5,61.98,1.073,0.1909,3,70.99,Aman,0,normal,83.16,53.51,1.647
2025-07-07T01:30:00,3,zone3,1,0,0,0,clear,29.33,66.53,430,2,1,0.494,87.49,116.93,143.89,91.28,1.046,0.2719,3,80.1,Waspada,0,normal,125.06,86.18,2.16
2025-07-07T01:45:00,2,zone2,1,0,0,2,rain,31.47,94.15,680,4,0,0.079,82.9,62.46,78.3,60.94,0.56,0.0919,7,95.4,Aman,1,density_spike,85.2,85.12,4.15
2025-07-07T02:00:00,4,zone4,2,0,0,0,clear,29.6,65.35,810,5,0,0.016,71.41,65.52,20.18,77.33,1.315,0.0809,7,62.98,Aman,0,normal,69.41,69.56,0.008
2025-07-07T02:15:00,2,zone2,2,0,0,0,clear,29.52,57.25,680,4,0,0.086,66.05,108.74,91.65,83.56,1.526,0.1599,8,76.96,Aman,0,normal,105.98,61.68,2.461
2025-07-07T02:30:00,1,zone1,2,0,0,1,cloudy,27.34,80.99,520,3,0,0.057,132.48,91.81,116.46,68.99,1.157,0.1766,2,68.3,Aman,0,normal,88.73,121.68,1.83
2025-07-07T02:45:00,5,zone5,2,0,0,0,clear,33.12,58.5,360,2,0,0.141,8,19.11,5.0,72.93,1.364,0.0531,2,58.78,Aman,0,normal,0.84,8,0.398
2025-07-07T03:00:00,1,zone1,3,0,0,0,clear,35.54,56.57,520,3,0,0.159,168.8,146.4,115.89,76.86,0.86,0.2815,7,66.28,Aman,0,normal,126.53,163.7,1.892
2025-07-07T03:15:00,4,zone4,3,0,0,0,clear,31.7,71.82,810,5,0,0.162,82.85,102.8,83.16,50.77,1.401,0.1269,6,56.07,Aman,0,normal,87.47,79.18,0.461
2025-07-07T03:30:00,3,zone3,3,0,0,0,clear,31.34,69.24,430,2,0,0.011,45.69,80.99,86.37,45.0,1.082,0.1883,6,59.03,Aman,0,normal,54.79,40.35,0.802
2025-07-07T03:45:00,4,zone4,3,0,0,3,storm,27.34,81.39,810,5,0,0.036,39.37,44.08,56.71,56.52,1.297,0.0544,5,62.78,Aman,0,normal,46.36,43.6,0.153
2025-07-07T04:00:00,3,zone3,4,0,0,0,clear,34.3,58.78,430,2,0,0.178,98.57,96.25,110.49,81.86,1.165,0.2238,7,76.2,Aman,0,normal,130.25,96.61,1.869
2025-07-07T04:15:00,5,zone5,4,0,0,2,rain,31.68,68.34,360,2,0,0.008,42.17,41.22,37.45,35.64,1.085,0.1145,4,68.88,Aman,0,normal,61.65,41.15,1.139
2025-07-07T04:30:00,5,zone5,4,0,0,1,cloudy,29.24,83.35,360,2,0,0.037,54.51,67.43,73.21,47.11,1.287,0.1873,7,60.2,Aman,1,density_spike,107.39,52.87,3.029
2025-07-07T04:45:00,5,zone5,4,0,0,1,cloudy,30.29,81.88,360,2,0,0.037,18.7,13.69,16.68,10.52,1.079,0.038,3,62.26,Aman,0,normal,17.5,20.81,0.184
2025-07-07T05:00:00,4,zone4,5,0,0,0,clear,32.6,66.22,810,5,0,0.105,121.59,120.93,137.03,58.36,1.067,0.1493,8,85.19,Aman,0,normal,158.01,130.68,1.519
2025-07-07T05:15:00,5,zone5,5,0,0,0,clear,34.44,62.72,360,2,0,0.101,26.86,33.33,48.29,16.18,1.313,0.0926,4,59.41,Aman,0,normal,35.21,24.05,0.62
2025-07-07T05:30:00,1,zone1,5,0,0,2,rain,27.75,83.93,520,3,0,0.077,152.09,134.7,106.24,39.43,1.213,0.259,5,71.68,Aman,0,normal,157.08,159.63,0.133
2025-07-07T05:45:00,2,zone2,5,0,0,1,cloudy,28.61,78.44,680,4,0,0.156,98.23,104.74,59.39,59.73,1.15,0.154,2,68.95,Aman,0,normal,75.83,109.62,1.877
2025-07-07T06:00:00,1,zone1,6,0,0,0,clear,29.46,71.98,520,3,0,0.112,156.88,167.66,171.8,85.13,0.949,0.3224,2,71.18,Aman,0,normal,180.12,164.69,0.781
2025-07-07T06:15:00,4,zone4,6,0,0,0,clear,33.02,83.42,810,5,0,0.039,49.3,42.89,42.37,33.75,1.169,0.0529,4,74.33,Aman,0,normal,64.49,52.43,0.67
2025-07-07T06:30:00,1,zone1,6,0,0,2,rain,24.42,78.58,520,3,0,0.055,148.86,117.56,142.48,44.58,0.999,0.2261,8,60.9,Aman,0,normal,157.12,166.7,0.479
2025-07-07T06:45:00,5,zone5,6,0,0,1,cloudy,31.01,72.87,360,2,0,0.075,121.51,107.72,103.99,68.82,1.317,0.2992,5,69.56,Aman,0,normal,105.47,117.37,0.661
2025-07-07T07:00:00,1,zone1,7,0,0,2,rain,26.19,89.01,520,3,0,0.133,128.07,136.55,148.85,45.1,0.311,0.2626,2,84.55,Aman,1,density_spike,35.85,136.57,4.442
2025-07-07T07:15:00,3,zone3,7,0,0,1,cloudy,25.39,66.55,430,2,0,0.15,92.39,91.73,89.87,38.84,1.264,0.2133,2,59.67,Aman,0,normal,64.89,83.37,1.026
2025-07-07T07:30:00,1,zone1,7,0,0,0,clear,31.7,66.78,520,3,0,0.033,176.77,182.54,178.71,54.83,1.245,0.351,4,72.74,Aman,0,normal,195.63,168.45,1.345
2025-07-07T07:45:00,4,zone4,7,0,0,2,rain,25.87,98,810,5,0,0.051,65.01,61.27,29.22,44.19,0.985,0.0756,8,55.93,Aman,0,normal,69.92,69.5,0.024
2025-07-07T08:00:00,1,zone1,8,0,0,0,clear,32.94,56.63,520,3,0,0.088,191.03,201.37,207.21,78.38,0.956,0.3872,4,71.79,Waspada,0,normal,181.44,168.06,0.663
2025-07-07T08:15:00,2,zone2,8,0,0,2,rain,30.86,78.47,680,4,1,0.53,138.1,153.63,199.7,98.66,0.518,0.2259,3,110.31,Waspada,1,density_spike,31.33,148.42,3.694
2025-07-07T08:30:00,3,zone3,8,0,0,0,clear,28.32,70.39,430,2,0,0.134,139.78,165.49,127.32,88.54,0.836,0.3849,3,67.01,Waspada,0,normal,168.86,136.39,1.804
2025-07-07T08:45:00,3,zone3,8,0,0,0,clear,28.25,56.33,430,2,1,0.918,154.46,214.06,236.91,153.66,0.945,0.4978,3,97.72,Bahaya,0,normal,195.84,147.44,2.689
2025-07-07T09:00:00,4,zone4,9,0,0,0,clear,35.65,59.8,810,5,0,0.146,148.19,174.06,188.88,74.61,0.806,0.2149,4,63.54,Aman,0,normal,170.96,145.83,1.396
2025-07-07T09:15:00,4,zone4,9,0,0,0,clear,31.71,79.23,810,5,0,0.119,140.93,133.78,148.66,63.35,1.349,0.1652,2,79.27,Aman,0,normal,159.37,149.2,0.565
2025-07-07T09:30:00,3,zone3,9,0,0,2,rain,22.75,79.83,430,2,0,0.054,170.52,192.99,187.52,81.36,0.245,0.4488,4,95.77,Waspada,1,density_spike,362.19,174.78,4.874
2025-07-07T09:45:00,1,zone1,9,0,0,2,rain,25.55,77.55,520,3,0,0.09,162.45,162.07,156.84,44.24,1.265,0.3117,5,65.97,Aman,0,normal,141.69,149.29,0.422
2025-07-07T10:00:00,2,zone2,10,0,0,1,cloudy,29.89,68.23,680,4,0,0.006,148.39,139.06,133.69,57.36,1.253,0.2045,6,74.24,Aman,0,normal,154.21,164.57,0.525
2025-07-07T10:15:00,1,zone1,10,0,0,0,clear,32.47,56.23,520,3,0,0.05,164.91,156.38,111.04,73.27,1.303,0.3007,7,61.32,Aman,0,normal,146.96,141.94,0.279
2025-07-07T10:30:00,1,zone1,10,0,0,0,clear,34.05,78.14,520,3,0,0.151,197.76,199.3,164.66,48.32,0.777,0.3833,4,75.86,Aman,0,normal,186.29,175.79,0.498
2025-07-07T10:45:00,4,zone4,10,0,0,2,rain,26.84,75.97,810,5,0,0.016,100.11,84.54,67.91,23.3,1.084,0.1044,3,66.32,Aman,0,normal,91.46,93.57,0.117
2025-07-07T11:00:00,5,zone5,11,0,0,0,clear,30.22,60.59,360,2,0,0.148,73.95,97.55,118.49,45.41,1.101,0.271,8,87.35,Aman,0,normal,115.21,74.23,2.277
2025-07-07T11:15:00,2,zone2,11,0,0,0,clear,28.74,59.26,680,4,0,0.067,123.07,128.98,111.37,70.45,1.135,0.1897,4,71.58,Aman,0,normal,122.99,112.2,0.599
2025-07-07T11:30:00,1,zone1,11,0,0,0,clear,33.52,68.83,520,3,0,0.14,189.51,192.41,203.02,99.44,0.793,0.37,3,68.95,Waspada,0,normal,186.09,172.9,0.636
2025-07-07T11:45:00,3,zone3,11,0,0,0,clear,30.89,65.97,430,2,0,0.155,83.58,89.06,99.62,80.35,1.03,0.2071,2,68.4,Aman,0,normal,65.41,84.83,1.079
2025-07-07T12:00:00,4,zone4,12,0,0,0,clear,32.63,67.29,810,5,0,0.077,59.36,67.53,105.1,36.19,1.231,0.0834,7,73.04,Aman,0,normal,86.5,60.65,1.436
2025-07-07T12:15:00,1,zone1,12,0,0,1,cloudy,25.65,79.95,520,3,0,0.063,166.54,190.47,227.56,63.13,1.293,0.3663,6,79.75,Aman,0,normal,170.1,159.49,0.554
2025-07-07T12:30:00,3,zone3,12,0,0,1,cloudy,29.35,85.5,430,2,0,0.0,79.65,72.24,61.02,22.85,1.028,0.168,4,63.55,Aman,0,normal,86.46,75.0,0.637
2025-07-07T12:45:00,4,zone4,12,0,0,0,clear,29.09,63.63,810,5,0,0.038,93.83,87.18,93.23,37.83,1.145,0.1076,6,63.13,Aman,0,normal,87.82,82.64,0.288
2025-07-07T13:00:00,2,zone2,13,0,0,2,rain,27.14,83.45,680,4,0,0.148,126.5,110.97,111.97,102.86,1.339,0.1632,7,56.15,Aman,0,normal,78.55,126.31,2.653
2025-07-07T13:15:00,3,zone3,13,0,0,1,cloudy,26.95,80.64,430,2,0,0.069,97.45,105.14,132.19,52.3,1.258,0.2445,2,69.95,Aman,0,normal,121.71,97.04,1.371
2025-07-07T13:30:00,5,zone5,13,0,0,2,rain,26.8,72.04,360,2,0,0.048,86.89,66.66,63.76,54.8,0.959,0.1852,8,62.9,Aman,0,normal,87.85,79.77,0.449
2025-07-07T13:45:00,1,zone1,13,0,0,0,clear,34.51,60.8,520,3,0,0.076,91.06,111.4,134.51,38.24,0.964,0.2142,5,65.65,Aman,0,normal,91.6,86.71,0.272
2025-07-07T14:00:00,3,zone3,14,0,0,0,clear,30.88,59.11,430,2,0,0.145,85.72,73.56,92.51,40.86,0.782,0.1711,4,65.87,Aman,0,normal,104.62,92.14,0.693
2025-07-07T14:15:00,2,zone2,14,0,0,1,cloudy,28.97,66.65,680,4,0,0.058,68.63,10.5,5.55,59.09,1.392,0.0154,6,72.9,Aman,0,normal,23.58,70.15,2.588
2025-07-07T14:30:00,1,zone1,14,0,0,2,rain,29.42,83.1,520,3,0,0.054,84.54,74.64,92.79,65.92,1.119,0.1435,7,56.31,Aman,0,normal,66.71,82.53,0.879
2025-07-07T14:45:00,1,zone1,14,0,0,1,cloudy,27.16,57.58,520,3,0,0.02,106.3,77.36,108.36,66.22,1.346,0.1488,4,69.33,Aman,0,normal,95.38,94.66,0.04
2025-07-07T15:00:00,1,zone1,15,0,0,0,clear,33.89,84.24,520,3,0,0.168,222.91,218.51,203.22,67.34,1.098,0.4202,7,72.04,Waspada,0,normal,207.99,235.28,0.966
2025-07-07T15:15:00,3,zone3,15,0,0,2,rain,23.75,84.22,430,2,0,0.134,66.93,73.46,95.37,63.13,0.921,0.1708,4,71.31,Aman,0,normal,93.0,59.7,1.85
2025-07-07T15:30:00,3,zone3,15,0,0,0,clear,31.89,85.06,430,2,0,0.033,151.1,184.75,187.2,96.5,0.859,0.4297,3,67.59,Waspada,0,normal,132.46,154.68,1.197
2025-07-07T15:45:00,1,zone1,15,0,0,1,cloudy,27.19,81.88,520,3,0,0.162,190.13,173.81,151.39,62.76,1.122,0.3342,4,76.7,Aman,0,normal,205.06,181.47,1.084
2025-07-07T16:00:00,5,zone5,16,0,0,3,storm,23.83,92.68,360,2,0,0.145,64.01,30.43,53.77,35.35,1.027,0.0845,2,75.91,Aman,0,normal,25.35,68.25,2.384
2025-07-07T16:15:00,3,zone3,16,0,0,2,rain,28.32,67.06,430,2,0,0.151,131.29,121.02,99.91,100.42,0.798,0.2814,8,76.94,Aman,0,normal,137.5,135.33,0.121
2025-07-07T16:30:00,5,zone5,16,0,0,0,clear,32.59,60.96,360,2,0,0.117,71.12,61.0,77.34,40.07,1.147,0.1694,2,64.0,Aman,0,normal,72.27,72.42,0.008
2025-07-07T16:45:00,4,zone4,16,0,0,1,cloudy,27.96,63.42,810,5,0,0.107,72.08,79.27,63.62,51.07,1.205,0.0979,4,70.02,Aman,0,normal,66.43,72.43,0.333
2025-07-07T17:00:00,4,zone4,17,0,0,0,clear,29.79,52.03,810,5,0,0.043,81.67,91.61,104.3,37.51,1.131,0.1131,7,65.5,Aman,0,normal,80.36,84.7,0.241
2025-07-07T17:15:00,1,zone1,17,0,0,0,clear,27.17,69.51,520,3,0,0.012,198.35,180.35,188.42,67.99,1.208,0.3468,7,62.12,Aman,0,normal,187.38,216.3,1.114
2025-07-07T17:30:00,2,zone2,17,0,0,2,rain,25.45,90.12,680,4,1,0.869,201.4,236.08,282.12,128.21,1.075,0.3472,5,91.41,Waspada,0,normal,228.8,208.37,0.817
2025-07-07T17:45:00,1,zone1,17,0,0,1,cloudy,26.89,64.68,520,3,1,0.597,173.21,204.39,266.79,108.03,0.734,0.3931,2,82.51,Waspada,0,normal,219.91,167.78,2.589
2025-07-07T18:00:00,3,zone3,18,0,0,1,cloudy,30.28,79.31,430,2,0,0.158,143.67,103.46,101.32,54.49,1.101,0.2406,6,72.05,Aman,0,normal,75.96,124.68,2.707
2025-07-07T18:15:00,3,zone3,18,0,0,0,clear,36.03,52.2,430,2,1,0.688,155.99,181.48,221.79,146.73,1.153,0.4221,3,85.69,Waspada,0,normal,197.74,165.39,1.63
2025-07-07T18:30:00,5,zone5,18,0,0,1,cloudy,26.85,90.24,360,2,1,0.889,168.92,235.59,335.47,183.42,0.206,0.6544,5,113.48,Bahaya,1,density_spike,408.78,183.71,5.322
2025-07-07T18:45:00,1,zone1,18,0,0,0,clear,30.5,75.64,520,3,1,0.576,227.2,262.14,379.88,121.07,0.641,0.5041,7,86.72,Waspada,0,normal,263.76,225.89,1.397
2025-07-07T19:00:00,2,zone2,19,0,0,0,clear,33.88,83.92,680,4,0,0.034,148.07,158.82,205.44,49.1,1.216,0.2336,2,73.21,Aman,1,density_spike,184.39,130.38,3.001
2025-07-07T19:15:00,4,zone4,19,0,0,1,cloudy,24.65,70.43,810,5,0,0.157,75.5,65.22,81.96,70.68,1.146,0.0805,3,66.22,Aman,0,normal,19.16,72.98,2.99
2025-07-07T19:30:00,3,zone3,19,0,0,0,clear,31.77,76.82,430,2,0,0.074,109.96,104.91,103.32,70.85,1.054,0.244,6,58.69,Aman,0,normal,76.81,112.28,1.97
2025-07-07T19:45:00,5,zone5,19,0,0,0,clear,30.95,72.6,360,2,0,0.044,100.93,126.86,123.92,87.07,0.94,0.3524,6,60.2,Aman,0,normal,133.63,94.9,2.151
2025-07-07T20:00:00,5,zone5,20,0,0,0,clear,31.79,64.11,360,2,0,0.13,130.36,165.61,238.68,80.63,0.533,0.46,8,77.9,Waspada,0,normal,155.02,123.29,1.762
2025-07-07T20:15:00,2,zone2,20,0,0,0,clear,35.62,74.57,680,4,1,0.491,132.29,166.67,245.2,98.15,1.016,0.2451,6,69.96,Waspada,0,normal,159.21,117.12,2.338
2025-07-07T20:30:00,2,zone2,20,0,0,0,clear,33.09,69.38,680,4,1,0.511,228.45,264.75,336.91,143.64,0.946,0.3893,3,68.51,Waspada,0,normal,256.3,204.43,2.114
2025-07-07T20:45:00,1,zone1,20,0,0,1,cloudy,25.01,83.88,520,3,0,0.014,192.49,198.82,236.17,57.42,0.72,0.3823,3,55.01,Aman,0,normal,191.76,169.09,1.117
2025-07-07T21:00:00,1,zone1,21,0,0,0,clear,30.14,62.78,520,3,0,0.122,197.39,204.22,273.94,72.26,0.5,0.3927,5,67.46,Waspada,0,normal,196.69,210.16,0.534
2025-07-07T21:15:00,2,zone2,21,0,0,0,clear,28.93,64.08,680,4,0,0.17,190.81,177.31,202.43,86.57,1.369,0.2608,4,68.61,Aman,0,normal,175.66,166.32,0.468
2025-07-07T21:30:00,2,zone2,21,0,0,0,clear,31.88,67.93,680,4,0,0.166,202.99,226.43,271.59,75.68,0.8,0.333,3,72.08,Aman,0,normal,240.98,183.54,2.608
2025-07-07T21:45:00,4,zone4,21,0,0,3,storm,27.43,90.78,810,5,0,0.164,38.01,11.6,45.75,97.32,1.609,0.0143,7,66.44,Aman,0,normal,39.35,37.58,0.099
2025-07-07T22:00:00,4,zone4,22,0,0,2,rain,28.83,89.28,810,5,0,0.041,42.65,4,29.32,32.25,1.437,0.0049,6,72.91,Aman,0,normal,21.71,44.98,1.293
2025-07-07T22:15:00,1,zone1,22,0,0,0,clear,32.29,68.25,520,3,0,0.104,184.34,180.67,207.16,60.2,0.827,0.3474,8,71.53,Aman,0,normal,200.78,180.99,0.911
2025-07-07T22:30:00,4,zone4,22,0,0,0,clear,29.54,48,810,5,0,0.151,85.39,86.73,130.19,37.78,0.352,0.1071,7,92.28,Aman,1,density_spike,163.88,91.1,3.462
2025-07-07T22:45:00,4,zone4,22,0,0,0,clear,33.38,58.47,810,5,0,0.161,92.12,104.69,96.16,66.38,1.252,0.1293,6,68.5,Aman,0,normal,123.71,86.99,2.04
2025-07-07T23:00:00,3,zone3,23,0,0,0,clear,30.87,83.11,430,2,1,0.81,87.08,91.23,113.55,122.35,0.842,0.2122,8,72.04,Waspada,0,normal,122.77,76.48,2.571
2025-07-07T23:15:00,2,zone2,23,0,0,1,cloudy,28.16,79.01,680,4,0,0.054,146.85,94.76,51.53,45.19,1.405,0.1394,8,66.26,Aman,0,normal,97.35,138.21,2.27
2025-07-07T23:30:00,1,zone1,23,0,0,2,rain,29.0,81.12,520,3,0,0.138,116.57,145.47,135.15,74.34,0.823,0.2798,7,60.14,Aman,0,normal,150.75,108.98,2.321
2025-07-07T23:45:00,2,zone2,23,0,0,0,clear,32.19,55.71,680,4,1,0.987,197.58,265.75,320.2,187.83,0.466,0.3908,5,114,Bahaya,1,density_spike,636.69,208.81,5.478
2025-07-08T00:00:00,2,zone2,0,1,0,1,cloudy,35.02,73.27,680,4,0,0.017,49.92,42.0,79.43,46.69,1.132,0.0618,5,66.11,Aman,0,normal,61.18,52.73,0.47
2025-07-08T00:15:00,2,zone2,0,1,0,0,clear,29.61,53.73,680,4,0,0.139,85.74,107.14,104.17,35.43,0.363,0.1576,6,98.41,Aman,1,density_spike,248.62,80.98,4.252
2025-07-08T00:30:00,5,zone5,0,1,0,0,clear,31.69,73.75,360,2,0,0.07,104.28,90.0,44.46,31.59,1.1,0.25,6,67.07,Aman,0,normal,67.33,100.68,1.853
2025-07-08T00:45:00,5,zone5,0,1,0,0,clear,26.26,62.8,360,2,0,0.126,66.18,38.26,50.57,85.16,1.165,0.1063,4,74.28,Aman,0,normal,30.57,61.16,1.699
2025-07-08T01:00:00,3,zone3,1,1,0,0,clear,25.47,83.02,430,2,0,0.127,67.77,74.04,83.68,58.84,0.923,0.1722,5,57.37,Aman,0,normal,66.77,69.6,0.157
2025-07-08T01:15:00,5,zone5,1,1,0,2,rain,32.83,81.38,360,2,0,0.062,60.03,65.98,79.38,47.42,1.008,0.1833,4,66.54,Aman,0,normal,69.1,52.61,0.916
2025-07-08T01:30:00,1,zone1,1,1,0,1,cloudy,28.65,87.77,520,3,0,0.154,155.97,171.23,166.98,48.69,0.871,0.3293,5,70.75,Aman,0,normal,178.78,146.25,1.807
2025-07-08T01:45:00,4,zone4,1,1,0,0,clear,32.33,68.93,810,5,0,0.173,78.19,81.37,119.14,58.16,1.214,0.1005,4,63.03,Aman,0,normal,51.24,75.11,1.327
2025-07-08T02:00:00,5,zone5,2,1,0,3,storm,22.35,91.4,360,2,0,0.023,48.86,13.7,35.3,68.25,1.284,0.0381,8,57.86,Aman,0,normal,31.73,44.64,0.718
2025-07-08T02:15:00,2,zone2,2,1,0,2,rain,23.45,95.48,680,4,0,0.106,90.31,96.27,93.84,39.14,1.19,0.1416,5,67.49,Aman,0,normal,52.24,99.19,2.608
2025-07-08T02:30:00,1,zone1,2,1,0,0,clear,31.11,56.38,520,3,0,0.067,158.05,184.84,168.16,55.82,1.217,0.3555,4,65.07,Aman,0,normal,185.18,143.87,2.295
2025-07-08T02:45:00,3,zone3,2,1,0,1,cloudy,31.22,80.76,430,2,0,0.129,86.33,75.85,92.25,77.45,0.904,0.1764,8,82.51,Aman,0,normal,75.34,80.06,0.263
2025-07-08T03:00:00,4,zone4,3,1,0,1,cloudy,28.91,87.8,810,5,0,0.159,63.06,68.81,78.1,72.08,1.165,0.085,5,75.99,Aman,0,normal,76.42,69.01,0.412
2025-07-08T03:15:00,2,zone2,3,1,0,0,clear,36.52,61.19,680,4,0,0.125,115.73,99.39,118.28,45.25,0.989,0.1462,7,68.19,Aman,0,normal,81.13,118.55,2.079
2025-07-08T03:30:00,2,zone2,3,1,0,0,clear,31.35,69.92,680,4,0,0.019,137.21,130.79,123.13,49.48,0.869,0.1923,3,74.56,Aman,0,normal,143.8,147.36,0.198
2025-07-08T03:45:00,5,zone5,3,1,0,1,cloudy,25.97,69.43,360,2,0,0.076,116.75,131.82,166.02,69.35,0.777,0.3662,6,66.39,Aman,0,normal,112.46,104.0,0.47
2025-07-08T04:00:00,2,zone2,4,1,0,0,clear,30.0,89.16,680,4,0,0.179,142.14,144.25,164.11,69.69,1.286,0.2121,6,71.36,Aman,0,normal,147.48,141.63,0.325
2025-07-08T04:15:00,5,zone5,4,1,0,0,clear,27.88,51.46,360,2,1,0.674,50.1,111.09,149.12,101.82,1.084,0.3086,3,65.44,Waspada,0,normal,100.89,52.48,2.69
2025-07-08T04:30:00,3,zone3,4,1,0,0,clear,31.22,72.25,430,2,0,0.141,92.62,98.15,105.67,66.39,0.902,0.2283,3,56.63,Aman,0,normal,82.8,101.97,1.065
2025-07-08T04:45:00,1,zone1,4,1,0,0,clear,34.98,77.65,520,3,0,0.104,104.73,125.33,90.06,71.68,1.336,0.241,8,61.25,Aman,0,normal,145.68,100.28,2.522
2025-07-08T05:00:00,1,zone1,5,1,0,0,clear,32.24,72.08,520,3,0,0.15,146.73,173.65,172.29,84.74,0.703,0.3339,8,80.63,Aman,0,normal,179.08,160.79,0.948
2025-07-08T05:15:00,1,zone1,5,1,0,0,clear,30.09,78.36,520,3,1,0.957,213.63,292.56,309.01,154.99,0.907,0.5626,7,86.24,Bahaya,1,density_spike,307.33,198.62,4.561
2025-07-08T05:30:00,5,zone5,5,1,0,1,cloudy,29.33,76.56,360,2,0,0.128,81.07,82.65,98.43,68.6,1.186,0.2296,7,77.94,Aman,0,normal,99.67,88.57,0.617
2025-07-08T05:45:00,3,zone3,5,1,0,0,clear,30.38,75.3,430,2,0,0.031,77.93,52.43,32.32,31.07,1.341,0.1219,4,67.67,Aman,0,normal,38.11,77.44,2.185
2025-07-08T06:00:00,5,zone5,6,1,0,1,cloudy,30.26,68.95,360,2,0,0.071,38.92,30.54,17.76,74.92,0.385,0.0848,3,98.29,Aman,1,density_spike,69.56,37.86,4.901
2025-07-08T06:15:00,2,zone2,6,1,0,1,cloudy,29.87,68.34,680,4,1,0.683,156.28,185.63,181.87,109.42,1.07,0.273,5,87.01,Waspada,1,density_spike,227.22,157.43,3.694
2025-07-08T06:30:00,1,zone1,6,1,0,0,clear,26.26,66.48,520,3,0,0.005,137.22,126.97,141.5,98.33,1.139,0.2442,3,50.07,Aman,0,normal,146.18,134.78,0.633
2025-07-08T06:45:00,5,zone5,6,1,0,2,rain,27.75,78.76,360,2,0,0.017,99.07,63.85,89.51,56.71,1.127,0.1774,2,62.93,Aman,0,normal,83.93,93.44,0.529
2025-07-08T07:00:00,4,zone4,7,1,0,0,clear,33.33,59.04,810,5,0,0.166,83.19,64.37,87.98,40.3,0.438,0.0795,7,87.42,Aman,1,density_spike,125.64,92.44,3.372
2025-07-08T07:15:00,5,zone5,7,1,0,0,clear,30.2,54.46,360,2,0,0.041,100.45,122.17,131.56,74.94,1.117,0.3394,8,79.24,Aman,0,normal,148.42,107.85,2.254
2025-07-08T07:30:00,2,zone2,7,1,0,0,clear,30.37,67.8,680,4,0,0.172,178.29,169.73,172.41,49.16,0.765,0.2496,6,64.08,Aman,0,normal,165.46,185.71,0.909
2025-07-08T07:45:00,2,zone2,7,1,0,0,clear,29.29,68.0,680,4,0,0.096,187.87,169.38,162.53,66.83,0.9,0.2491,4,63.82,Aman,0,normal,172.94,166.99,0.297
2025-07-08T08:00:00,4,zone4,8,1,0,0,clear,30.36,67.12,810,5,0,0.121,118.37,122.55,109.57,32.32,0.937,0.1513,3,74.78,Aman,0,normal,110.21,117.58,0.409
2025-07-08T08:15:00,3,zone3,8,1,0,2,rain,27.25,84.7,430,2,0,0.15,48.15,20.24,12.75,27.77,1.297,0.0471,2,70.54,Aman,0,normal,5.28,53.44,2.676
2025-07-08T08:30:00,4,zone4,8,1,0,0,clear,33.05,63.87,810,5,0,0.035,38.88,26.88,48.49,40.73,1.371,0.0332,5,70.1,Aman,0,normal,42.47,36.07,0.355
2025-07-08T08:45:00,3,zone3,8,1,0,0,clear,30.81,67.42,430,2,0,0.176,118.38,113.66,104.93,60.12,0.842,0.2643,5,68.4,Aman,0,normal,96.17,114.67,1.027
2025-07-08T09:00:00,4,zone4,9,1,0,1,cloudy,28.73,69.12,810,5,0,0.148,130.61,169.66,164.6,60.42,1.047,0.2095,8,57.44,Aman,0,normal,145.02,132.07,0.719
2025-07-08T09:15:00,5,zone5,9,1,0,2,rain,27.44,84.05,360,2,0,0.146,44.53,56.26,46.55,101.56,1.097,0.1563,7,82.06,Aman,0,normal,59.67,40.49,1.065
2025-07-08T09:30:00,3,zone3,9,1,0,0,clear,32.2,74.36,430,2,0,0.015,89.59,64.82,58.68,33.15,1.017,0.1508,4,63.38,Aman,0,normal,59.67,97.66,2.111
2025-07-08T09:45:00,3,zone3,9,1,0,0,clear,31.19,65.96,430,2,0,0.069,54.0,81.16,51.98,44.94,1.46,0.1887,8,70.58,Aman,0,normal,65.03,51.09,0.774
2025-07-08T10:00:00,2,zone2,10,1,0,0,clear,30.02,72.66,680,4,0,0.179,152.59,196.9,203.07,96.32,1.494,0.2896,8,79.81,Aman,0,normal,174.09,138.87,1.957
2025-07-08T10:15:00,2,zone2,10,1,0,2,rain,27.17,70.61,680,4,0,0.165,115.58,91.74,80.88,86.4,0.895,0.1349,8,64.35,Aman,0,normal,79.41,114.17,1.931
2025-07-08T10:30:00,3,zone3,10,1,0,0,clear,33.84,65.33,430,2,0,0.151,119.87,129.34,157.98,92.2,0.923,0.3008,6,69.54,Aman,0,normal,134.68,115.07,1.09
2025-07-08T10:45:00,1,zone1,10,1,0,0,clear,33.77,70.63,520,3,0,0.179,189.74,208.03,176.29,86.22,1.184,0.4001,2,81.87,Waspada,0,normal,209.9,176.88,1.556
2025-07-08T11:00:00,5,zone5,11,1,0,2,rain,27.18,78.41,360,2,0,0.153,115.15,114.05,131.6,94.25,1.022,0.3168,7,64.05,Aman,0,normal,119.12,118.73,0.022
2025-07-08T11:15:00,5,zone5,11,1,0,0,clear,28.84,63.11,360,2,1,0.661,73.82,104.39,135.22,114.59,0.972,0.29,2,92.06,Waspada,0,normal,104.76,70.82,1.885
2025-07-08T11:30:00,3,zone3,11,1,0,2,rain,24.25,84.68,430,2,0,0.022,96.78,88.04,65.49,18.0,1.085,0.2047,2,68.41,Aman,0,normal,96.07,87.73,0.463
2025-07-08T11:45:00,1,zone1,11,1,0,0,clear,33.79,65.89,520,3,0,0.123,158.19,126.99,116.67,83.69,0.758,0.2442,4,68.13,Aman,0,normal,137.64,140.15,0.139
2025-07-08T12:00:00,5,zone5,12,1,0,0,clear,30.99,55.64,360,2,0,0.009,30.46,10.63,4,63.11,1.229,0.0295,6,65.66,Aman,0,normal,19.38,34.11,0.818
2025-07-08T12:15:00,5,zone5,12,1,0,0,clear,30.09,56.22,360,2,0,0.118,27.03,31.22,45.99,37.74,0.971,0.0867,7,54.65,Aman,0,normal,11.54,28.79,0.958
2025-07-08T12:30:00,4,zone4,12,1,0,0,clear,29.44,71.79,810,5,1,0.508,121.32,122.52,161.08,109.87,1.164,0.1513,2,68.53,Aman,0,normal,136.44,135.86,0.032
2025-07-08T12:45:00,1,zone1,12,1,0,2,rain,26.42,84.06,520,3,0,0.121,149.23,130.6,127.84,77.84,1.102,0.2512,4,63.72,Aman,0,normal,111.59,152.24,2.225
2025-07-08T13:00:00,2,zone2,13,1,0,1,cloudy,31.65,83.25,680,4,0,0.138,107.6,86.75,97.39,79.8,0.972,0.1276,7,75.62,Aman,0,normal,72.58,110.38,2.1
2025-07-08T13:15:00,5,zone5,13,1,0,1,cloudy,28.49,79.9,360,2,0,0.077,101.46,143.3,167.46,29.39,1.019,0.398,6,74.76,Aman,0,normal,144.92,96.44,2.693
2025-07-08T13:30:00,2,zone2,13,1,0,0,clear,33.28,73.39,680,4,0,0.117,133.15,117.75,127.47,43.48,1.175,0.1732,5,63.33,Aman,0,normal,136.81,147.88,0.615
2025-07-08T13:45:00,1,zone1,13,1,0,1,cloudy,29.2,65.54,520,3,0,0.025,96.93,73.73,66.99,51.47,1.161,0.1418,5,53.23,Aman,0,normal,107.77,99.91,0.437
2025-07-08T14:00:00,1,zone1,14,1,0,0,clear,31.04,73.3,520,3,0,0.135,134.03,162.25,134.05,65.96,1.066,0.312,4,61.94,Aman,0,normal,155.78,134.21,1.198
2025-07-08T14:15:00,4,zone4,14,1,0,3,storm,27.08,97.03,810,5,0,0.134,26.56,13.31,4,57.8,1.152,0.0164,2,76.38,Aman,0,normal,33.25,24.38,0.493
2025-07-08T14:30:00,3,zone3,14,1,0,0,clear,32.14,73.12,430,2,0,0.147,83.77,79.88,60.74,67.01,1.137,0.1858,7,78.65,Aman,0,normal,73.97,73.13,0.047
2025-07-08T14:45:00,4,zone4,14,1,0,0,clear,29.3,61.92,810,5,0,0.002,107.14,106.71,121.71,56.89,0.961,0.1317,7,59.78,Aman,0,normal,95.92,99.3,0.187
2025-07-08T15:00:00,5,zone5,15,1,0,1,cloudy,24.26,72.39,360,2,0,0.045,77.84,11.33,4,32.02,1.576,0.0315,6,54.76,Aman,0,normal,29.54,82.22,2.926
2025-07-08T15:15:00,3,zone3,15,1,0,2,rain,30.27,76.44,430,2,1,0.865,112.04,171.14,179.09,157.1,0.794,0.398,4,98.62,Bahaya,0,normal,147.46,101.71,2.542
2025-07-08T15:30:00,2,zone2,15,1,0,1,cloudy,27.3,73.96,680,4,0,0.12,150.99,149.42,100.38,83.38,1.278,0.2197,5,68.77,Aman,0,normal,171.64,140.77,1.715
2025-07-08T15:45:00,5,zone5,15,1,0,3,storm,24.22,86.41,360,2,0,0.175,10.48,4,4,72.6,1.32,0.0111,6,66.94,Aman,0,normal,-2.04,11.73,0.765
2025-07-08T16:00:00,5,zone5,16,1,0,1,cloudy,30.33,58.52,360,2,0,0.03,113.66,93.85,106.34,38.85,1.053,0.2607,2,72.89,Aman,0,normal,108.46,108.66,0.011
2025-07-08T16:15:00,4,zone4,16,1,0,2,rain,29.52,84.82,810,5,1,0.964,88.11,132.51,167.8,129.35,1.434,0.1636,2,85.3,Waspada,1,density_spike,152.71,96.29,3.134
2025-07-08T16:30:00,3,zone3,16,1,0,1,cloudy,24.66,61.21,430,2,0,0.153,66.75,86.99,78.4,66.54,0.727,0.2023,7,69.53,Aman,0,normal,78.99,71.88,0.395
2025-07-08T16:45:00,4,zone4,16,1,0,0,clear,29.93,75.18,810,5,0,0.071,110.92,146.6,113.87,43.02,1.308,0.181,8,65.51,Aman,1,density_spike,164.39,102.41,3.443
2025-07-08T17:00:00,5,zone5,17,1,0,0,clear,29.99,55.5,360,2,0,0.015,101.36,84.54,70.41,57.01,1.156,0.2348,6,56.37,Aman,0,normal,80.39,93.14,0.708
2025-07-08T17:15:00,5,zone5,17,1,0,2,rain,26.7,90.12,360,2,1,0.679,127.23,162.49,217.02,123.0,0.711,0.4514,7,86.34,Waspada,1,density_spike,191.28,123.14,3.786
2025-07-08T17:30:00,1,zone1,17,1,0,0,clear,30.99,80.88,520,3,0,0.097,135.41,160.49,147.87,75.89,1.088,0.3086,4,65.01,Aman,0,normal,183.48,143.91,2.199
2025-07-08T17:45:00,3,zone3,17,1,0,2,rain,25.15,87.86,430,2,0,0.16,126.74,103.51,85.72,47.87,1.2,0.2407,4,73.93,Aman,0,normal,88.79,140.81,2.89
2025-07-08T18:00:00,3,zone3,18,1,0,2,rain,29.11,82.53,430,2,0,0.055,162.82,154.32,195.21,51.88,1.046,0.3589,6,63.51,Aman,0,normal,175.9,146.11,1.655
2025-07-08T18:15:00,1,zone1,18,1,0,0,clear,31.12,64.62,520,3,0,0.135,211.91,203.09,256.25,79.49,0.983,0.3906,7,68.14,Waspada,0,normal,203.89,219.74,0.601
2025-07-08T18:30:00,2,zone2,18,1,0,0,clear,30.83,65.35,680,4,0,0.074,115.8,125.8,129.8,84.89,1.309,0.185,2,68.56,Aman,0,normal,89.46,104.3,0.825
2025-07-08T18:45:00,2,zone2,18,1,0,2,rain,26.55,79.08,680,4,0,0.165,174.32,174.33,197.21,59.6,1.097,0.2564,4,63.95,Aman,0,normal,184.32,191.09,0.295
2025-07-08T19:00:00,3,zone3,19,1,0,1,cloudy,28.79,73.04,430,2,0,0.005,184.31,156.32,147.02,60.28,1.102,0.3635,6,67.63,Aman,0,normal,158.86,206.18,1.913
2025-07-08T19:15:00,4,zone4,19,1,0,1,cloudy,31.74,79.13,810,5,0,0.002,132.98,124.62,206.59,41.28,0.929,0.1539,4,60.19,Aman,0,normal,119.61,128.1,0.472
2025-07-08T19:30:00,2,zone2,19,1,0,0,clear,29.43,59.98,680,4,0,0.171,159.91,164.24,216.51,75.65,0.468,0.2415,6,91.27,Aman,1,density_spike,241.75,153.53,3.27
2025-07-08T19:45:00,4,zone4,19,1,0,0,clear,32.94,84.58,810,5,0,0.116,105.05,113.63,142.16,66.11,1.274,0.1403,4,77.52,Aman,0,normal,131.81,111.7,1.117
2025-07-08T20:00:00,3,zone3,20,1,0,1,cloudy,26.56,64.21,430,2,0,0.093,111.36,132.92,216.42,25.29,0.919,0.3091,7,70.46,Aman,0,normal,140.31,124.56,0.875
2025-07-08T20:15:00,5,zone5,20,1,0,0,clear,30.06,82.66,360,2,0,0.149,43.26,45.56,55.22,45.38,1.099,0.1266,7,68.41,Aman,0,normal,60.54,46.06,0.805
2025-07-08T20:30:00,5,zone5,20,1,0,0,clear,31.7,62.62,360,2,0,0.079,54.67,22.69,7.24,34.77,1.25,0.063,4,56.36,Aman,1,density_spike,-12.86,53.34,3.678
2025-07-08T20:45:00,4,zone4,20,1,0,0,clear,26.47,73.49,810,5,0,0.008,109.49,102.57,120.54,56.65,1.327,0.1266,6,70.1,Aman,0,normal,100.21,115.64,0.857
2025-07-08T21:00:00,5,zone5,21,1,0,2,rain,24.89,74.17,360,2,0,0.113,83.35,57.11,106.49,62.25,1.387,0.1587,4,58.07,Aman,0,normal,74.7,76.94,0.124
2025-07-08T21:15:00,5,zone5,21,1,0,0,clear,31.23,62.13,360,2,0,0.073,196.53,204.0,283.21,70.65,1.269,0.5667,2,76.48,Waspada,0,normal,193.28,184.86,0.379
2025-07-08T21:30:00,1,zone1,21,1,0,0,clear,30.96,62.28,520,3,0,0.0,148.01,144.23,191.06,73.84,1.014,0.2774,4,71.09,Aman,0,normal,154.37,153.75,0.033
2025-07-08T21:45:00,1,zone1,21,1,0,0,clear,29.11,69.67,520,3,0,0.126,176.67,230.99,284.51,71.05,0.922,0.4442,6,73.93,Waspada,1,density_spike,272.29,197.13,3.177
2025-07-08T22:00:00,2,zone2,22,1,0,0,clear,27.28,67.04,680,4,0,0.168,109.35,136.03,158.37,62.81,0.894,0.2,3,71.27,Aman,0,normal,163.66,113.34,2.795
2025-07-08T22:15:00,2,zone2,22,1,0,1,cloudy,29.88,73.98,680,4,0,0.032,157.43,166.97,146.41,46.41,1.125,0.2455,3,74.56,Aman,0,normal,180.15,137.12,2.391
2025-07-08T22:30:00,2,zone2,22,1,0,1,cloudy,31.17,63.65,680,4,0,0.023,87.6,79.03,72.86,19.4,1.137,0.1162,6,80.01,Aman,0,normal,96.9,77.61,1.072
2025-07-08T22:45:00,2,zone2,22,1,0,1,cloudy,30.69,87.53,680,4,1,0.486,170.43,195.85,235.19,84.97,0.959,0.288,3,76.18,Waspada,0,normal,182.32,163.34,0.968
2025-07-08T23:00:00,4,zone4,23,1,0,0,clear,33.84,68.85,810,5,0,0.096,103.87,111.98,89.12,61.06,1.149,0.1383,5,63.0,Aman,0,normal,125.57,101.01,1.364
2025-07-08T23:15:00,1,zone1,23,1,0,0,clear,31.93,72.15,520,3,0,0.067,151.18,148.05,189.91,62.1,0.742,0.2847,4,63.9,Aman,0,normal,130.43,148.86,1.024
2025-07-08T23:30:00,1,zone1,23,1,0,0,clear,29.49,62.09,520,3,0,0.154,165.85,149.6,115.82,78.23,0.969,0.2877,6,68.5,Aman,1,density_spike,114.14,180.45,3.062
2025-07-08T23:45:00,5,zone5,23,1,0,0,clear,33.82,57.1,360,2,0,0.066,72.69,81.7,109.0,37.75,0.384,0.227,6,75.55,Aman,1,density_spike,21.93,70.53,5.771
2025-07-09T00:00:00,1,zone1,0,2,0,1,cloudy,26.42,78.36,520,3,0,0.176,91.69,120.27,151.62,39.01,0.738,0.2313,7,80.11,Aman,0,normal,62.04,97.5,1.97
2025-07-09T00:15:00,3,zone3,0,2,0,0,clear,35.04,70.53,430,2,0,0.042,69.18,78.42,73.25,68.52,1.108,0.1824,6,69.67,Aman,0,normal,30.99,71.22,2.235
2025-07-09T00:30:00,5,zone5,0,2,0,0,clear,29.92,57.2,360,2,0,0.144,51.63,69.5,86.59,78.47,1.325,0.1931,4,67.28,Aman,0,normal,61.79,47.88,0.773
2025-07-09T00:45:00,2,zone2,0,2,0,0,clear,28.79,73.92,680,4,0,0.062,87.93,75.55,92.31,62.58,0.892,0.1111,8,66.24,Aman,0,normal,83.31,82.99,0.018
2025-07-09T01:00:00,3,zone3,1,2,0,0,clear,33.19,62.74,430,2,0,0.099,51.77,98.26,94.74,50.39,0.988,0.2285,3,70.9,Aman,1,density_spike,106.84,48.25,3.255
2025-07-09T01:15:00,3,zone3,1,2,0,2,rain,25.07,85.32,430,2,0,0.115,137.93,126.62,108.9,65.23,1.229,0.2945,5,72.67,Aman,0,normal,161.96,119.63,2.352
2025-07-09T01:30:00,1,zone1,1,2,0,0,clear,29.72,76.85,520,3,0,0.03,88.41,97.77,91.04,76.16,1.464,0.188,4,61.47,Aman,0,normal,94.71,78.36,0.908
2025-07-09T01:45:00,5,zone5,1,2,0,0,clear,25.67,65.77,360,2,0,0.134,53.06,72.34,31.32,70.58,0.406,0.2009,2,90.61,Aman,1,density_spike,17.46,53.8,3.712
2025-07-09T02:00:00,3,zone3,2,2,0,0,clear,31.14,66.48,430,2,0,0.027,96.62,96.17,110.74,87.97,0.922,0.2237,6,57.74,Aman,0,normal,112.69,85.67,1.501
2025-07-09T02:15:00,5,zone5,2,2,0,2,rain,26.22,81.86,360,2,0,0.08,81.94,63.4,73.05,25.66,0.626,0.1761,5,70.56,Aman,0,normal,91.12,83.58,0.419
2025-07-09T02:30:00,1,zone1,2,2,0,1,cloudy,28.32,62.63,520,3,0,0.117,88.24,86.13,90.91,50.86,1.135,0.1656,3,65.28,Aman,0,normal,89.9,82.32,0.421
2025-07-09T02:45:00,2,zone2,2,2,0,0,clear,29.21,64.35,680,4,0,0.008,44.74,58.59,45.88,17.77,1.084,0.0862,7,61.5,Aman,0,normal,44.4,42.03,0.132
2025-07-09T03:00:00,5,zone5,3,2,0,1,cloudy,27.3,84.65,360,2,0,0.099,106.39,104.54,95.44,69.43,0.869,0.2904,5,65.66,Aman,0,normal,91.83,103.49,0.648
2025-07-09T03:15:00,5,zone5,3,2,0,0,clear,32.6,66.87,360,2,0,0.062,113.68,119.07,78.49,41.6,0.704,0.3308,8,74.62,Aman,0,normal,104.81,103.33,0.082
2025-07-09T03:30:00,4,zone4,3,2,0,1,cloudy,29.08,79.7,810,5,0,0.094,67.01,78.68,74.02,52.95,1.208,0.0971,4,72.44,Aman,0,normal,57.12,63.84,0.374
2025-07-09T03:45:00,3,zone3,3,2,0,0,clear,32.28,69.32,430,2,0,0.077,65.96,63.38,33.3,57.35,1.042,0.1474,5,68.75,Aman,0,normal,47.43,68.3,1.16
2025-07-09T04:00:00,1,zone1,4,2,0,0,clear,27.96,71.74,520,3,0,0.068,86.34,104.48,141.54,101.62,0.894,0.2009,8,72.89,Aman,0,normal,108.3,79.92,1.577
2025-07-09T04:15:00,5,zone5,4,2,0,2,rain,24.94,85.48,360,2,0,0.165,90.86,96.8,94.46,96.7,0.451,0.2689,7,106.73,Aman,1,density_spike,20.93,79.27,4.855
2025-07-09T04:30:00,3,zone3,4,2,0,3,storm,25.17,76.53,430,2,0,0.087,66.42,66.83,35.67,48.53,1.44,0.1554,5,64.64,Aman,0,normal,88.16,65.05,1.284
2025-07-09T04:45:00,5,zone5,4,2,0,0,clear,28.22,66.93,360,2,0,0.116,64.69,61.96,34.95,23.04,1.176,0.1721,2,63.51,Aman,0,normal,91.78,68.44,1.297
2025-07-09T05:00:00,5,zone5,5,2,0,1,cloudy,29.92,87.9,360,2,0,0.163,43.05,33.39,38.32,78.37,0.311,0.0928,5,96.63,Aman,1,density_spike,13.57,48.06,5.668
2025-07-09T05:15:00,1,zone1,5,2,0,1,cloudy,30.1,82.13,520,3,0,0.008,94.95,103.7,84.59,51.95,1.066,0.1994,2,74.06,Aman,0,normal,104.32,91.95,0.687
2025-07-09T05:30:00,1,zone1,5,2,0,2,rain,31.59,89.0,520,3,0,0.152,174.36,177.61,161.91,75.92,1.082,0.3416,6,87.82,Aman,0,normal,185.1,169.15,0.785
2025-07-09T05:45:00,3,zone3,5,2,0,0,clear,32.26,66.95,430,2,0,0.175,90.93,120.38,127.47,44.54,1.19,0.28,3,68.49,Aman,0,normal,127.72,83.73,2.444
2025-07-09T06:00:00,1,zone1,6,2,0,3,storm,22.89,91.85,520,3,0,0.025,87.88,30.13,25.42,45.46,1.151,0.0579,3,65.15,Aman,0,normal,37.62,88.17,2.808
2025-07-09T06:15:00,5,zone5,6,2,0,0,clear,30.42,76.57,360,2,0,0.012,117.0,128.19,117.68,34.36,1.069,0.3561,7,59.32,Aman,0,normal,123.89,128.03,0.23
2025-07-09T06:30:00,5,zone5,6,2,0,2,rain,24.36,77.44,360,2,0,0.09,72.59,83.7,88.13,45.93,1.089,0.2325,3,65.42,Aman,0,normal,77.15,65.88,0.626
2025-07-09T06:45:00,2,zone2,6,2,0,2,rain,26.71,85.69,680,4,0,0.067,66.03,54.17,51.08,75.01,1.066,0.0797,5,65.61,Aman,0,normal,63.09,60.25,0.158
2025-07-09T07:00:00,5,zone5,7,2,0,0,clear,33.25,79.06,360,2,0,0.143,57.09,48.64,70.63,52.43,1.364,0.1351,8,75.17,Aman,0,normal,28.24,55.91,1.538
2025-07-09T07:15:00,2,zone2,7,2,0,1,cloudy,32.25,86.24,680,4,0,0.0,105.26,124.9,109.47,44.87,1.307,0.1837,4,66.72,Aman,0,normal,138.01,96.2,2.322
2025-07-09T07:30:00,5,zone5,7,2,0,2,rain,31.81,87.09,360,2,0,0.027,33.36,8.6,21.69,38.23,1.444,0.0239,4,62.93,Aman,0,normal,24.31,36.39,0.671
2025-07-09T07:45:00,1,zone1,7,2,0,0,clear,32.83,73.89,520,3,0,0.026,136.68,144.56,121.16,76.0,0.835,0.278,2,81.41,Aman,0,normal,149.11,130.15,1.054
2025-07-09T08:00:00,5,zone5,8,2,0,0,clear,28.35,61.89,360,2,0,0.119,103.55,146.28,143.62,88.92,1.054,0.4063,3,73.34,Waspada,0,normal,134.77,102.25,1.807
2025-07-09T08:15:00,3,zone3,8,2,0,1,cloudy,29.08,75.78,430,2,0,0.108,92.95,87.78,88.93,42.52,0.823,0.2041,6,78.39,Aman,0,normal,95.17,96.59,0.079
2025-07-09T08:30:00,3,zone3,8,2,0,1,cloudy,28.5,81.54,430,2,0,0.074,137.52,126.16,127.8,48.61,1.4,0.2934,2,69.78,Aman,0,normal,127.29,120.35,0.386
2025-07-09T08:45:00,5,zone5,8,2,0,1,cloudy,26.51,72.61,360,2,0,0.027,66.46,4,21.99,39.26,1.471,0.0111,6,56.54,Aman,0,normal,14.0,58.45,2.47
2025-07-09T09:00:00,1,zone1,9,2,0,0,clear,30.32,68.46,520,3,0,0.058,193.86,203.86,197.99,38.64,0.901,0.392,6,81.5,Aman,0,normal,209.21,208.81,0.016
2025-07-09T09:15:00,1,zone1,9,2,0,2,rain,24.09,95.66,520,3,0,0.075,137.42,128.0,95.22,49.22,0.683,0.2462,7,49.98,Aman,0,normal,91.82,137.72,2.55
2025-07-09T09:30:00,2,zone2,9,2,0,0,clear,33.79,66.78,680,4,0,0.125,98.34,110.88,117.64,55.1,1.031,0.1631,2,64.74,Aman,0,normal,107.96,84.74,1.29
2025-07-09T09:45:00,2,zone2,9,2,0,0,clear,33.9,72.71,680,4,0,0.032,89.16,81.45,85.58,63.24,1.135,0.1198,8,63.95,Aman,0,normal,51.78,77.35,1.421
2025-07-09T10:00:00,2,zone2,10,2,0,1,cloudy,33.25,76.97,680,4,0,0.135,146.81,161.2,137.0,53.81,1.277,0.2371,6,70.61,Aman,0,normal,170.14,130.35,2.21
2025-07-09T10:15:00,5,zone5,10,2,0,0,clear,33.93,65.71,360,2,0,0.083,74.75,73.53,64.54,42.36,1.117,0.2042,3,69.06,Aman,0,normal,76.08,77.7,0.09
2025-07-09T10:30:00,3,zone3,10,2,0,0,clear,31.17,84.22,430,2,1,0.488,83.56,88.86,125.82,87.58,1.215,0.2067,6,71.95,Aman,0,normal,95.8,86.14,0.537
2025-07-09T10:45:00,1,zone1,10,2,0,0,clear,31.57,67.75,520,3,0,0.134,169.05,183.25,162.27,112.44,0.858,0.3524,2,72.73,Waspada,0,normal,168.91,153.23,0.853
2025-07-09T11:00:00,3,zone3,11,2,0,1,cloudy,29.05,84.66,430,2,1,0.955,94.18,133.94,199.59,157.89,0.251,0.3115,2,110.11,Waspada,1,density_spike,369.58,101.49,4.039
2025-07-09T11:15:00,3,zone3,11,2,0,0,clear,27.58,75.81,430,2,1,0.987,118.25,157.89,215.69,122.94,1.437,0.3672,3,90.8,Waspada,0,normal,163.9,116.61,2.627
2025-07-09T11:30:00,4,zone4,11,2,0,1,cloudy,30.69,66.69,810,5,0,0.109,170.22,143.33,139.3,61.6,0.999,0.177,4,73.58,Aman,0,normal,159.43,181.5,1.013
2025-07-09T11:45:00,1,zone1,11,2,0,0,clear,26.2,70.31,520,3,0,0.041,189.27,179.23,170.51,67.81,0.986,0.3447,3,78.65,Aman,0,normal,171.52,177.59,0.285
2025-07-09T12:00:00,5,zone5,12,2,0,3,storm,29.3,94.08,360,2,0,0.064,25.27,4,4,31.46,1.071,0.0111,8,54.77,Aman,0,normal,-12.93,27.6,2.252
2025-07-09T12:15:00,4,zone4,12,2,0,2,rain,29.27,85.54,810,5,0,0.006,69.04,39.74,23.67,62.84,1.13,0.0491,2,62.32,Aman,0,normal,42.2,76.99,1.933
2025-07-09T12:30:00,4,zone4,12,2,0,0,clear,34.69,73.33,810,5,0,0.161,139.91,149.47,188.17,81.69,0.763,0.1845,4,78.73,Aman,0,normal,107.28,129.41,1.229
2025-07-09T12:45:00,2,zone2,12,2,0,1,cloudy,32.36,69.12,680,4,0,0.155,138.38,107.62,74.93,62.28,1.122,0.1583,5,57.63,Aman,1,density_spike,92.63,152.08,3.258
2025-07-09T13:00:00,1,zone1,13,2,0,0,clear,32.18,67.87,520,3,0,0.044,150.0,158.72,104.41,77.3,1.164,0.3052,4,76.62,Aman,0,normal,158.38,139.95,1.024
2025-07-09T13:15:00,4,zone4,13,2,0,1,cloudy,31.2,90.42,810,5,0,0.062,72.56,65.07,56.42,61.16,0.985,0.0803,3,72.37,Aman,0,normal,45.55,80.31,1.931
2025-07-09T13:30:00,3,zone3,13,2,0,2,rain,29.83,78.59,430,2,0,0.152,55.5,52.93,55.21,51.33,0.985,0.1231,8,66.43,Aman,0,normal,60.65,59.41,0.069
2025-07-09T13:45:00,2,zone2,13,2,0,2,rain,28.18,69.45,680,4,0,0.141,109.27,94.42,98.32,80.94,1.072,0.1388,6,57.27,Aman,0,normal,88.77,98.68,0.551
2025-07-09T14:00:00,1,zone1,14,2,0,1,cloudy,29.05,84.64,520,3,0,0.081,165.67,141.59,175.83,71.02,1.049,0.2723,5,66.13,Aman,0,normal,156.72,143.59,0.729
2025-07-09T14:15:00,4,zone4,14,2,0,0,clear,30.04,70.41,810,5,0,0.156,97.13,69.51,55.16,87.05,0.982,0.0858,7,58.21,Aman,0,normal,68.38,98.61,1.679
2025-07-09T14:30:00,5,zone5,14,2,0,0,clear,30.17,48,360,2,0,0.002,59.99,54.68,51.39,53.33,1.439,0.1519,2,66.44,Aman,0,normal,27.78,54.56,1.488
2025-07-09T14:45:00,1,zone1,14,2,0,1,cloudy,30.89,66.01,520,3,1,0.945,219.15,278.39,325.93,153.89,0.789,0.5354,2,85.34,Bahaya,1,density_spike,287.5,203.2,3.457
2025-07-09T15:00:00,3,zone3,15,2,0,0,clear,31.34,63.47,430,2,0,0.045,150.91,138.29,130.71,71.41,0.65,0.3216,5,72.12,Aman,0,normal,124.47,148.36,1.327
2025-07-09T15:15:00,1,zone1,15,2,0,0,clear,30.14,53.19,520,3,0,0.04,199.51,193.05,192.11,72.66,1.03,0.3712,3,73.44,Aman,0,normal,203.46,179.02,1.138
2025-07-09T15:30:00,2,zone2,15,2,0,0,clear,31.91,57.11,680,4,0,0.122,97.21,108.77,117.89,47.2,0.318,0.16,6,101.86,Aman,1,density_spike,260.64,108.59,4.545
2025-07-09T15:45:00,5,zone5,15,2,0,0,clear,31.24,67.64,360,2,0,0.127,85.44,82.69,47.66,54.33,0.998,0.2297,4,77.1,Aman,0,normal,70.36,75.22,0.27
2025-07-09T16:00:00,2,zone2,16,2,0,0,clear,31.53,52.92,680,4,0,0.152,99.37,93.67,110.04,92.06,1.066,0.1377,5,81.68,Aman,0,normal,101.72,87.67,0.78
2025-07-09T16:15:00,4,zone4,16,2,0,2,rain,26.35,86.22,810,5,0,0.076,15.53,4,11.43,28.76,1.463,0.0049,5,66.73,Aman,0,normal,12.92,16.06,0.175
2025-07-09T16:30:00,2,zone2,16,2,0,2,rain,28.22,68.91,680,4,0,0.048,83.69,65.58,80.83,43.81,1.193,0.0964,6,64.96,Aman,1,density_spike,25.47,90.48,3.612
2025-07-09T16:45:00,4,zone4,16,2,0,0,clear,30.95,63.99,810,5,0,0.149,55.75,59.71,48.94,28.64,0.479,0.0737,8,82.38,Aman,1,density_spike,165.14,50.28,3.732
2025-07-09T17:00:00,3,zone3,17,2,0,0,clear,32.41,50.46,430,2,1,0.517,162.82,176.94,175.31,103.65,1.026,0.4115,5,88.46,Waspada,0,normal,183.69,173.02,0.514
2025-07-09T17:15:00,4,zone4,17,2,0,0,clear,34.45,60.1,810,5,0,0.004,158.87,167.61,155.92,52.21,1.134,0.2069,2,77.91,Aman,0,normal,195.91,168.52,1.354
2025-07-09T17:30:00,2,zone2,17,2,0,2,rain,28.89,78.63,680,4,0,0.002,57.27,58.08,70.62,33.4,0.989,0.0854,2,73.41,Aman,0,normal,34.07,61.63,1.531
2025-07-09T17:45:00,4,zone4,17,2,0,0,clear,30.07,76.66,810,5,0,0.035,80.27,40.39,69.9,49.73,1.27,0.0499,3,69.14,Aman,1,density_spike,24.07,87.64,3.532
2025-07-09T18:00:00,3,zone3,18,2,0,0,clear,30.86,76.71,430,2,0,0.134,145.27,164.03,207.77,65.89,0.397,0.3815,6,92.96,Waspada,1,density_spike,327.08,134.06,3.595
2025-07-09T18:15:00,2,zone2,18,2,0,0,clear,30.63,61.97,680,4,1,0.895,154.9,223.88,309.41,151.93,0.982,0.3292,7,79.1,Waspada,1,density_spike,240.4,156.98,4.428
2025-07-09T18:30:00,3,zone3,18,2,0,1,cloudy,30.97,90.52,430,2,0,0.037,109.97,124.11,156.93,68.32,0.607,0.2886,6,60.18,Aman,0,normal,82.96,105.03,1.226
2025-07-09T18:45:00,4,zone4,18,2,0,0,clear,28.64,67.69,810,5,0,0.072,80.8,95.59,110.48,35.69,1.097,0.118,2,53.16,Aman,0,normal,69.33,86.99,0.981
2025-07-09T19:00:00,2,zone2,19,2,0,1,cloudy,32.35,92.59,680,4,0,0.105,162.09,147.93,183.37,65.08,1.217,0.2175,4,66.14,Aman,0,normal,141.0,169.89,1.417
2025-07-09T19:15:00,2,zone2,19,2,0,0,clear,33.11,75.6,680,4,0,0.176,245.92,237.25,280.73,64.19,1.138,0.3489,4,65.14,Aman,0,normal,221.27,236.54,0.538
2025-07-09T19:30:00,3,zone3,19,2,0,0,clear,29.98,65.75,430,2,0,0.102,96.41,92.89,109.44,42.35,0.931,0.216,6,71.68,Aman,0,normal,93.65,102.0,0.464
2025-07-09T19:45:00,4,zone4,19,2,0,2,rain,23.83,84.71,810,5,0,0.16,70.91,78.82,82.92,77.62,0.926,0.0973,5,59.84,Aman,0,normal,93.62,72.08,1.196
2025-07-09T20:00:00,3,zone3,20,2,0,0,clear,31.99,72.56,430,2,0,0.005,130.2,165.57,216.1,48.66,1.111,0.385,6,73.04,Aman,0,normal,159.49,125.5,1.888
2025-07-09T20:15:00,5,zone5,20,2,0,0,clear,31.92,66.68,360,2,0,0.178,130.06,155.21,205.47,79.57,1.056,0.4311,7,72.2,Waspada,0,normal,158.37,131.88,1.472
2025-07-09T20:30:00,4,zone4,20,2,0,0,clear,35.62,63.47,810,5,0,0.027,104.59,107.12,133.4,36.11,1.269,0.1323,5,64.32,Aman,0,normal,113.35,104.6,0.487
2025-07-09T20:45:00,2,zone2,20,2,0,2,rain,30.04,84.19,680,4,0,0.022,110.25,68.51,38.13,43.13,1.43,0.1008,2,66.25,Aman,0,normal,78.94,99.53,1.144
2025-07-09T21:00:00,3,zone3,21,2,0,0,clear,30.32,72.43,430,2,0,0.119,173.17,174.73,217.44,85.76,1.174,0.4064,4,68.73,Waspada,0,normal,181.7,170.59,0.543
2025-07-09T21:15:00,4,zone4,21,2,0,0,clear,30.29,62.55,810,5,0,0.116,101.8,109.7,123.49,38.77,1.352,0.1354,7,72.01,Aman,0,normal,126.39,97.49,1.606
2025-07-09T21:30:00,3,zone3,21,2,0,0,clear,27.49,70.55,430,2,0,0.049,136.68,128.66,127.35,34.2,1.109,0.2992,7,59.02,Aman,1,density_spike,71.27,143.08,3.989
2025-07-09T21:45:00,2,zone2,21,2,0,0,clear,30.43,61.57,680,4,0,0.031,100.33,107.34,166.26,42.22,1.133,0.1579,6,74.76,Aman,0,normal,112.48,101.64,0.602
2025-07-09T22:00:00,5,zone5,22,2,0,0,clear,33.83,65.4,360,2,0,0.148,67.97,66.5,53.34,65.91,1.478,0.1847,4,79.18,Aman,0,normal,64.13,63.96,0.009
2025-07-09T22:15:00,5,zone5,22,2,0,2,rain,25.82,79.89,360,2,0,0.04,99.18,74.04,68.5,55.8,1.578,0.2057,4,64.67,Aman,0,normal,57.79,103.08,2.516
2025-07-09T22:30:00,2,zone2,22,2,0,0,clear,32.03,72.3,680,4,0,0.042,151.04,153.0,186.85,22.38,1.034,0.225,8,65.36,Aman,0,normal,144.06,166.73,1.133
2025-07-09T22:45:00,3,zone3,22,2,0,2,rain,30.95,73.31,430,2,1,0.713,89.1,104.11,141.8,101.35,0.857,0.2421,3,83.43,Waspada,0,normal,122.05,80.49,2.309
2025-07-09T23:00:00,3,zone3,23,2,0,0,clear,31.97,53.15,430,2,0,0.06,147.01,171.51,163.76,49.82,0.939,0.3988,3,74.14,Aman,1,density_spike,196.25,131.74,3.584
2025-07-09T23:15:00,1,zone1,23,2,0,0,clear,33.34,65.08,520,3,0,0.041,136.38,174.31,169.18,40.1,0.793,0.3352,2,55.81,Aman,0,normal,206.99,152.36,2.988
2025-07-09T23:30:00,4,zone4,23,2,0,0,clear,25.87,54.92,810,5,1,0.714,182.19,226.39,231.43,124.87,1.151,0.2795,7,75.51,Waspada,0,normal,184.85,171.5,0.649
2025-07-09T23:45:00,5,zone5,23,2,0,1,cloudy,30.45,89.31,360,2,0,0.141,111.42,121.58,122.42,79.03,0.931,0.3377,7,66.47,Aman,0,normal,153.2,102.92,2.794
2025-07-10T00:00:00,3,zone3,0,3,0,0,clear,32.86,67.89,430,2,0,0.07,46.26,51.09,74.39,31.34,1.545,0.1188,8,81.11,Aman,0,normal,37.75,39.94,0.122
2025-07-10T00:15:00,2,zone2,0,3,0,0,clear,34.05,57.94,680,4,0,0.071,111.72,90.65,66.08,45.56,0.998,0.1333,4,72.58,Aman,0,normal,88.57,124.97,2.022
2025-07-10T00:30:00,3,zone3,0,3,0,2,rain,26.44,82.31,430,2,0,0.109,24.92,4,35.16,38.1,1.065,0.0093,2,66.84,Aman,0,normal,16.24,23.26,0.39
2025-07-10T00:45:00,1,zone1,0,3,0,2,rain,26.08,76.9,520,3,0,0.155,98.37,101.95,101.01,52.93,1.069,0.1961,4,78.0,Aman,0,normal,77.77,109.33,1.753
2025-07-10T01:00:00,5,zone5,1,3,0,0,clear,35.17,75.03,360,2,0,0.04,57.33,58.52,82.37,27.32,1.32,0.1626,8,74.58,Aman,0,normal,66.38,51.16,0.845
2025-07-10T01:15:00,5,zone5,1,3,0,2,rain,27.33,69.57,360,2,0,0.178,55.22,41.36,39.0,52.85,0.581,0.1149,8,108.68,Aman,1,density_spike,93.55,58.36,6.115
2025-07-10T01:30:00,5,zone5,1,3,0,0,clear,29.63,71.69,360,2,0,0.005,27.55,6.38,4,25.98,1.561,0.0177,5,59.06,Aman,0,normal,10.32,29.59,1.071
2025-07-10T01:45:00,3,zone3,1,3,0,0,clear,30.93,61.1,430,2,1,0.85,118.52,174.3,197.67,146.42,1.032,0.4053,4,82.99,Bahaya,0,normal,176.79,128.52,2.682
2025-07-10T02:00:00,2,zone2,2,3,0,1,cloudy,27.96,64.85,680,4,0,0.087,107.18,114.87,140.41,81.42,1.266,0.1689,6,56.8,Aman,0,normal,134.92,114.97,1.108
2025-07-10T02:15:00,3,zone3,2,3,0,1,cloudy,33.16,69.35,430,2,0,0.039,59.01,54.86,46.98,72.64,1.292,0.1276,5,65.36,Aman,0,normal,41.74,51.23,0.527
2025-07-10T02:30:00,4,zone4,2,3,0,0,clear,31.21,69.29,810,5,0,0.118,37.79,39.84,21.45,67.6,1.166,0.0492,8,74.18,Aman,0,normal,48.33,37.98,0.575
2025-07-10T02:45:00,4,zone4,2,3,0,0,clear,29.72,66.19,810,5,0,0.178,86.94,126.3,127.4,90.53,0.84,0.1559,4,68.02,Aman,1,density_spike,163.81,89.61,4.122
2025-07-10T03:00:00,3,zone3,3,3,0,2,rain,25.99,75.39,430,2,0,0.075,102.13,107.09,118.01,54.14,1.193,0.249,8,72.1,Aman,0,normal,80.11,99.47,1.075
2025-07-10T03:15:00,2,zone2,3,3,0,0,clear,27.92,66.23,680,4,0,0.046,124.61,143.75,159.04,60.77,1.335,0.2114,8,72.27,Aman,1,density_spike,189.66,108.03,4.535
2025-07-10T03:30:00,4,zone4,3,3,0,1,cloudy,26.49,70.39,810,5,0,0.078,76.09,62.34,79.18,29.05,1.162,0.077,7,65.58,Aman,0,normal,25.25,77.83,2.921
2025-07-10T03:45:00,4,zone4,3,3,0,0,clear,28.57,69.29,810,5,0,0.172,104.13,97.85,124.6,35.28,1.049,0.1208,6,70.91,Aman,0,normal,73.96,114.45,2.249
2025-07-10T04:00:00,1,zone1,4,3,0,0,clear,29.51,65.23,520,3,0,0.085,124.94,113.35,130.23,56.42,1.076,0.218,7,73.52,Aman,0,normal,103.78,119.76,0.888
2025-07-10T04:15:00,2,zone2,4,3,0,0,clear,30.56,64.15,680,4,0,0.088,163.88,170.77,216.67,96.59,0.694,0.2511,7,59.99,Aman,0,normal,173.44,148.3,1.397
2025-07-10T04:30:00,3,zone3,4,3,0,0,clear,28.78,69.47,430,2,0,0.172,127.17,147.71,168.9,76.93,0.34,0.3435,5,84.13,Waspada,1,density_spike,408.66,127.57,5.415
2025-07-10T04:45:00,2,zone2,4,3,0,0,clear,32.11,63.58,680,4,0,0.083,71.05,72.43,44.66,59.25,1.224,0.1065,4,61.95,Aman,0,normal,72.16,76.92,0.264
2025-07-10T05:00:00,3,zone3,5,3,0,0,clear,30.58,58.8,430,2,0,0.077,107.37,119.2,112.66,63.15,0.893,0.2772,7,67.31,Aman,0,normal,117.34,104.9,0.691
2025-07-10T05:15:00,2,zone2,5,3,0,1,cloudy,30.84,79.99,680,4,0,0.173,90.58,121.81,121.51,59.97,1.275,0.1791,2,73.07,Aman,0,normal,111.3,89.12,1.232
2025-07-10T05:30:00,1,zone1,5,3,0,0,clear,28.2,67.1,520,3,0,0.012,122.87,133.7,81.32,67.32,1.075,0.2571,2,66.68,Aman,0,normal,131.39,122.59,0.489
2025-07-10T05:45:00,5,zone5,5,3,0,0,clear,33.84,50.15,360,2,0,0.085,102.41,117.94,158.2,67.94,1.078,0.3276,4,84.79,Aman,0,normal,101.59,105.45,0.214
2025-07-10T06:00:00,4,zone4,6,3,0,0,clear,31.97,68.11,810,5,0,0.176,88.92,97.37,80.34,65.77,0.771,0.1202,5,67.73,Aman,0,normal,111.17,78.56,1.811
2025-07-10T06:15:00,4,zone4,6,3,0,1,cloudy,27.52,70.75,810,5,1,0.943,87.49,160.65,208.69,134.35,1.014,0.1983,2,103.69,Waspada,1,density_spike,154.17,81.34,4.046
2025-07-10T06:30:00,1,zone1,6,3,0,1,cloudy,29.94,70.28,520,3,0,0.066,152.37,129.26,114.0,23.36,0.984,0.2486,4,73.06,Aman,0,normal,135.91,166.23,1.52
2025-07-10T06:45:00,3,zone3,6,3,0,3,storm,29.04,88.95,430,2,0,0.008,57.57,16.52,4,59.02,1.25,0.0384,4,63.16,Aman,1,density_spike,-1.48,64.12,3.645
2025-07-10T07:00:00,5,zone5,7,3,0,0,clear,31.69,72.91,360,2,0,0.162,65.48,87.21,96.15,52.42,1.326,0.2423,3,79.58,Aman,0,normal,85.26,60.71,1.364
2025-07-10T07:15:00,4,zone4,7,3,0,0,clear,34.27,65.37,810,5,0,0.075,128.15,128.41,138.26,36.6,0.474,0.1585,4,86.92,Aman,1,density_spike,253.18,131.92,5.242
2025-07-10T07:30:00,4,zone4,7,3,0,1,cloudy,31.18,70.36,810,5,0,0.176,147.73,154.07,100.85,58.47,1.217,0.1902,2,72.33,Aman,0,normal,145.85,150.74,0.27
2025-07-10T07:45:00,5,zone5,7,3,0,1,cloudy,33.51,72.16,360,2,0,0.012,8,20.64,19.16,15.75,0.997,0.0573,2,66.34,Aman,0,normal,-6.86,8,0.826
2025-07-10T08:00:00,5,zone5,8,3,0,1,cloudy,26.91,80.36,360,2,0,0.165,36.49,54.26,32.48,68.57,1.066,0.1507,2,72.14,Aman,0,normal,47.01,32.04,0.831
2025-07-10T08:15:00,5,zone5,8,3,0,0,clear,34.52,59.25,360,2,0,0.067,116.0,123.76,111.75,57.42,0.943,0.3438,5,71.52,Aman,0,normal,109.8,127.45,0.981
2025-07-10T08:30:00,3,zone3,8,3,0,0,clear,29.24,64.97,430,2,0,0.088,136.87,156.14,126.46,59.47,0.512,0.3631,7,109.79,Aman,1,density_spike,34.49,125.96,5.41
2025-07-10T08:45:00,4,zone4,8,3,0,2,rain,21.82,78.41,810,5,0,0.017,115.88,105.92,110.55,75.67,1.096,0.1308,4,63.7,Aman,0,normal,105.77,129.73,1.331
2025-07-10T09:00:00,2,zone2,9,3,0,0,clear,31.19,70.89,680,4,0,0.125,145.41,181.19,161.84,60.37,0.978,0.2665,6,74.55,Aman,0,normal,214.31,158.87,2.908
2025-07-10T09:15:00,5,zone5,9,3,0,2,rain,31.68,88.76,360,2,0,0.03,128.03,116.91,119.23,85.93,0.862,0.3248,2,64.43,Aman,0,normal,149.44,129.48,1.109
2025-07-10T09:30:00,1,zone1,9,3,0,0,clear,27.34,78.7,520,3,0,0.113,134.57,138.0,130.38,53.27,1.14,0.2654,3,70.63,Aman,0,normal,140.18,126.73,0.748
2025-07-10T09:45:00,2,zone2,9,3,0,1,cloudy,29.88,82.56,680,4,0,0.093,160.09,132.07,93.83,74.9,0.238,0.1942,6,91.64,Aman,1,density_spike,225.69,146.08,4.873
2025-07-10T10:00:00,5,zone5,10,3,0,0,clear,29.98,73.15,360,2,0,0.032,115.2,100.79,131.77,61.93,0.674,0.28,2,63.85,Aman,0,normal,100.15,124.1,1.33
2025-07-10T10:15:00,5,zone5,10,3,0,0,clear,35.84,70.55,360,2,0,0.014,44.24,68.12,25.63,62.78,1.203,0.1892,8,66.77,Aman,0,normal,79.77,44.01,1.987
2025-07-10T10:30:00,4,zone4,10,3,0,2,rain,27.21,73.64,810,5,0,0.115,71.84,62.3,90.73,46.77,1.377,0.0769,4,60.52,Aman,0,normal,72.63,69.73,0.161
2025-07-10T10:45:00,1,zone1,10,3,0,0,clear,28.86,52.97,520,3,0,0.123,155.87,147.61,160.61,72.22,0.87,0.2839,3,74.31,Aman,0,normal,141.29,142.56,0.071
2025-07-10T11:00:00,4,zone4,11,3,0,0,clear,32.53,61.57,810,5,1,0.674,169.11,195.48,249.48,108.45,1.18,0.2413,3,79.91,Waspada,0,normal,216.14,186.53,1.323
2025-07-10T11:15:00,2,zone2,11,3,0,0,clear,33.11,73.99,680,4,0,0.074,101.01,93.29,78.6,82.22,0.711,0.1372,8,85.16,Aman,1,density_spike,236.11,89.32,3.586
2025-07-10T11:30:00,2,zone2,11,3,0,0,clear,30.8,62.25,680,4,0,0.079,104.36,81.63,105.01,39.02,1.318,0.12,3,65.58,Aman,0,normal,84.15,91.62,0.415
2025-07-10T11:45:00,4,zone4,11,3,0,0,clear,32.64,74.41,810,5,0,0.122,137.65,186.17,169.07,62.87,0.953,0.2298,5,64.96,Aman,1,density_spike,207.17,143.94,3.513
2025-07-10T12:00:00,2,zone2,12,3,0,0,clear,29.11,59.43,680,4,0,0.022,122.93,117.78,118.98,51.26,0.917,0.1732,3,60.91,Aman,0,normal,115.63,111.53,0.228
2025-07-10T12:15:00,4,zone4,12,3,0,0,clear,34.0,70.72,810,5,0,0.017,70.61,61.74,82.77,11.73,1.289,0.0762,2,72.39,Aman,0,normal,100.38,65.38,1.944
2025-07-10T12:30:00,5,zone5,12,3,0,0,clear,26.28,77.02,360,2,0,0.065,55.63,75.48,70.87,65.47,1.035,0.2097,6,64.32,Aman,0,normal,94.14,53.4,2.263
2025-07-10T12:45:00,1,zone1,12,3,0,0,clear,32.13,58.1,520,3,0,0.042,98.18,106.2,73.03,64.67,0.936,0.2042,8,62.86,Aman,0,normal,131.74,105.59,1.453
2025-07-10T13:00:00,4,zone4,13,3,0,0,clear,32.78,77.41,810,5,0,0.041,62.66,62.47,52.1,82.05,1.14,0.0771,8,52.58,Aman,0,normal,67.97,61.19,0.377
2025-07-10T13:15:00,2,zone2,13,3,0,3,storm,25.13,98,680,4,0,0.172,82.78,35.05,57.3,64.71,1.354,0.0515,2,89.47,Aman,0,normal,62.81,78.72,0.884
2025-07-10T13:30:00,4,zone4,13,3,0,0,clear,28.95,70.49,810,5,0,0.147,95.6,119.42,165.97,81.47,1.296,0.1474,5,63.35,Aman,0,normal,114.35,103.64,0.595
2025-07-10T13:45:00,2,zone2,13,3,0,0,clear,31.51,62.98,680,4,0,0.14,173.43,195.49,231.03,79.69,0.95,0.2875,2,77.66,Aman,0,normal,200.15,175.48,1.172
2025-07-10T14:00:00,1,zone1,14,3,0,0,clear,31.17,71.54,520,3,0,0.134,145.63,149.38,150.44,51.73,1.108,0.2873,8,67.42,Aman,0,normal,145.77,136.54,0.513
2025-07-10T14:15:00,1,zone1,14,3,0,0,clear,32.3,75.5,520,3,0,0.007,165.63,137.28,135.82,25.96,0.794,0.264,6,72.25,Aman,0,normal,156.25,177.68,1.005
2025-07-10T14:30:00,5,zone5,14,3,0,1,cloudy,26.05,75.13,360,2,0,0.151,70.7,62.02,65.66,65.5,1.122,0.1723,6,74.37,Aman,0,normal,42.48,69.21,1.485
2025-07-10T14:45:00,5,zone5,14,3,0,2,rain,27.14,71.82,360,2,0,0.165,55.33,49.17,57.56,66.99,1.081,0.1366,8,67.06,Aman,0,normal,46.68,56.02,0.519
2025-07-10T15:00:00,2,zone2,15,3,0,0,clear,33.54,63.29,680,4,0,0.129,122.9,105.88,128.7,56.42,1.223,0.1557,3,77.09,Aman,0,normal,125.27,135.51,0.569
2025-07-10T15:15:00,4,zone4,15,3,0,0,clear,26.03,77.84,810,5,1,0.929,210.12,273.61,300.64,137.88,0.894,0.3378,4,82.34,Waspada,1,density_spike,347.93,187.25,7.151
2025-07-10T15:30:00,5,zone5,15,3,0,0,clear,27.69,61.2,360,2,0,0.168,63.43,80.75,128.67,28.52,1.039,0.2243,2,54.09,Aman,0,normal,65.03,54.61,0.579
2025-07-10T15:45:00,4,zone4,15,3,0,3,storm,22.29,89.56,810,5,1,0.523,77.8,51.83,70.98,120.82,1.278,0.064,6,65.87,Aman,0,normal,55.31,76.78,1.192
2025-07-10T16:00:00,1,zone1,16,3,0,0,clear,29.58,64.35,520,3,0,0.015,193.46,193.05,183.47,54.29,0.986,0.3713,4,62.37,Aman,0,normal,202.08,203.24,0.047
2025-07-10T16:15:00,2,zone2,16,3,0,0,clear,26.77,49.35,680,4,0,0.144,186.87,213.81,182.71,81.75,0.907,0.3144,3,65.01,Aman,0,normal,190.46,206.31,0.64
2025-07-10T16:30:00,4,zone4,16,3,0,1,cloudy,31.35,71.48,810,5,0,0.014,98.04,92.07,92.05,68.2,1.41,0.1137,6,59.31,Aman,0,normal,47.95,87.11,2.176
2025-07-10T16:45:00,5,zone5,16,3,0,0,clear,29.83,60.48,360,2,1,0.545,127.46,177.47,209.69,88.82,0.964,0.493,5,79.9,Waspada,1,density_spike,177.75,116.75,3.389
2025-07-10T17:00:00,1,zone1,17,3,0,3,storm,26.8,81.63,520,3,0,0.013,149.83,149.16,164.81,73.35,0.809,0.2868,2,63.94,Aman,0,normal,155.72,134.84,1.16
2025-07-10T17:15:00,3,zone3,17,3,0,3,storm,25.78,87.09,430,2,0,0.1,134.57,94.77,107.11,54.86,0.746,0.2204,6,67.12,Aman,0,normal,111.49,150.04,2.141
2025-07-10T17:30:00,1,zone1,17,3,0,0,clear,25.19,63.44,520,3,0,0.068,196.6,187.13,196.36,74.03,0.789,0.3599,6,70.57,Aman,0,normal,168.72,204.91,1.472
2025-07-10T17:45:00,2,zone2,17,3,0,1,cloudy,30.71,96.42,680,4,0,0.172,172.05,198.83,219.96,67.15,0.8,0.2924,3,70.34,Aman,0,normal,191.87,169.95,1.075
2025-07-10T18:00:00,5,zone5,18,3,0,0,clear,30.16,64.48,360,2,0,0.163,105.52,121.47,161.78,61.8,1.015,0.3374,2,70.47,Aman,0,normal,116.31,94.45,1.214
2025-07-10T18:15:00,3,zone3,18,3,0,0,clear,33.22,78.17,430,2,0,0.101,88.4,66.98,86.5,46.05,1.037,0.1558,8,75.87,Aman,1,density_spike,9.75,79.75,3.889
2025-07-10T18:30:00,4,zone4,18,3,0,0,clear,32.94,78.83,810,5,1,0.594,143.06,209.84,251.45,119.96,1.02,0.2591,5,84.52,Waspada,1,density_spike,229.06,150.85,4.321
2025-07-10T18:45:00,3,zone3,18,3,0,0,clear,31.46,67.83,430,2,0,0.125,166.52,190.7,235.11,70.78,1.387,0.4435,3,61.29,Waspada,1,density_spike,214.9,145.13,3.876
2025-07-10T19:00:00,4,zone4,19,3,0,0,clear,27.43,64.48,810,5,0,0.021,95.56,111.68,127.4,48.91,0.959,0.1379,2,67.45,Aman,0,normal,85.05,104.15,1.061
2025-07-10T19:15:00,3,zone3,19,3,0,1,cloudy,37.33,77.71,430,2,0,0.115,83.27,78.12,87.72,63.71,1.224,0.1817,4,71.37,Aman,0,normal,64.69,74.95,0.57
2025-07-10T19:30:00,4,zone4,19,3,0,0,clear,29.31,71.21,810,5,0,0.101,188.81,181.91,218.74,73.76,1.241,0.2246,5,61.49,Aman,0,normal,177.11,210.7,1.328
2025-07-10T19:45:00,1,zone1,19,3,0,1,cloudy,24.32,83.96,520,3,0,0.003,140.94,159.64,202.45,52.27,1.077,0.307,2,73.51,Aman,0,normal,173.95,139.36,1.922
2025-07-10T20:00:00,2,zone2,20,3,0,0,clear,25.37,58.08,680,4,1,0.745,225.74,264.45,386.66,100.18,0.613,0.3889,2,87.05,Waspada,0,normal,258.07,218.48,1.51
2025-07-10T20:15:00,5,zone5,20,3,0,0,clear,31.25,58.95,360,2,0,0.144,133.39,130.49,199.75,64.81,0.91,0.3625,4,70.17,Aman,0,normal,146.73,135.2,0.64
2025-07-10T20:30:00,4,zone4,20,3,0,0,clear,28.67,62.19,810,5,0,0.128,84.82,49.91,84.42,45.5,1.377,0.0616,5,71.15,Aman,0,normal,74.79,91.83,0.947
2025-07-10T20:45:00,4,zone4,20,3,0,1,cloudy,32.58,71.24,810,5,0,0.012,81.46,70.96,78.84,13.5,0.899,0.0876,4,62.7,Aman,0,normal,67.77,78.68,0.606
2025-07-10T21:00:00,1,zone1,21,3,0,1,cloudy,30.5,64.9,520,3,0,0.04,126.89,113.54,75.11,61.39,1.154,0.2183,6,68.65,Aman,0,normal,108.9,131.5,1.256
2025-07-10T21:15:00,5,zone5,21,3,0,0,clear,30.33,57.56,360,2,0,0.011,167.52,172.96,206.53,96.18,1.011,0.4804,3,71.43,Waspada,0,normal,159.92,175.77,0.752
2025-07-10T21:30:00,4,zone4,21,3,0,0,clear,34.42,69.32,810,5,0,0.006,123.56,127.75,164.54,78.42,1.304,0.1577,6,62.06,Aman,0,normal,106.85,117.02,0.565
2025-07-10T21:45:00,2,zone2,21,3,0,2,rain,28.02,79.82,680,4,0,0.125,92.8,105.74,139.22,53.04,1.294,0.1555,8,74.14,Aman,0,normal,86.23,96.89,0.592
2025-07-10T22:00:00,3,zone3,22,3,0,1,cloudy,29.93,65.71,430,2,1,0.909,156.35,207.69,241.69,155.52,0.824,0.483,8,100.27,Bahaya,1,density_spike,239.24,144.79,5.247
2025-07-10T22:15:00,1,zone1,22,3,0,1,cloudy,26.33,73.58,520,3,1,0.478,281.56,320.33,353.08,104.33,0.855,0.616,5,86.04,Waspada,0,normal,284.84,244.0,1.395
2025-07-10T22:30:00,5,zone5,22,3,0,1,cloudy,32.99,90.05,360,2,0,0.005,124.16,134.23,108.99,53.18,0.885,0.3729,4,68.06,Aman,0,normal,143.9,122.48,1.19
2025-07-10T22:45:00,2,zone2,22,3,0,0,clear,30.66,76.97,680,4,0,0.101,103.79,113.35,136.21,84.3,1.172,0.1667,4,68.74,Aman,0,normal,64.69,108.26,2.42
2025-07-10T23:00:00,5,zone5,23,3,0,0,clear,32.08,63.07,360,2,0,0.168,52.36,90.88,57.48,66.37,1.0,0.2524,7,82.3,Aman,0,normal,92.99,47.65,2.518
2025-07-10T23:15:00,5,zone5,23,3,0,0,clear,30.31,50.54,360,2,0,0.008,60.67,72.27,67.2,37.64,0.883,0.2008,4,64.88,Aman,0,normal,65.95,58.2,0.43
2025-07-10T23:30:00,1,zone1,23,3,0,0,clear,30.9,79.39,520,3,0,0.037,125.47,110.49,130.51,79.65,1.355,0.2125,6,62.65,Aman,0,normal,102.77,109.09,0.351
2025-07-10T23:45:00,3,zone3,23,3,0,0,clear,26.61,75.53,430,2,0,0.065,71.04,31.74,78.73,58.01,1.446,0.0738,5,71.7,Aman,1,density_spike,7.48,62.26,3.043
2025-07-11T00:00:00,3,zone3,0,4,0,0,clear,25.62,57.77,430,2,0,0.111,132.64,139.35,130.56,59.66,0.941,0.3241,2,66.15,Aman,0,normal,156.46,140.72,0.874
2025-07-11T00:15:00,2,zone2,0,4,0,0,clear,31.33,65.56,680,4,0,0.073,106.3,109.13,89.82,67.8,1.201,0.1605,4,66.0,Aman,0,normal,110.11,97.69,0.69
2025-07-11T00:30:00,2,zone2,0,4,0,0,clear,28.49,75.05,680,4,0,0.086,93.77,76.94,39.62,42.71,0.478,0.1131,4,97.54,Aman,1,density_spike,103.02,104.62,3.584
2025-07-11T00:45:00,4,zone4,0,4,0,0,clear,31.57,73.25,810,5,0,0.178,19.75,58.19,92.51,21.1,1.327,0.0718,4,63.0,Aman,0,normal,49.09,21.52,1.532
2025-07-11T01:00:00,1,zone1,1,4,0,0,clear,30.22,78.48,520,3,0,0.062,97.16,89.94,59.92,48.35,1.385,0.173,4,53.4,Aman,0,normal,67.94,89.73,1.211
2025-07-11T01:15:00,2,zone2,1,4,0,0,clear,28.75,74.44,680,4,0,0.061,97.68,119.39,93.17,64.37,1.281,0.1756,3,62.01,Aman,0,normal,79.67,90.39,0.596
2025-07-11T01:30:00,1,zone1,1,4,0,1,cloudy,32.79,81.14,520,3,0,0.075,96.64,79.29,129.1,67.32,1.064,0.1525,8,66.12,Aman,0,normal,75.31,84.64,0.518
2025-07-11T01:45:00,3,zone3,1,4,0,0,clear,31.01,69.87,430,2,0,0.157,40.52,63.12,85.86,94.33,1.098,0.1468,6,70.41,Aman,0,normal,53.06,42.03,0.613
2025-07-11T02:00:00,1,zone1,2,4,0,0,clear,32.36,70.38,520,3,0,0.066,87.65,101.28,119.2,68.98,1.09,0.1948,2,69.73,Aman,0,normal,107.88,92.83,0.836
2025-07-11T02:15:00,4,zone4,2,4,0,1,cloudy,30.06,76.09,810,5,0,0.076,30.76,6.8,11.41,62.59,1.056,0.0084,4,68.27,Aman,0,normal,-18.8,31.0,2.767
2025-07-11T02:30:00,5,zone5,2,4,0,0,clear,34.19,63.56,360,2,0,0.035,79.96,89.99,77.07,33.4,0.871,0.25,4,73.97,Aman,0,normal,108.56,83.76,1.378
2025-07-11T02:45:00,2,zone2,2,4,0,0,clear,30.61,71.05,680,4,0,0.14,105.71,127.29,132.39,83.04,1.362,0.1872,2,74.19,Aman,1,density_spike,167.5,99.48,3.779
2025-07-11T03:00:00,1,zone1,3,4,0,0,clear,28.96,71.59,520,3,0,0.049,105.73,113.83,94.11,72.9,1.247,0.2189,6,75.43,Aman,0,normal,109.43,103.86,0.31
2025-07-11T03:15:00,5,zone5,3,4,0,0,clear,31.42,70.71,360,2,0,0.121,113.46,148.63,97.78,41.63,0.648,0.4129,4,75.57,Aman,1,density_spike,169.98,101.25,3.818
2025-07-11T03:30:00,4,zone4,3,4,0,1,cloudy,28.33,65.57,810,5,0,0.125,116.16,91.92,122.35,64.15,1.045,0.1135,5,66.4,Aman,0,normal,120.54,101.9,1.036
2025-07-11T03:45:00,5,zone5,3,4,0,2,rain,27.25,98,360,2,0,0.16,118.75,126.23,126.02,69.04,0.92,0.3506,4,61.56,Aman,0,normal,86.12,122.83,2.04
2025-07-11T04:00:00,4,zone4,4,4,0,0,clear,27.48,49.91,810,5,0,0.04,72.34,89.92,76.24,27.08,1.417,0.111,3,65.92,Aman,0,normal,76.22,67.94,0.46
2025-07-11T04:15:00,3,zone3,4,4,0,0,clear,28.8,71.57,430,2,0,0.027,100.08,99.16,73.05,48.35,1.182,0.2306,7,61.83,Aman,0,normal,115.52,92.34,1.287
2025-07-11T04:30:00,3,zone3,4,4,0,0,clear,33.37,77.63,430,2,0,0.121,119.14,131.71,113.15,63.78,0.877,0.3063,4,69.58,Aman,0,normal,144.84,125.2,1.091
2025-07-11T04:45:00,1,zone1,4,4,0,0,clear,29.11,77.77,520,3,0,0.083,102.78,104.92,134.06,36.44,1.405,0.2018,6,68.86,Aman,0,normal,70.04,91.7,1.203
2025-07-11T05:00:00,1,zone1,5,4,0,0,clear,28.82,69.45,520,3,1,0.743,167.32,179.05,220.72,123.47,1.111,0.3443,8,76.0,Waspada,0,normal,208.42,163.57,2.284
2025-07-11T05:15:00,5,zone5,5,4,0,0,clear,32.33,66.54,360,2,0,0.018,130.69,139.11,104.74,22.29,0.918,0.3864,3,64.04,Aman,0,normal,169.73,134.58,1.953
2025-07-11T05:30:00,1,zone1,5,4,0,2,rain,27.51,94.61,520,3,0,0.154,77.76,62.91,60.79,57.92,1.305,0.121,4,71.26,Aman,0,normal,77.01,84.51,0.417
2025-07-11T05:45:00,4,zone4,5,4,0,0,clear,32.27,62.82,810,5,0,0.172,27.4,53.98,37.4,77.08,1.142,0.0666,3,69.06,Aman,1,density_spike,80.17,25.06,3.062
2025-07-11T06:00:00,4,zone4,6,4,0,1,cloudy,29.39,71.43,810,5,0,0.122,43.74,75.48,40.92,44.25,1.324,0.0932,6,67.51,Aman,0,normal,87.91,47.87,2.224
2025-07-11T06:15:00,2,zone2,6,4,0,1,cloudy,32.4,76.73,680,4,0,0.01,143.13,116.39,115.46,59.87,1.201,0.1712,3,63.48,Aman,0,normal,122.41,159.72,1.947
2025-07-11T06:30:00,3,zone3,6,4,0,1,cloudy,27.62,76.54,430,2,0,0.012,136.44,130.07,144.73,58.46,1.198,0.3025,3,70.37,Aman,0,normal,118.74,128.42,0.538
2025-07-11T06:45:00,4,zone4,6,4,0,0,clear,28.82,72.56,810,5,0,0.085,134.32,151.31,143.86,78.71,1.15,0.1868,6,65.88,Aman,0,normal,132.13,147.24,0.839
2025-07-11T07:00:00,4,zone4,7,4,0,2,rain,30.09,97.85,810,5,0,0.08,136.36,111.09,105.47,56.21,0.825,0.1371,7,62.21,Aman,0,normal,98.56,137.71,2.175
2025-07-11T07:15:00,1,zone1,7,4,0,0,clear,30.36,67.53,520,3,0,0.087,111.39,129.25,155.55,55.39,1.46,0.2486,7,63.95,Aman,0,normal,125.0,108.39,0.923
2025-07-11T07:30:00,5,zone5,7,4,0,0,clear,34.0,65.49,360,2,0,0.056,46.26,45.26,4,50.97,1.091,0.1257,6,73.73,Aman,0,normal,14.99,42.52,1.53
2025-07-11T07:45:00,5,zone5,7,4,0,2,rain,26.75,67.55,360,2,0,0.127,63.23,54.83,46.98,39.56,1.2,0.1523,4,79.01,Aman,0,normal,69.07,70.01,0.052
2025-07-11T08:00:00,2,zone2,8,4,0,2,rain,27.11,81.3,680,4,0,0.041,70.91,33.96,52.16,40.07,1.249,0.0499,2,61.58,Aman,0,normal,25.99,71.02,2.501
2025-07-11T08:15:00,4,zone4,8,4,0,2,rain,30.01,88.53,810,5,1,0.546,74.42,50.6,87.09,108.74,1.166,0.0625,8,81.76,Aman,0,normal,34.75,68.05,1.85
2025-07-11T08:30:00,1,zone1,8,4,0,0,clear,30.41,55.88,520,3,0,0.023,99.63,95.65,76.78,53.9,1.296,0.184,4,66.51,Aman,0,normal,96.22,99.17,0.164
2025-07-11T08:45:00,1,zone1,8,4,0,2,rain,28.27,80.57,520,3,0,0.164,155.38,153.59,154.14,46.63,0.895,0.2954,5,73.53,Aman,0,normal,131.93,160.88,1.499
2025-07-11T09:00:00,5,zone5,9,4,0,1,cloudy,29.71,66.47,360,2,0,0.152,27.99,10.45,14.07,76.53,1.114,0.029,2,69.66,Aman,0,normal,6.06,29.95,1.327
2025-07-11T09:15:00,4,zone4,9,4,0,0,clear,28.32,60.39,810,5,0,0.011,48.71,22.99,31.5,57.64,1.341,0.0284,8,59.35,Aman,0,normal,26.03,52.88,1.492
2025-07-11T09:30:00,5,zone5,9,4,0,0,clear,30.67,69.74,360,2,0,0.161,80.87,71.91,75.26,69.27,1.184,0.1997,8,64.06,Aman,0,normal,72.97,72.24,0.041
2025-07-11T09:45:00,2,zone2,9,4,0,0,clear,34.29,71.27,680,4,0,0.105,157.34,125.95,140.65,50.98,0.874,0.1852,8,66.96,Aman,0,normal,117.77,160.33,2.212
2025-07-11T10:00:00,1,zone1,10,4,0,0,clear,31.42,76.69,520,3,0,0.059,128.78,117.97,125.79,80.24,1.112,0.2269,4,63.32,Aman,0,normal,125.58,139.97,0.8
2025-07-11T10:15:00,2,zone2,10,4,0,0,clear,32.33,60.08,680,4,0,0.0,114.17,134.3,137.22,53.46,0.845,0.1975,2,65.75,Aman,1,density_spike,164.87,106.37,3.25
2025-07-11T10:30:00,1,zone1,10,4,0,0,clear,34.88,58.12,520,3,0,0.116,204.91,194.6,216.39,89.98,1.112,0.3742,2,55.72,Waspada,0,normal,223.07,220.22,0.108
2025-07-11T10:45:00,3,zone3,10,4,0,0,clear,35.34,66.39,430,2,0,0.014,126.61,157.06,128.21,54.37,0.804,0.3653,2,69.41,Aman,0,normal,151.07,123.99,1.504
2025-07-11T11:00:00,4,zone4,11,4,0,2,rain,26.69,88.91,810,5,0,0.018,120.39,94.41,92.05,62.86,1.282,0.1166,7,73.54,Aman,0,normal,113.02,124.49,0.637
2025-07-11T11:15:00,1,zone1,11,4,0,2,rain,29.9,82.13,520,3,0,0.02,150.41,143.79,157.51,46.38,0.928,0.2765,8,71.95,Aman,0,normal,149.78,134.07,0.873
2025-07-11T11:30:00,3,zone3,11,4,0,0,clear,31.31,73.81,430,2,0,0.051,155.73,163.03,171.15,70.73,1.009,0.3791,5,68.3,Aman,0,normal,164.69,172.39,0.372
2025-07-11T11:45:00,1,zone1,11,4,0,1,cloudy,25.92,76.46,520,3,0,0.046,162.03,176.15,187.8,68.3,0.869,0.3387,8,70.52,Aman,0,normal,198.43,159.18,2.054
2025-07-11T12:00:00,2,zone2,12,4,0,1,cloudy,29.67,62.95,680,4,0,0.04,150.03,119.83,139.55,52.06,1.339,0.1762,8,75.75,Aman,1,density_spike,99.89,167.48,3.363
2025-07-11T12:15:00,1,zone1,12,4,0,0,clear,32.88,66.86,520,3,0,0.09,207.4,209.73,196.69,48.47,1.19,0.4033,4,66.78,Aman,0,normal,203.09,178.44,1.151
2025-07-11T12:30:00,4,zone4,12,4,0,0,clear,30.01,69.23,810,5,1,0.506,34.89,54.79,62.31,132.34,1.234,0.0676,3,74.51,Aman,0,normal,73.01,31.19,2.323
2025-07-11T12:45:00,1,zone1,12,4,0,0,clear,30.24,58.36,520,3,0,0.127,191.82,164.97,145.25,26.33,1.109,0.3173,8,66.67,Aman,0,normal,164.09,193.46,1.265
2025-07-11T13:00:00,4,zone4,13,4,0,1,cloudy,29.6,83.22,810,5,0,0.176,89.64,105.4,99.0,78.22,1.304,0.1301,4,68.85,Aman,0,normal,118.8,88.53,1.681
2025-07-11T13:15:00,5,zone5,13,4,0,1,cloudy,33.55,84.64,360,2,0,0.027,94.28,91.55,61.91,54.29,1.381,0.2543,7,62.47,Aman,0,normal,80.36,95.46,0.839
2025-07-11T13:30:00,2,zone2,13,4,0,0,clear,34.4,79.35,680,4,0,0.009,154.96,183.13,160.36,58.14,1.344,0.2693,3,71.81,Aman,0,normal,209.58,155.0,2.934
2025-07-11T13:45:00,4,zone4,13,4,0,0,clear,24.7,54.51,810,5,0,0.113,111.7,103.3,108.12,72.23,1.34,0.1275,8,60.69,Aman,0,normal,84.77,118.34,1.865
2025-07-11T14:00:00,2,zone2,14,4,0,1,cloudy,26.92,71.85,680,4,0,0.136,133.67,100.31,124.72,75.49,1.164,0.1475,8,68.41,Aman,0,normal,108.91,123.36,0.803
2025-07-11T14:15:00,5,zone5,14,4,0,0,clear,30.42,59.97,360,2,0,0.038,60.37,92.72,84.22,78.4,0.795,0.2576,5,60.26,Aman,0,normal,84.84,52.87,1.776
2025-07-11T14:30:00,3,zone3,14,4,0,2,rain,29.28,82.68,430,2,0,0.024,39.5,24.26,59.1,23.42,1.067,0.0564,7,61.94,Aman,0,normal,46.37,43.07,0.183
2025-07-11T14:45:00,4,zone4,14,4,0,1,cloudy,33.55,68.94,810,5,0,0.13,58.46,40.5,38.59,62.14,1.6,0.05,8,68.71,Aman,0,normal,48.4,57.4,0.5
2025-07-11T15:00:00,1,zone1,15,4,0,0,clear,31.04,63.23,520,3,0,0.048,153.41,163.98,173.51,66.15,1.283,0.3153,3,59.62,Aman,0,normal,170.52,164.04,0.329
2025-07-11T15:15:00,4,zone4,15,4,0,1,cloudy,34.86,68.51,810,5,0,0.027,118.63,125.55,117.52,85.05,0.981,0.155,6,60.84,Aman,0,normal,128.87,116.01,0.715
2025-07-11T15:30:00,2,zone2,15,4,0,1,cloudy,27.33,81.42,680,4,0,0.064,85.96,108.2,92.67,78.22,0.526,0.1591,5,82.12,Aman,1,density_spike,222.66,76.41,4.4
2025-07-11T15:45:00,2,zone2,15,4,0,0,clear,32.98,61.28,680,4,0,0.004,69.43,65.26,91.91,27.36,1.051,0.096,3,73.96,Aman,0,normal,66.93,66.23,0.039
2025-07-11T16:00:00,2,zone2,16,4,0,0,clear,28.21,74.41,680,4,0,0.032,103.67,101.0,107.74,46.78,1.05,0.1485,2,70.36,Aman,0,normal,107.98,90.15,0.99
2025-07-11T16:15:00,1,zone1,16,4,0,0,clear,30.87,73.43,520,3,0,0.106,198.21,212.27,240.59,87.74,0.729,0.4082,8,66.08,Waspada,0,normal,240.6,206.28,1.386
2025-07-11T16:30:00,5,zone5,16,4,0,0,clear,31.2,70.42,360,2,0,0.136,112.38,128.46,147.68,51.24,1.339,0.3568,7,70.64,Aman,0,normal,149.29,102.45,2.602
2025-07-11T16:45:00,2,zone2,16,4,0,1,cloudy,31.45,75.23,680,4,0,0.102,155.31,118.73,83.7,65.94,1.241,0.1746,4,74.47,Aman,1,density_spike,94.98,164.27,3.515
2025-07-11T17:00:00,2,zone2,17,4,0,2,rain,25.89,73.97,680,4,0,0.111,134.73,121.95,112.78,43.31,1.048,0.1793,7,67.78,Aman,0,normal,136.06,147.5,0.636
2025-07-11T17:15:00,5,zone5,17,4,0,1,cloudy,27.75,80.65,360,2,0,0.135,123.21,145.05,139.28,55.86,1.164,0.4029,2,71.04,Aman,0,normal,160.95,133.05,1.55
2025-07-11T17:30:00,4,zone4,17,4,0,0,clear,35.1,84.94,810,5,1,0.582,179.39,227.86,233.4,120.6,1.27,0.2813,2,77.48,Waspada,0,normal,236.83,179.51,2.661
2025-07-11T17:45:00,3,zone3,17,4,0,2,rain,29.23,81.73,430,2,0,0.076,91.14,67.14,48.21,22.86,0.23,0.1561,6,84.5,Aman,1,density_spike,120.55,84.15,4.433
2025-07-11T18:00:00,1,zone1,18,4,0,1,cloudy,29.55,78.67,520,3,0,0.089,205.15,204.55,210.65,52.51,0.903,0.3934,6,71.87,Aman,0,normal,250.81,216.09,1.339
2025-07-11T18:15:00,2,zone2,18,4,0,2,rain,28.69,72.52,680,4,0,0.094,109.3,85.33,99.65,61.3,1.204,0.1255,3,59.89,Aman,0,normal,97.43,115.19,0.987
2025-07-11T18:30:00,4,zone4,18,4,0,2,rain,28.94,68.68,810,5,0,0.003,135.88,132.57,129.77,100.46,1.189,0.1637,5,62.54,Aman,0,normal,121.06,150.62,1.635
2025-07-11T18:45:00,4,zone4,18,4,0,1,cloudy,29.69,83.23,810,5,0,0.119,87.49,103.25,124.94,58.82,0.991,0.1275,4,67.3,Aman,0,normal,115.01,93.98,1.168
2025-07-11T19:00:00,2,zone2,19,4,0,0,clear,31.51,65.44,680,4,0,0.138,109.81,92.53,126.3,49.66,1.087,0.1361,3,67.93,Aman,0,normal,83.19,107.83,1.369
2025-07-11T19:15:00,3,zone3,19,4,0,2,rain,31.13,83.32,430,2,0,0.111,79.7,66.05,56.16,88.02,1.304,0.1536,8,69.41,Aman,0,normal,73.93,72.4,0.085
2025-07-11T19:30:00,2,zone2,19,4,0,0,clear,36.99,64.89,680,4,0,0.029,92.7,114.76,185.3,37.97,1.652,0.1688,2,68.15,Aman,0,normal,103.01,97.96,0.28
2025-07-11T19:45:00,4,zone4,19,4,0,0,clear,31.49,73.7,810,5,1,0.647,136.18,184.3,252.67,103.24,1.454,0.2275,6,83.65,Waspada,0,normal,188.4,142.06,2.575
2025-07-11T20:00:00,3,zone3,20,4,0,0,clear,29.76,70.61,430,2,0,0.016,126.02,133.22,131.79,60.45,0.317,0.3098,2,95.52,Aman,1,density_spike,246.61,124.27,4.046
2025-07-11T20:15:00,4,zone4,20,4,0,0,clear,30.1,62.78,810,5,0,0.002,112.47,115.34,132.66,33.16,1.09,0.1424,4,68.83,Aman,0,normal,118.54,97.37,1.176
2025-07-11T20:30:00,2,zone2,20,4,0,2,rain,27.69,74.34,680,4,0,0.148,42.43,27.81,23.99,103.94,0.667,0.0409,5,94.01,Aman,1,density_spike,4.79,36.71,4.736
2025-07-11T20:45:00,4,zone4,20,4,0,0,clear,31.84,69.83,810,5,1,0.763,133.72,175.74,238.89,121.05,1.16,0.217,2,85.78,Waspada,0,normal,168.86,134.61,1.903
2025-07-11T21:00:00,3,zone3,21,4,0,2,rain,27.58,73.68,430,2,0,0.065,78.88,21.11,4,50.59,1.187,0.0491,7,62.3,Aman,1,density_spike,10.34,79.67,3.852
2025-07-11T21:15:00,5,zone5,21,4,0,0,clear,29.48,74.15,360,2,1,0.596,101.32,136.61,186.51,104.97,1.024,0.3795,5,79.22,Waspada,1,density_spike,147.57,89.14,3.246
2025-07-11T21:30:00,5,zone5,21,4,0,0,clear,31.37,48.31,360,2,0,0.077,193.73,203.93,242.83,44.97,0.847,0.5665,3,66.3,Waspada,0,normal,231.28,193.31,1.637
2025-07-11T21:45:00,1,zone1,21,4,0,1,cloudy,24.22,73.93,520,3,0,0.061,161.42,143.82,222.64,78.01,0.92,0.2766,6,70.93,Aman,0,normal,164.69,141.66,1.28
2025-07-11T22:00:00,2,zone2,22,4,0,0,clear,29.09,80.11,680,4,0,0.1,116.2,104.33,87.23,49.6,1.098,0.1534,3,71.63,Aman,0,normal,114.03,115.01,0.054
2025-07-11T22:15:00,1,zone1,22,4,0,0,clear,32.39,72.8,520,3,0,0.142,155.46,173.11,201.17,66.33,0.839,0.3329,6,74.26,Aman,0,normal,152.83,147.56,0.293
2025-07-11T22:30:00,3,zone3,22,4,0,2,rain,24.54,98,430,2,0,0.142,82.31,86.79,73.9,66.17,1.149,0.2018,4,72.11,Aman,0,normal,86.6,85.65,0.052
2025-07-11T22:45:00,1,zone1,22,4,0,3,storm,27.18,98,520,3,0,0.151,145.04,128.85,159.33,41.64,0.965,0.2478,2,72.81,Aman,0,normal,138.07,153.86,0.855
2025-07-11T23:00:00,4,zone4,23,4,0,2,rain,23.18,86.04,810,5,1,0.576,87.37,101.73,103.4,103.81,1.096,0.1256,7,86.34,Aman,0,normal,118.28,84.99,1.849
2025-07-11T23:15:00,1,zone1,23,4,0,0,clear,27.6,68.87,520,3,0,0.052,166.17,176.3,152.8,39.68,0.886,0.339,5,62.59,Aman,1,density_spike,210.64,153.37,3.112
2025-07-11T23:30:00,4,zone4,23,4,0,0,clear,31.85,63.4,810,5,0,0.132,69.58,84.59,129.61,57.53,0.814,0.1044,6,54.14,Aman,0,normal,81.48,74.55,0.385
2025-07-11T23:45:00,1,zone1,23,4,0,0,clear,30.17,64.93,520,3,0,0.172,209.05,230.4,275.26,81.31,0.687,0.4431,5,80.38,Waspada,0,normal,228.85,210.94,0.707
2025-07-12T00:00:00,4,zone4,0,5,1,0,clear,32.16,69.48,810,5,0,0.024,71.92,84.45,110.53,20.62,1.163,0.1043,2,69.34,Aman,0,normal,87.98,77.68,0.572
2025-07-12T00:15:00,1,zone1,0,5,1,0,clear,28.16,49.76,520,3,0,0.023,91.47,134.49,145.89,32.68,0.921,0.2586,2,59.2,Aman,0,normal,92.35,94.27,0.107
2025-07-12T00:30:00,2,zone2,0,5,1,0,clear,31.13,48,680,4,0,0.014,91.35,86.49,79.05,43.29,1.202,0.1272,2,61.85,Aman,0,normal,71.03,85.01,0.777
2025-07-12T00:45:00,5,zone5,0,5,1,0,clear,26.77,56.61,360,2,1,0.571,111.67,144.52,146.97,94.17,0.957,0.4015,4,84.32,Waspada,0,normal,113.29,113.82,0.029
2025-07-12T01:00:00,5,zone5,1,5,1,0,clear,29.09,64.41,360,2,0,0.087,86.44,118.77,120.1,41.26,1.285,0.3299,2,63.48,Aman,0,normal,84.07,83.01,0.059
2025-07-12T01:15:00,5,zone5,1,5,1,1,cloudy,24.78,63.07,360,2,0,0.139,107.81,106.13,100.24,53.12,1.011,0.2948,3,71.66,Aman,0,normal,120.62,111.76,0.492
2025-07-12T01:30:00,2,zone2,1,5,1,0,clear,27.82,53.22,680,4,0,0.053,140.24,112.83,114.74,46.05,1.129,0.1659,3,73.78,Aman,0,normal,108.83,131.8,1.276
2025-07-12T01:45:00,1,zone1,1,5,1,2,rain,23.37,85.04,520,3,0,0.061,133.45,140.64,122.95,83.59,1.081,0.2705,7,71.49,Aman,0,normal,157.12,132.09,1.391
2025-07-12T02:00:00,4,zone4,2,5,1,0,clear,32.89,58.83,810,5,0,0.004,65.37,91.53,87.35,28.6,1.299,0.113,5,64.95,Aman,0,normal,98.18,62.2,1.999
2025-07-12T02:15:00,2,zone2,2,5,1,0,clear,34.13,66.31,680,4,1,0.937,145.98,212.95,249.72,170.18,1.024,0.3132,4,98.09,Waspada,1,density_spike,204.55,138.79,3.653
2025-07-12T02:30:00,2,zone2,2,5,1,0,clear,33.24,61.95,680,4,0,0.125,153.45,135.49,127.64,72.4,0.874,0.1993,5,71.62,Aman,0,normal,144.9,153.89,0.487
2025-07-12T02:45:00,1,zone1,2,5,1,2,rain,30.52,84.9,520,3,0,0.177,117.08,114.53,95.87,59.06,0.631,0.2203,4,71.82,Aman,0,normal,112.13,124.69,0.698
2025-07-12T03:00:00,5,zone5,3,5,1,0,clear,34.56,63.72,360,2,0,0.135,69.5,70.94,63.91,72.97,0.922,0.197,3,67.13,Aman,0,normal,79.68,71.85,0.435
2025-07-12T03:15:00,5,zone5,3,5,1,0,clear,30.83,62.46,360,2,0,0.078,90.13,65.53,38.71,30.35,1.028,0.182,8,75.2,Aman,0,normal,57.87,100.03,2.342
2025-07-12T03:30:00,4,zone4,3,5,1,0,clear,29.2,64.38,810,5,0,0.019,94.78,125.53,152.92,59.59,0.949,0.155,8,70.95,Aman,1,density_spike,166.19,83.26,4.607
2025-07-12T03:45:00,5,zone5,3,5,1,0,clear,36.24,61.44,360,2,0,0.088,83.54,78.97,77.06,58.93,1.498,0.2194,7,65.58,Aman,0,normal,81.14,79.11,0.113
2025-07-12T04:00:00,3,zone3,4,5,1,1,cloudy,30.97,74.81,430,2,0,0.086,103.24,98.47,91.03,56.25,1.397,0.229,2,69.71,Aman,0,normal,81.12,112.8,1.76
2025-07-12T04:15:00,1,zone1,4,5,1,1,cloudy,30.71,60.0,520,3,0,0.18,168.62,178.71,205.63,63.26,1.048,0.3437,2,75.09,Aman,0,normal,160.67,146.11,0.809
2025-07-12T04:30:00,1,zone1,4,5,1,0,clear,34.65,52.0,520,3,0,0.116,133.7,135.2,133.89,79.39,1.235,0.26,4,71.1,Aman,0,normal,156.13,133.61,1.251
2025-07-12T04:45:00,5,zone5,4,5,1,1,cloudy,27.89,79.38,360,2,0,0.06,79.75,75.65,76.32,37.52,0.396,0.2102,8,82.45,Aman,1,density_spike,93.33,83.48,4.197
2025-07-12T05:00:00,1,zone1,5,5,1,3,storm,26.69,91.13,520,3,0,0.093,94.54,77.05,133.68,89.28,1.235,0.1482,5,69.0,Aman,0,normal,94.33,94.33,0.0
2025-07-12T05:15:00,2,zone2,5,5,1,2,rain,28.74,61.76,680,4,0,0.1,118.84,105.17,85.17,80.78,1.182,0.1547,3,68.85,Aman,0,normal,97.54,131.84,1.906
2025-07-12T05:30:00,5,zone5,5,5,1,0,clear,32.26,76.23,360,2,1,0.779,97.28,176.37,207.97,110.85,0.93,0.4899,7,89.91,Waspada,0,normal,146.93,98.11,2.712
2025-07-12T05:45:00,3,zone3,5,5,1,0,clear,29.35,65.02,430,2,0,0.034,115.59,115.21,102.73,42.51,1.21,0.2679,8,60.33,Aman,0,normal,108.37,104.8,0.198
2025-07-12T06:00:00,5,zone5,6,5,1,1,cloudy,29.9,68.04,360,2,0,0.074,107.01,89.42,78.61,28.69,0.823,0.2484,8,64.76,Aman,0,normal,133.93,106.52,1.523
2025-07-12T06:15:00,5,zone5,6,5,1,1,cloudy,26.2,72.37,360,2,0,0.063,101.69,69.02,100.15,77.29,1.081,0.1917,4,71.81,Aman,1,density_spike,40.26,113.88,4.09
2025-07-12T06:30:00,5,zone5,6,5,1,0,clear,32.44,71.5,360,2,1,0.96,72.84,138.89,208.48,167.41,0.846,0.3858,7,89.85,Bahaya,0,normal,129.55,79.39,2.787
2025-07-12T06:45:00,3,zone3,6,5,1,1,cloudy,29.39,91.97,430,2,0,0.094,133.86,133.05,144.01,79.7,0.785,0.3094,5,73.03,Aman,0,normal,126.93,128.92,0.111
2025-07-12T07:00:00,4,zone4,7,5,1,1,cloudy,28.0,77.5,810,5,0,0.072,153.4,150.14,164.86,47.15,1.035,0.1854,5,67.34,Aman,1,density_spike,105.65,169.91,3.152
2025-07-12T07:15:00,3,zone3,7,5,1,2,rain,21.98,82.11,430,2,0,0.142,88.49,58.08,42.16,58.85,1.44,0.1351,5,64.32,Aman,0,normal,68.29,81.98,0.761
2025-07-12T07:30:00,1,zone1,7,5,1,0,clear,29.94,51.33,520,3,0,0.132,238.03,260.36,290.95,83.6,0.983,0.5007,2,82.1,Waspada,0,normal,247.35,234.94,0.44
2025-07-12T07:45:00,2,zone2,7,5,1,3,storm,23.93,92.31,680,4,0,0.119,63.75,84.18,83.45,86.92,1.182,0.1238,6,64.56,Aman,0,normal,88.9,67.79,1.173
2025-07-12T08:00:00,4,zone4,8,5,1,0,clear,28.39,64.99,810,5,1,0.85,170.12,180.01,257.81,132.86,0.761,0.2222,5,94.07,Waspada,0,normal,190.59,165.02,1.291
2025-07-12T08:15:00,2,zone2,8,5,1,0,clear,30.69,58.85,680,4,0,0.005,221.69,225.54,240.19,40.8,0.744,0.3317,7,56.31,Aman,0,normal,188.63,241.72,1.83
2025-07-12T08:30:00,1,zone1,8,5,1,0,clear,32.74,73.48,520,3,0,0.044,176.78,186.66,169.64,56.52,1.207,0.359,4,69.2,Aman,0,normal,168.87,182.08,0.604
2025-07-12T08:45:00,3,zone3,8,5,1,0,clear,30.08,67.85,430,2,0,0.123,116.49,109.64,119.24,91.94,0.979,0.255,5,77.35,Aman,0,normal,139.31,123.19,0.896
2025-07-12T09:00:00,1,zone1,9,5,1,1,cloudy,31.01,77.01,520,3,0,0.019,162.46,164.2,159.1,60.57,1.268,0.3158,3,80.69,Aman,0,normal,187.86,163.39,1.248
2025-07-12T09:15:00,4,zone4,9,5,1,0,clear,29.67,61.89,810,5,0,0.002,52.76,31.87,26.38,28.91,1.036,0.0394,3,55.73,Aman,0,normal,11.46,48.76,2.073
2025-07-12T09:30:00,1,zone1,9,5,1,1,cloudy,31.34,72.69,520,3,0,0.167,189.28,188.89,200.64,66.39,0.755,0.3632,5,71.01,Aman,0,normal,197.41,179.84,0.814
2025-07-12T09:45:00,3,zone3,9,5,1,0,clear,28.25,67.22,430,2,0,0.087,138.35,174.08,123.7,26.52,0.84,0.4048,5,80.42,Aman,0,normal,144.03,142.02,0.112
2025-07-12T10:00:00,4,zone4,10,5,1,0,clear,29.18,67.49,810,5,0,0.127,137.97,174.93,168.36,62.08,0.5,0.216,7,61.12,Aman,1,density_spike,208.17,150.32,3.207
2025-07-12T10:15:00,2,zone2,10,5,1,2,rain,29.67,89.46,680,4,0,0.036,172.17,179.44,164.92,28.52,1.388,0.2639,4,74.03,Aman,0,normal,183.0,170.56,0.608
2025-07-12T10:30:00,2,zone2,10,5,1,2,rain,24.46,88.04,680,4,0,0.031,155.25,135.37,151.81,90.66,1.254,0.1991,6,64.64,Aman,0,normal,166.01,159.76,0.326
2025-07-12T10:45:00,1,zone1,10,5,1,2,rain,29.93,86.91,520,3,0,0.113,140.06,160.58,144.05,65.99,1.049,0.3088,2,69.84,Aman,0,normal,159.51,143.19,0.907
2025-07-12T11:00:00,4,zone4,11,5,1,0,clear,32.38,82.26,810,5,0,0.075,86.44,101.5,114.24,23.2,1.06,0.1253,8,67.04,Aman,0,normal,100.04,81.83,1.012
2025-07-12T11:15:00,2,zone2,11,5,1,0,clear,33.36,57.21,680,4,0,0.033,182.57,195.1,188.59,51.88,1.242,0.2869,6,58.84,Aman,0,normal,169.22,192.81,1.02
2025-07-12T11:30:00,3,zone3,11,5,1,0,clear,29.52,61.95,430,2,0,0.076,79.64,112.39,128.31,69.24,1.08,0.2614,6,62.71,Aman,0,normal,89.51,87.15,0.131
2025-07-12T11:45:00,5,zone5,11,5,1,0,clear,33.02,60.37,360,2,0,0.164,29.42,43.52,18.73,44.93,1.328,0.1209,3,65.88,Aman,0,normal,22.48,31.88,0.523
2025-07-12T12:00:00,2,zone2,12,5,1,3,storm,23.93,83.28,680,4,0,0.007,94.08,71.73,48.5,21.1,0.923,0.1055,6,61.94,Aman,0,normal,50.34,97.3,2.609
2025-07-12T12:15:00,5,zone5,12,5,1,0,clear,30.69,68.93,360,2,0,0.047,77.08,104.26,102.76,29.22,1.12,0.2896,7,63.09,Aman,0,normal,111.63,71.28,2.241
2025-07-12T12:30:00,1,zone1,12,5,1,0,clear,33.3,60.04,520,3,0,0.119,183.0,164.94,149.21,53.89,1.109,0.3172,5,66.03,Aman,0,normal,189.86,193.35,0.151
2025-07-12T12:45:00,2,zone2,12,5,1,2,rain,29.36,79.24,680,4,0,0.146,176.65,186.79,183.74,92.22,1.164,0.2747,8,68.55,Aman,0,normal,144.22,172.97,1.385
2025-07-12T13:00:00,1,zone1,13,5,1,0,clear,31.8,74.47,520,3,1,0.789,213.05,243.42,321.03,158.05,0.861,0.4681,4,79.74,Bahaya,0,normal,263.73,218.76,1.713
2025-07-12T13:15:00,1,zone1,13,5,1,2,rain,22.79,72.14,520,3,0,0.017,124.98,121.68,130.74,48.08,1.098,0.234,8,64.93,Aman,0,normal,127.34,139.63,0.683
2025-07-12T13:30:00,2,zone2,13,5,1,0,clear,30.46,65.15,680,4,0,0.069,127.07,147.01,210.06,40.09,1.129,0.2162,8,68.82,Aman,0,normal,130.29,138.29,0.444
2025-07-12T13:45:00,3,zone3,13,5,1,2,rain,28.76,64.69,430,2,0,0.13,148.53,180.13,133.91,72.31,0.831,0.4189,4,70.17,Waspada,0,normal,174.95,160.36,0.758
2025-07-12T14:00:00,4,zone4,14,5,1,1,cloudy,27.17,71.6,810,5,0,0.157,90.39,73.1,79.08,71.48,1.221,0.0902,4,63.1,Aman,0,normal,86.12,80.29,0.324
2025-07-12T14:15:00,3,zone3,14,5,1,1,cloudy,26.79,74.57,430,2,0,0.04,109.58,73.75,61.27,55.9,1.332,0.1715,6,66.76,Aman,0,normal,105.17,116.07,0.605
2025-07-12T14:30:00,5,zone5,14,5,1,1,cloudy,31.24,59.62,360,2,1,0.782,102.25,177.96,209.39,134.61,1.004,0.4943,6,91.21,Bahaya,1,density_spike,204.19,89.87,6.351
2025-07-12T14:45:00,4,zone4,14,5,1,0,clear,26.26,56.97,810,5,0,0.027,136.44,135.74,133.13,64.5,1.229,0.1676,7,52.24,Aman,0,normal,145.88,145.3,0.032
2025-07-12T15:00:00,3,zone3,15,5,1,0,clear,30.15,68.68,430,2,0,0.108,129.02,115.6,143.71,71.45,0.693,0.2688,7,73.67,Aman,0,normal,133.39,136.19,0.156
2025-07-12T15:15:00,4,zone4,15,5,1,3,storm,21.11,88.4,810,5,0,0.056,41.35,52.0,86.95,47.64,0.962,0.0642,5,53.78,Aman,0,normal,32.17,38.5,0.352
2025-07-12T15:30:00,5,zone5,15,5,1,0,clear,34.08,66.98,360,2,0,0.158,41.44,61.9,89.71,70.72,1.424,0.172,5,70.99,Aman,0,normal,62.24,44.79,0.969
2025-07-12T15:45:00,2,zone2,15,5,1,2,rain,29.27,86.78,680,4,1,0.704,184.23,187.86,221.97,155.19,1.151,0.2763,3,75.07,Waspada,0,normal,227.92,190.95,1.613
2025-07-12T16:00:00,4,zone4,16,5,1,0,clear,32.18,64.29,810,5,0,0.014,109.16,133.34,110.3,35.19,1.053,0.1646,5,58.49,Aman,0,normal,138.95,96.72,2.346
2025-07-12T16:15:00,4,zone4,16,5,1,0,clear,27.91,56.66,810,5,0,0.075,86.89,92.94,67.58,86.97,1.079,0.1147,2,64.29,Aman,0,normal,97.9,93.17,0.263
2025-07-12T16:30:00,2,zone2,16,5,1,0,clear,32.8,69.7,680,4,0,0.047,131.48,137.76,122.85,54.88,1.321,0.2026,7,60.16,Aman,0,normal,146.91,144.72,0.122
2025-07-12T16:45:00,5,zone5,16,5,1,0,clear,37.22,57.63,360,2,0,0.163,69.92,86.89,92.16,33.85,1.078,0.2413,6,68.5,Aman,0,normal,50.76,77.61,1.491
2025-07-12T17:00:00,4,zone4,17,5,1,2,rain,29.13,76.33,810,5,1,0.456,118.96,126.21,170.45,95.24,1.272,0.1558,5,87.66,Aman,0,normal,136.9,127.31,0.533
2025-07-12T17:15:00,3,zone3,17,5,1,0,clear,27.65,77.19,430,2,0,0.101,165.7,183.52,196.62,70.8,0.781,0.4268,7,70.12,Waspada,0,normal,159.96,178.17,0.852
2025-07-12T17:30:00,3,zone3,17,5,1,0,clear,29.81,65.83,430,2,0,0.054,96.69,84.11,58.28,45.41,1.237,0.1956,7,74.37,Aman,0,normal,95.2,99.03,0.213
2025-07-12T17:45:00,3,zone3,17,5,1,0,clear,34.09,50.1,430,2,0,0.121,127.45,172.65,223.24,104.8,1.099,0.4015,2,68.3,Waspada,0,normal,169.47,137.1,1.799
2025-07-12T18:00:00,5,zone5,18,5,1,0,clear,33.36,59.75,360,2,0,0.046,17.67,34.84,18.48,22.7,0.519,0.0968,8,87.6,Aman,1,density_spike,74.72,17.72,4.371
2025-07-12T18:15:00,2,zone2,18,5,1,0,clear,30.07,53.5,680,4,0,0.025,191.79,180.26,174.83,56.95,0.8,0.2651,8,63.83,Aman,0,normal,189.54,180.67,0.409
2025-07-12T18:30:00,2,zone2,18,5,1,2,rain,27.69,96.13,680,4,0,0.068,108.43,62.67,90.28,70.03,1.189,0.0922,5,61.44,Aman,1,density_spike,42.03,109.61,3.755
2025-07-12T18:45:00,5,zone5,18,5,1,2,rain,26.45,82.42,360,2,0,0.104,96.94,102.7,114.34,35.62,1.129,0.2853,3,78.08,Aman,0,normal,111.95,105.28,0.371
2025-07-12T19:00:00,4,zone4,19,5,1,1,cloudy,24.59,78.18,810,5,1,0.46,146.11,181.89,247.29,104.94,1.024,0.2246,8,78.83,Waspada,1,density_spike,208.87,132.57,4.239
2025-07-12T19:15:00,2,zone2,19,5,1,0,clear,27.65,73.58,680,4,0,0.131,186.56,175.14,178.61,87.8,0.634,0.2576,7,68.79,Aman,0,normal,183.2,186.23,0.135
2025-07-12T19:30:00,5,zone5,19,5,1,0,clear,27.99,69.8,360,2,1,0.55,108.17,174.67,251.98,132.76,0.867,0.4852,6,81.03,Waspada,1,density_spike,169.48,101.76,3.762
2025-07-12T19:45:00,3,zone3,19,5,1,1,cloudy,32.22,87.1,430,2,0,0.13,141.28,146.3,215.45,48.28,0.965,0.3402,5,68.16,Aman,0,normal,145.21,147.13,0.107
2025-07-12T20:00:00,3,zone3,20,5,1,0,clear,33.52,62.17,430,2,0,0.045,148.95,122.67,147.35,56.6,0.931,0.2853,8,76.0,Aman,1,density_spike,90.01,160.25,3.653
2025-07-12T20:15:00,1,zone1,20,5,1,0,clear,30.95,58.76,520,3,0,0.114,223.92,238.89,296.87,86.69,1.201,0.4594,4,75.99,Waspada,0,normal,248.92,216.84,1.233
2025-07-12T20:30:00,2,zone2,20,5,1,0,clear,28.21,74.85,680,4,0,0.005,170.44,145.68,165.78,35.88,0.94,0.2142,2,70.93,Aman,0,normal,135.18,188.06,2.343
2025-07-12T20:45:00,4,zone4,20,5,1,2,rain,31.73,70.89,810,5,0,0.148,171.34,153.93,206.68,61.94,1.12,0.19,4,87.07,Aman,0,normal,173.31,177.25,0.185
2025-07-12T21:00:00,2,zone2,21,5,1,2,rain,26.11,77.99,680,4,0,0.062,121.73,80.01,103.01,57.23,1.687,0.1177,6,66.38,Aman,0,normal,70.74,124.59,2.992
2025-07-12T21:15:00,1,zone1,21,5,1,2,rain,27.11,74.1,520,3,0,0.057,237.41,205.85,265.3,64.99,0.612,0.3959,2,59.98,Aman,0,normal,214.07,232.19,0.65
2025-07-12T21:30:00,2,zone2,21,5,1,0,clear,30.24,61.34,680,4,1,0.729,162.95,215.29,298.89,125.64,0.899,0.3166,7,79.52,Waspada,1,density_spike,249.59,169.36,3.948
2025-07-12T21:45:00,3,zone3,21,5,1,0,clear,33.07,65.89,430,2,0,0.076,146.0,151.99,198.0,92.96,1.153,0.3535,2,80.03,Waspada,0,normal,127.61,152.99,1.382
2025-07-12T22:00:00,2,zone2,22,5,1,0,clear,33.53,71.22,680,4,0,0.149,155.92,134.97,137.41,76.02,1.029,0.1985,3,61.25,Aman,0,normal,154.03,154.74,0.038
2025-07-12T22:15:00,5,zone5,22,5,1,0,clear,34.84,79.61,360,2,1,0.684,184.96,258.11,303.52,142.32,0.602,0.717,6,99.45,Bahaya,1,density_spike,270.76,191.44,3.452
2025-07-12T22:30:00,2,zone2,22,5,1,1,cloudy,27.18,93.09,680,4,0,0.077,178.81,192.41,213.75,50.89,0.84,0.283,6,69.5,Aman,0,normal,194.11,157.17,1.959
2025-07-12T22:45:00,1,zone1,22,5,1,2,rain,28.51,95.27,520,3,0,0.163,135.28,144.5,138.09,55.41,1.268,0.2779,4,89.71,Aman,0,normal,140.89,124.87,0.89
2025-07-12T23:00:00,2,zone2,23,5,1,0,clear,29.0,85.1,680,4,0,0.107,168.86,171.42,200.61,59.57,1.124,0.2521,3,70.57,Aman,0,normal,186.2,153.65,1.765
2025-07-12T23:15:00,1,zone1,23,5,1,2,rain,24.56,77.19,520,3,0,0.177,109.84,118.8,114.21,90.21,1.221,0.2285,7,67.49,Aman,0,normal,81.17,95.96,0.822
2025-07-12T23:30:00,2,zone2,23,5,1,0,clear,28.97,67.27,680,4,0,0.012,134.73,146.72,139.27,72.61,0.965,0.2158,7,78.74,Aman,1,density_spike,188.94,116.49,4.025
2025-07-12T23:45:00,5,zone5,23,5,1,1,cloudy,30.77,66.76,360,2,0,0.094,131.64,106.75,117.9,75.03,0.911,0.2965,3,71.09,Aman,0,normal,102.61,146.22,2.423
2025-07-13T00:00:00,4,zone4,0,6,1,0,clear,27.98,73.58,810,5,0,0.087,65.76,80.93,117.7,83.57,1.076,0.0999,4,71.65,Aman,0,normal,72.07,73.51,0.08
2025-07-13T00:15:00,5,zone5,0,6,1,1,cloudy,28.14,72.82,360,2,1,0.477,86.16,128.6,149.27,99.82,1.081,0.3572,3,74.57,Waspada,0,normal,121.23,79.48,2.32
2025-07-13T00:30:00,5,zone5,0,6,1,0,clear,32.33,72.25,360,2,0,0.029,58.01,52.41,46.07,82.31,1.07,0.1456,6,59.85,Aman,0,normal,25.21,59.39,1.899
2025-07-13T00:45:00,1,zone1,0,6,1,0,clear,28.9,74.73,520,3,0,0.027,106.69,131.57,175.09,29.11,0.86,0.253,3,73.4,Aman,0,normal,113.43,106.56,0.382
2025-07-13T01:00:00,3,zone3,1,6,1,0,clear,32.24,67.58,430,2,0,0.022,67.31,78.27,95.77,41.54,1.248,0.182,2,72.36,Aman,0,normal,85.84,67.55,1.016
2025-07-13T01:15:00,1,zone1,1,6,1,0,clear,31.98,74.92,520,3,0,0.064,99.39,124.56,122.85,51.64,0.989,0.2395,2,78.62,Aman,0,normal,133.0,104.43,1.587
2025-07-13T01:30:00,5,zone5,1,6,1,0,clear,26.37,50.12,360,2,1,0.853,96.18,131.85,176.08,155.68,1.032,0.3662,5,79.67,Waspada,0,normal,118.72,83.05,1.982
2025-07-13T01:45:00,5,zone5,1,6,1,0,clear,30.04,68.45,360,2,0,0.012,22.23,4,25.41,28.06,0.96,0.0111,2,62.94,Aman,0,normal,2.71,23.89,1.177
2025-07-13T02:00:00,3,zone3,2,6,1,0,clear,31.55,63.02,430,2,0,0.12,105.25,134.36,152.83,49.8,1.118,0.3125,2,65.67,Aman,0,normal,132.64,99.48,1.842
2025-07-13T02:15:00,5,zone5,2,6,1,0,clear,31.35,74.4,360,2,0,0.002,65.66,41.9,4,16.88,0.997,0.1164,3,59.08,Aman,0,normal,8.38,59.92,2.863
2025-07-13T02:30:00,5,zone5,2,6,1,0,clear,34.07,67.04,360,2,0,0.031,113.88,103.41,101.77,54.5,0.902,0.2872,3,69.23,Aman,0,normal,112.59,109.78,0.156
2025-07-13T02:45:00,4,zone4,2,6,1,1,cloudy,29.45,73.09,810,5,1,0.59,111.23,129.54,108.45,106.64,0.587,0.1599,7,97.52,Waspada,1,density_spike,264.69,99.16,4.479
2025-07-13T03:00:00,5,zone5,3,6,1,0,clear,28.79,60.49,360,2,0,0.086,95.38,141.06,132.53,87.12,0.928,0.3918,8,71.85,Waspada,0,normal,146.61,93.33,2.96
2025-07-13T03:15:00,1,zone1,3,6,1,0,clear,30.35,72.21,520,3,0,0.072,97.28,86.3,101.94,58.4,1.135,0.166,2,80.89,Aman,0,normal,74.67,86.13,0.637
2025-07-13T03:30:00,1,zone1,3,6,1,0,clear,28.62,53.22,520,3,0,0.131,87.33,83.15,77.14,94.85,1.057,0.1599,3,75.13,Aman,0,normal,84.85,83.08,0.099
2025-07-13T03:45:00,2,zone2,3,6,1,1,cloudy,31.66,70.93,680,4,0,0.001,105.29,99.89,143.54,28.89,1.281,0.1469,3,61.41,Aman,0,normal,83.83,94.11,0.571
2025-07-13T04:00:00,1,zone1,4,6,1,0,clear,29.47,54.39,520,3,0,0.059,204.84,222.24,190.58,58.05,1.039,0.4274,2,65.62,Aman,0,normal,189.82,198.15,0.351
2025-07-13T04:15:00,3,zone3,4,6,1,1,cloudy,30.42,90.27,430,2,0,0.133,134.43,124.7,104.28,93.01,1.212,0.29,2,72.61,Aman,0,normal,164.23,120.68,2.42
2025-07-13T04:30:00,3,zone3,4,6,1,0,clear,31.66,63.0,430,2,1,0.567,127.83,176.54,206.23,74.84,0.941,0.4106,2,77.45,Waspada,0,normal,163.21,140.48,1.263
2025-07-13T04:45:00,2,zone2,4,6,1,1,cloudy,29.47,75.31,680,4,0,0.105,101.3,88.24,91.29,72.68,1.42,0.1298,4,66.06,Aman,0,normal,72.37,97.46,1.394
2025-07-13T05:00:00,5,zone5,5,6,1,3,storm,28.25,93.75,360,2,1,0.838,62.35,87.17,131.01,147.85,0.998,0.2421,3,85.53,Waspada,0,normal,47.26,59.33,0.671
2025-07-13T05:15:00,1,zone1,5,6,1,0,clear,31.09,75.61,520,3,0,0.173,207.99,224.11,260.49,83.14,1.045,0.431,7,60.7,Waspada,0,normal,258.06,192.87,2.817
2025-07-13T05:30:00,2,zone2,5,6,1,2,rain,28.19,82.0,680,4,1,0.53,151.23,167.34,150.18,133.99,1.203,0.2461,2,77.36,Waspada,0,normal,146.21,139.28,0.385
2025-07-13T05:45:00,2,zone2,5,6,1,3,storm,27.52,98,680,4,0,0.128,85.07,74.39,73.73,70.84,1.105,0.1094,8,75.55,Aman,0,normal,76.15,87.04,0.605
2025-07-13T06:00:00,5,zone5,6,6,1,0,clear,31.6,51.66,360,2,0,0.09,62.86,64.61,99.14,66.49,1.254,0.1795,2,76.05,Aman,0,normal,55.38,68.6,0.734
2025-07-13T06:15:00,3,zone3,6,6,1,0,clear,29.27,68.35,430,2,0,0.047,70.81,79.53,66.94,72.66,0.75,0.185,6,66.09,Aman,0,normal,83.6,73.17,0.58
2025-07-13T06:30:00,5,zone5,6,6,1,0,clear,32.58,75.4,360,2,0,0.142,77.93,98.6,127.37,86.72,0.849,0.2739,2,66.15,Aman,0,normal,89.68,71.63,1.003
2025-07-13T06:45:00,4,zone4,6,6,1,2,rain,24.78,81.49,810,5,1,0.827,100.32,147.93,207.81,126.99,1.168,0.1826,7,89.81,Waspada,0,normal,111.62,95.09,0.918
2025-07-13T07:00:00,1,zone1,7,6,1,3,storm,23.57,98,520,3,1,0.604,139.22,194.06,209.77,98.55,1.176,0.3732,4,75.59,Waspada,0,normal,178.34,133.41,2.496
2025-07-13T07:15:00,4,zone4,7,6,1,1,cloudy,30.49,75.81,810,5,0,0.052,117.46,140.95,138.75,56.85,1.107,0.174,7,75.61,Aman,0,normal,146.0,114.91,1.727
2025-07-13T07:30:00,1,zone1,7,6,1,1,cloudy,27.88,69.58,520,3,0,0.136,156.02,163.06,197.74,79.04,1.052,0.3136,4,64.42,Aman,0,normal,177.3,157.02,1.076
2025-07-13T07:45:00,1,zone1,7,6,1,1,cloudy,28.75,76.75,520,3,0,0.152,116.18,95.64,96.06,48.92,1.016,0.1839,8,73.95,Aman,0,normal,101.99,121.56,1.087
2025-07-13T08:00:00,5,zone5,8,6,1,0,clear,27.16,65.28,360,2,0,0.076,99.99,128.25,129.56,50.58,0.907,0.3563,6,73.04,Aman,0,normal,110.76,88.0,1.264
2025-07-13T08:15:00,2,zone2,8,6,1,1,cloudy,27.1,79.26,680,4,0,0.073,166.79,159.36,135.76,52.37,1.177,0.2344,6,59.95,Aman,0,normal,164.07,166.4,0.117
2025-07-13T08:30:00,4,zone4,8,6,1,2,rain,25.63,89.47,810,5,0,0.164,75.44,54.76,84.25,80.59,1.371,0.0676,5,69.14,Aman,0,normal,29.85,69.15,2.183
2025-07-13T08:45:00,4,zone4,8,6,1,0,clear,29.18,77.01,810,5,0,0.139,78.29,97.15,118.68,48.94,1.135,0.1199,2,63.97,Aman,0,normal,84.43,68.3,0.896
2025-07-13T09:00:00,2,zone2,9,6,1,0,clear,28.68,64.96,680,4,0,0.148,90.4,90.2,89.16,42.01,0.983,0.1327,4,62.89,Aman,0,normal,85.33,95.16,0.546
2025-07-13T09:15:00,2,zone2,9,6,1,0,clear,33.13,79.78,680,4,0,0.132,208.35,219.65,256.87,68.9,1.267,0.323,4,65.33,Aman,0,normal,217.41,225.49,0.299
2025-07-13T09:30:00,3,zone3,9,6,1,1,cloudy,28.14,63.18,430,2,0,0.021,139.02,172.55,162.76,64.24,1.1,0.4013,7,63.05,Aman,1,density_spike,179.57,124.15,3.079
2025-07-13T09:45:00,1,zone1,9,6,1,0,clear,30.4,76.44,520,3,0,0.18,210.62,217.85,209.51,90.89,0.956,0.4189,6,65.82,Waspada,0,normal,248.07,229.56,0.672
2025-07-13T10:00:00,1,zone1,10,6,1,0,clear,33.02,75.57,520,3,0,0.116,189.93,231.64,219.49,80.83,0.749,0.4455,5,66.16,Waspada,1,density_spike,242.95,174.92,3.241
2025-07-13T10:15:00,3,zone3,10,6,1,0,clear,31.66,68.72,430,2,0,0.118,114.78,116.16,82.87,64.54,0.745,0.2701,7,66.57,Aman,0,normal,127.89,124.36,0.196
2025-07-13T10:30:00,5,zone5,10,6,1,0,clear,31.26,60.48,360,2,1,0.71,123.73,177.83,201.63,112.1,1.066,0.494,2,79.41,Waspada,1,density_spike,187.58,112.73,4.159
2025-07-13T10:45:00,5,zone5,10,6,1,2,rain,27.05,77.72,360,2,0,0.088,93.41,63.08,62.27,68.93,1.464,0.1752,5,62.78,Aman,0,normal,74.01,93.52,1.084
2025-07-13T11:00:00,4,zone4,11,6,1,1,cloudy,28.33,62.85,810,5,0,0.003,86.58,90.33,89.02,29.78,1.365,0.1115,3,72.67,Aman,0,normal,84.12,88.68,0.253
2025-07-13T11:15:00,5,zone5,11,6,1,1,cloudy,27.31,77.95,360,2,1,0.999,88.99,181.94,221.13,177.94,0.987,0.5054,7,88.16,Bahaya,1,density_spike,231.17,81.91,8.292
2025-07-13T11:30:00,1,zone1,11,6,1,1,cloudy,28.22,63.47,520,3,0,0.088,177.51,160.14,142.65,98.91,0.634,0.308,8,65.84,Aman,0,normal,155.6,191.35,1.557
2025-07-13T11:45:00,1,zone1,11,6,1,0,clear,34.32,67.1,520,3,1,0.565,285.17,317.12,330.05,146.4,0.926,0.6098,7,82.17,Bahaya,0,normal,320.82,277.03,1.317
2025-07-13T12:00:00,1,zone1,12,6,1,1,cloudy,29.45,72.14,520,3,0,0.126,124.45,137.0,128.09,53.19,1.308,0.2635,3,71.06,Aman,0,normal,124.65,116.22,0.469
2025-07-13T12:15:00,3,zone3,12,6,1,0,clear,28.03,65.3,430,2,0,0.155,121.82,119.42,128.93,64.23,1.105,0.2777,8,75.87,Aman,0,normal,136.69,110.5,1.455
2025-07-13T12:30:00,3,zone3,12,6,1,0,clear,31.43,82.0,430,2,0,0.083,135.61,86.84,80.76,61.07,0.294,0.202,6,95.64,Aman,1,density_spike,17.34,123.99,3.434
2025-07-13T12:45:00,3,zone3,12,6,1,0,clear,28.74,61.79,430,2,0,0.022,56.65,56.65,77.75,11.32,1.221,0.1317,5,70.22,Aman,1,density_spike,-3.0,52.03,3.057
2025-07-13T13:00:00,1,zone1,13,6,1,0,clear,32.5,51.53,520,3,0,0.008,167.31,196.17,180.35,55.2,0.869,0.3772,2,62.89,Aman,0,normal,204.41,186.39,0.806
2025-07-13T13:15:00,5,zone5,13,6,1,0,clear,33.51,74.19,360,2,0,0.121,75.52,83.19,107.41,121.82,1.117,0.2311,7,81.89,Aman,0,normal,92.14,75.15,0.944
2025-07-13T13:30:00,2,zone2,13,6,1,1,cloudy,28.89,71.87,680,4,0,0.114,142.98,154.35,141.54,90.76,1.275,0.227,2,72.0,Aman,0,normal,161.19,146.67,0.807
2025-07-13T13:45:00,5,zone5,13,6,1,0,clear,31.35,58.13,360,2,1,0.789,121.79,181.15,180.45,112.29,0.869,0.5032,7,93.48,Waspada,1,density_spike,169.51,108.63,3.382
2025-07-13T14:00:00,5,zone5,14,6,1,1,cloudy,30.78,49.69,360,2,0,0.09,138.05,164.75,145.92,76.76,1.011,0.4576,6,63.8,Waspada,0,normal,148.04,131.42,0.923
2025-07-13T14:15:00,2,zone2,14,6,1,0,clear,33.92,67.15,680,4,0,0.115,217.6,251.28,260.62,76.12,0.562,0.3695,2,75.66,Aman,0,normal,214.96,223.8,0.329
2025-07-13T14:30:00,5,zone5,14,6,1,0,clear,34.46,64.31,360,2,1,0.918,117.91,181.72,225.36,117.72,0.93,0.5048,4,85.38,Bahaya,0,normal,178.46,128.75,2.762
2025-07-13T14:45:00,1,zone1,14,6,1,0,clear,30.16,69.32,520,3,0,0.011,193.97,209.13,195.5,88.97,0.734,0.4022,5,52.87,Waspada,0,normal,202.09,176.24,1.223
2025-07-13T15:00:00,5,zone5,15,6,1,0,clear,34.85,69.41,360,2,1,0.835,108.22,138.21,166.29,119.12,0.936,0.3839,8,83.53,Waspada,1,density_spike,168.62,112.41,3.123
2025-07-13T15:15:00,5,zone5,15,6,1,2,rain,25.73,94.39,360,2,1,0.858,123.21,163.6,196.55,174.47,0.731,0.4545,8,86.15,Bahaya,0,normal,160.11,129.86,1.681
2025-07-13T15:30:00,2,zone2,15,6,1,1,cloudy,32.13,90.92,680,4,0,0.177,115.91,140.94,153.47,56.69,1.188,0.2073,7,76.89,Aman,0,normal,141.87,116.47,1.411
2025-07-13T15:45:00,2,zone2,15,6,1,2,rain,26.78,84.0,680,4,0,0.157,94.39,91.94,100.92,73.13,1.291,0.1352,8,78.09,Aman,0,normal,99.84,86.67,0.731
2025-07-13T16:00:00,1,zone1,16,6,1,0,clear,31.94,74.99,520,3,0,0.115,146.78,161.04,148.37,97.18,1.158,0.3097,3,78.34,Aman,0,normal,199.95,156.58,2.308
2025-07-13T16:15:00,5,zone5,16,6,1,0,clear,29.45,60.79,360,2,0,0.165,106.36,95.24,110.26,68.14,1.252,0.2645,3,65.4,Aman,0,normal,90.43,95.22,0.266
2025-07-13T16:30:00,2,zone2,16,6,1,1,cloudy,27.54,82.09,680,4,0,0.153,144.82,173.45,176.4,58.61,1.071,0.2551,6,57.2,Aman,0,normal,143.05,154.78,0.631
2025-07-13T16:45:00,2,zone2,16,6,1,2,rain,27.99,86.29,680,4,0,0.045,155.43,115.97,87.43,23.75,1.111,0.1705,5,68.15,Aman,1,density_spike,108.19,169.81,3.024
2025-07-13T17:00:00,4,zone4,17,6,1,3,storm,25.39,79.07,810,5,0,0.129,118.11,112.37,111.13,83.51,1.106,0.1387,3,65.12,Aman,0,normal,116.23,110.3,0.33
2025-07-13T17:15:00,2,zone2,17,6,1,0,clear,33.07,81.46,680,4,0,0.093,162.65,160.15,179.8,116.23,0.99,0.2355,2,73.14,Aman,0,normal,162.83,172.0,0.444
2025-07-13T17:30:00,3,zone3,17,6,1,0,clear,32.1,73.33,430,2,0,0.066,122.93,114.9,124.05,25.81,1.164,0.2672,8,60.87,Aman,0,normal,110.57,123.08,0.695
2025-07-13T17:45:00,1,zone1,17,6,1,1,cloudy,28.28,62.05,520,3,0,0.036,194.04,171.19,161.91,66.51,0.992,0.3292,3,70.92,Aman,0,normal,169.08,203.85,1.422
2025-07-13T18:00:00,3,zone3,18,6,1,0,clear,25.7,59.68,430,2,1,0.895,228.74,320.46,430.49,155.92,0.812,0.7453,2,99.9,Bahaya,1,density_spike,350.88,247.86,3.464
2025-07-13T18:15:00,5,zone5,18,6,1,2,rain,28.26,87.45,360,2,0,0.102,117.24,126.04,149.07,60.87,0.956,0.3501,5,71.4,Aman,0,normal,121.19,129.4,0.456
2025-07-13T18:30:00,3,zone3,18,6,1,1,cloudy,27.49,83.11,430,2,0,0.051,62.82,29.85,50.64,40.96,0.889,0.0694,5,59.61,Aman,1,density_spike,8.73,64.5,3.098
2025-07-13T18:45:00,1,zone1,18,6,1,0,clear,32.95,59.11,520,3,1,0.647,273.2,325.96,413.53,145.26,1.156,0.6269,8,95.29,Bahaya,0,normal,319.87,246.29,2.49
2025-07-13T19:00:00,5,zone5,19,6,1,0,clear,29.94,66.78,360,2,1,0.954,133.72,179.04,266.29,140.12,1.13,0.4973,7,96.46,Bahaya,1,density_spike,186.4,128.76,3.202
2025-07-13T19:15:00,2,zone2,19,6,1,0,clear,35.03,83.03,680,4,0,0.12,179.8,175.47,211.69,66.66,1.1,0.258,8,64.95,Aman,0,normal,179.82,180.96,0.052
2025-07-13T19:30:00,1,zone1,19,6,1,2,rain,28.61,90.1,520,3,1,0.857,227.67,283.08,360.26,146.27,1.13,0.5444,8,96.76,Bahaya,0,normal,256.14,232.1,0.863
2025-07-13T19:45:00,4,zone4,19,6,1,0,clear,33.61,78.73,810,5,1,0.923,191.34,277.45,441.64,149.06,0.659,0.3425,2,88.91,Waspada,1,density_spike,265.37,171.64,4.551
2025-07-13T20:00:00,5,zone5,20,6,1,0,clear,32.24,70.73,360,2,0,0.1,82.64,80.06,110.1,38.83,1.037,0.2224,8,67.02,Aman,0,normal,92.96,79.16,0.767
2025-07-13T20:15:00,1,zone1,20,6,1,0,clear,33.96,69.99,520,3,1,0.87,320.96,390.94,512.1,168.31,0.584,0.7518,3,86.42,Bahaya,0,normal,371.71,344.52,0.658
2025-07-13T20:30:00,2,zone2,20,6,1,1,cloudy,30.47,71.25,680,4,0,0.073,138.72,135.07,148.82,61.93,1.038,0.1986,4,70.5,Aman,0,normal,156.32,151.64,0.257
2025-07-13T20:45:00,1,zone1,20,6,1,1,cloudy,27.16,87.85,520,3,0,0.087,272.12,272.58,308.97,61.4,0.643,0.5242,4,77.25,Waspada,0,normal,277.67,284.88,0.211
2025-07-13T21:00:00,2,zone2,21,6,1,1,cloudy,31.05,71.42,680,4,0,0.118,146.87,158.51,231.68,83.18,1.242,0.2331,8,70.1,Aman,0,normal,154.53,126.81,1.54
2025-07-13T21:15:00,1,zone1,21,6,1,0,clear,32.34,61.63,520,3,1,0.472,323.88,364.53,450.75,96.94,1.053,0.701,5,92.05,Bahaya,0,normal,390.43,294.99,2.696
2025-07-13T21:30:00,2,zone2,21,6,1,1,cloudy,31.35,61.36,680,4,0,0.054,174.97,167.27,183.34,68.08,0.484,0.246,6,63.13,Aman,0,normal,148.33,186.56,1.708
2025-07-13T21:45:00,4,zone4,21,6,1,2,rain,27.35,76.52,810,5,0,0.123,81.67,78.53,90.88,77.46,1.077,0.097,5,68.1,Aman,0,normal,79.16,74.31,0.269
2025-07-13T22:00:00,4,zone4,22,6,1,1,cloudy,26.37,72.64,810,5,0,0.002,82.42,111.1,111.71,59.09,0.92,0.1372,3,64.49,Aman,0,normal,98.02,87.0,0.612
2025-07-13T22:15:00,2,zone2,22,6,1,0,clear,29.32,77.13,680,4,0,0.158,166.66,159.25,160.13,74.78,1.072,0.2342,7,63.13,Aman,0,normal,143.35,152.79,0.515
2025-07-13T22:30:00,1,zone1,22,6,1,0,clear,29.54,59.31,520,3,0,0.069,215.21,193.72,210.94,90.49,0.943,0.3725,2,76.85,Waspada,1,density_spike,144.0,225.23,3.006
2025-07-13T22:45:00,2,zone2,22,6,1,0,clear,31.6,67.74,680,4,0,0.096,169.14,205.82,190.76,60.56,0.67,0.3027,6,70.79,Aman,0,normal,193.01,164.71,1.432
2025-07-13T23:00:00,3,zone3,23,6,1,0,clear,28.0,48,430,2,0,0.167,91.49,127.15,126.14,73.45,1.163,0.2957,6,68.52,Aman,0,normal,107.81,82.41,1.411
2025-07-13T23:15:00,5,zone5,23,6,1,2,rain,27.08,77.91,360,2,1,0.932,67.04,146.42,184.56,135.84,0.909,0.4067,5,93.44,Bahaya,1,density_spike,127.08,72.25,3.046
2025-07-13T23:30:00,1,zone1,23,6,1,0,clear,32.27,66.43,520,3,0,0.089,158.36,150.22,140.53,68.71,1.225,0.2889,7,64.55,Aman,0,normal,143.72,166.14,1.125
2025-07-13T23:45:00,4,zone4,23,6,1,0,clear,30.21,76.51,810,5,0,0.152,144.18,167.52,157.29,94.94,1.031,0.2068,3,72.75,Aman,1,density_spike,209.8,153.55,3.053
2025-07-14T00:00:00,1,zone1,0,0,0,1,cloudy,31.33,75.23,520,3,0,0.111,65.63,64.06,47.93,93.4,1.085,0.1232,2,65.2,Aman,0,normal,55.08,68.72,0.758
2025-07-14T00:15:00,2,zone2,0,0,0,0,clear,29.16,79.84,680,4,0,0.166,139.41,144.95,148.36,67.6,0.918,0.2132,4,73.63,Aman,0,normal,149.82,121.92,1.55
2025-07-14T00:30:00,2,zone2,0,0,0,0,clear,32.62,63.7,680,4,0,0.136,112.14,143.52,132.87,74.05,0.718,0.2111,2,67.75,Aman,0,normal,127.97,102.81,1.398
2025-07-14T00:45:00,1,zone1,0,0,0,1,cloudy,28.62,76.75,520,3,0,0.026,51.14,62.22,54.31,39.2,1.279,0.1196,3,72.33,Aman,0,normal,49.5,55.55,0.336
2025-07-14T01:00:00,2,zone2,1,0,0,0,clear,31.45,68.7,680,4,0,0.059,136.34,155.03,158.12,85.44,1.049,0.228,4,67.34,Aman,1,density_spike,190.03,132.93,3.172
2025-07-14T01:15:00,3,zone3,1,0,0,2,rain,29.51,86.53,430,2,0,0.041,118.05,90.43,71.79,39.42,0.91,0.2103,7,74.62,Aman,0,normal,110.75,128.36,0.978
2025-07-14T01:30:00,5,zone5,1,0,0,0,clear,31.73,79.33,360,2,0,0.147,32.99,18.43,15.49,51.15,1.249,0.0512,7,63.41,Aman,0,normal,25.87,34.26,0.466
2025-07-14T01:45:00,4,zone4,1,0,0,1,cloudy,29.84,76.52,810,5,0,0.118,39.86,31.17,24.65,63.29,1.073,0.0385,2,78.78,Aman,0,normal,4.27,39.35,1.949
2025-07-14T02:00:00,3,zone3,2,0,0,1,cloudy,31.67,76.47,430,2,0,0.118,46.03,49.2,33.45,53.54,1.364,0.1144,7,68.01,Aman,0,normal,29.17,50.56,1.189
2025-07-14T02:15:00,1,zone1,2,0,0,0,clear,27.86,68.41,520,3,0,0.022,103.38,87.56,131.66,79.42,0.969,0.1684,5,62.62,Aman,0,normal,69.05,102.08,1.835
2025-07-14T02:30:00,3,zone3,2,0,0,0,clear,28.08,64.4,430,2,0,0.178,80.57,109.3,84.54,58.75,1.051,0.2542,7,79.22,Aman,0,normal,101.41,75.82,1.421
2025-07-14T02:45:00,3,zone3,2,0,0,1,cloudy,28.6,78.5,430,2,0,0.092,56.14,40.66,63.78,5,0.981,0.0945,4,65.35,Aman,0,normal,51.07,61.3,0.568
2025-07-14T03:00:00,4,zone4,3,0,0,2,rain,27.15,87.88,810,5,0,0.02,51.56,48.02,33.86,13.35,1.595,0.0593,2,67.93,Aman,0,normal,63.18,51.56,0.645
2025-07-14T03:15:00,4,zone4,3,0,0,0,clear,30.15,78.29,810,5,0,0.173,102.25,90.55,112.47,43.79,1.169,0.1118,2,56.66,Aman,0,normal,129.32,107.84,1.193
2025-07-14T03:30:00,4,zone4,3,0,0,2,rain,28.24,83.18,810,5,0,0.032,74.13,82.34,55.83,46.03,0.775,0.1016,4,67.79,Aman,0,normal,100.07,67.79,1.793
2025-07-14T03:45:00,3,zone3,3,0,0,0,clear,29.14,66.94,430,2,0,0.021,148.79,162.99,164.07,54.45,0.82,0.379,7,64.28,Aman,0,normal,172.12,158.26,0.73
2025-07-14T04:00:00,2,zone2,4,0,0,0,clear,31.52,74.96,680,4,0,0.169,91.63,106.76,122.73,59.3,1.313,0.157,2,62.86,Aman,0,normal,82.85,97.6,0.819
2025-07-14T04:15:00,5,zone5,4,0,0,1,cloudy,29.96,70.01,360,2,0,0.14,86.84,88.1,89.37,68.9,0.974,0.2447,7,66.98,Aman,0,normal,108.88,80.41,1.582
2025-07-14T04:30:00,4,zone4,4,0,0,0,clear,34.95,71.1,810,5,0,0.175,81.84,100.12,92.4,112.22,0.775,0.1236,6,65.09,Aman,0,normal,127.11,77.26,2.769
2025-07-14T04:45:00,1,zone1,4,0,0,1,cloudy,27.89,83.22,520,3,0,0.116,166.05,184.16,203.05,65.91,1.146,0.3541,3,65.12,Aman,0,normal,198.4,168.38,1.486
2025-07-14T05:00:00,2,zone2,5,0,0,1,cloudy,26.92,72.76,680,4,0,0.017,59.22,43.13,56.23,75.78,1.37,0.0634,8,72.38,Aman,0,normal,41.95,64.2,1.236
2025-07-14T05:15:00,5,zone5,5,0,0,2,rain,30.85,77.13,360,2,0,0.004,22.64,4,4.42,53.64,1.212,0.0111,2,67.93,Aman,1,density_spike,-37.4,19.78,3.176
2025-07-14T05:30:00,5,zone5,5,0,0,0,clear,30.06,53.76,360,2,0,0.078,102.16,105.01,104.94,46.86,1.107,0.2917,2,77.38,Aman,0,normal,87.46,105.08,0.979
2025-07-14T05:45:00,5,zone5,5,0,0,0,clear,30.39,49.33,360,2,0,0.124,8,5.01,37.94,64.99,1.181,0.0139,2,65.18,Aman,0,normal,-2.52,8.56,0.616
2025-07-14T06:00:00,3,zone3,6,0,0,1,cloudy,34.46,77.09,430,2,0,0.045,128.52,112.76,87.16,45.4,0.702,0.2622,6,88.56,Aman,1,density_spike,232.49,126.14,6.005
2025-07-14T06:15:00,1,zone1,6,0,0,1,cloudy,31.88,66.84,520,3,0,0.041,115.05,83.84,58.42,40.64,0.866,0.1612,2,70.27,Aman,0,normal,76.2,106.45,1.681
2025-07-14T06:30:00,4,zone4,6,0,0,1,cloudy,29.45,59.16,810,5,0,0.062,107.36,124.43,125.42,47.08,1.009,0.1536,4,64.57,Aman,0,normal,118.23,100.0,1.013
2025-07-14T06:45:00,5,zone5,6,0,0,3,storm,23.82,89.52,360,2,0,0.133,90.37,65.67,85.26,86.3,1.198,0.1824,6,60.19,Aman,1,density_spike,33.87,96.25,3.466
2025-07-14T07:00:00,3,zone3,7,0,0,1,cloudy,34.24,67.74,430,2,0,0.151,141.12,168.83,185.29,68.5,0.313,0.3926,5,90.08,Waspada,1,density_spike,424.61,141.42,4.474
2025-07-14T07:15:00,1,zone1,7,0,0,1,cloudy,28.8,88.87,520,3,0,0.12,158.76,140.85,123.72,83.04,1.264,0.2709,5,71.53,Aman,0,normal,185.86,141.58,2.46
2025-07-14T07:30:00,5,zone5,7,0,0,1,cloudy,27.57,68.3,360,2,0,0.166,59.84,64.92,60.15,76.12,0.97,0.1803,4,70.42,Aman,0,normal,45.63,60.76,0.84
2025-07-14T07:45:00,3,zone3,7,0,0,0,clear,28.08,66.88,430,2,0,0.042,135.98,106.27,135.3,92.52,1.3,0.2471,6,69.42,Aman,1,density_spike,85.79,144.26,3.249
2025-07-14T08:00:00,1,zone1,8,0,0,0,clear,27.42,55.82,520,3,0,0.055,150.89,164.74,150.63,85.39,0.351,0.3168,6,94.43,Aman,1,density_spike,275.42,129.99,3.107
2025-07-14T08:15:00,5,zone5,8,0,0,1,cloudy,29.23,73.09,360,2,0,0.01,102.38,65.69,53.37,19.28,0.969,0.1825,4,72.07,Aman,0,normal,78.37,92.86,0.805
2025-07-14T08:30:00,5,zone5,8,0,0,0,clear,28.05,67.11,360,2,0,0.013,51.8,45.74,72.5,41.39,1.091,0.1271,2,67.93,Aman,0,normal,67.68,46.75,1.163
2025-07-14T08:45:00,5,zone5,8,0,0,0,clear,29.47,70.31,360,2,0,0.157,91.42,103.18,89.68,73.64,0.993,0.2866,7,67.19,Aman,0,normal,67.24,85.48,1.013
2025-07-14T09:00:00,2,zone2,9,0,0,0,clear,27.98,59.72,680,4,0,0.051,108.48,126.39,137.55,51.21,1.397,0.1859,5,51.27,Aman,0,normal,102.61,100.75,0.103
2025-07-14T09:15:00,2,zone2,9,0,0,0,clear,31.23,71.03,680,4,0,0.034,175.79,183.56,200.25,41.97,0.956,0.2699,3,61.76,Aman,0,normal,185.27,157.44,1.473
2025-07-14T09:30:00,4,zone4,9,0,0,3,storm,26.81,88.18,810,5,0,0.125,42.37,27.38,24.42,50.18,1.196,0.0338,7,72.66,Aman,0,normal,32.22,46.35,0.785
2025-07-14T09:45:00,2,zone2,9,0,0,0,clear,33.79,63.96,680,4,0,0.03,146.01,178.76,155.68,63.93,0.896,0.2629,5,82.89,Aman,0,normal,162.46,130.6,1.77
2025-07-14T10:00:00,5,zone5,10,0,0,0,clear,28.82,54.46,360,2,0,0.041,70.14,45.91,44.37,27.33,1.266,0.1275,8,63.88,Aman,0,normal,18.98,60.61,2.313
2025-07-14T10:15:00,4,zone4,10,0,0,0,clear,27.46,61.34,810,5,0,0.161,109.07,125.4,100.8,82.37,1.003,0.1548,3,75.29,Aman,0,normal,108.4,103.14,0.292
2025-07-14T10:30:00,1,zone1,10,0,0,0,clear,33.49,81.07,520,3,0,0.057,139.05,186.55,214.8,83.43,0.994,0.3587,7,76.17,Aman,0,normal,193.78,150.23,2.415
2025-07-14T10:45:00,2,zone2,10,0,0,0,clear,30.54,62.99,680,4,0,0.036,93.06,119.05,114.13,58.1,1.27,0.1751,7,66.18,Aman,0,normal,131.42,98.12,1.85
2025-07-14T11:00:00,3,zone3,11,0,0,0,clear,31.14,69.22,430,2,0,0.145,90.76,125.23,137.51,62.79,1.287,0.2912,8,69.1,Aman,1,density_spike,139.7,84.52,3.066
2025-07-14T11:15:00,5,zone5,11,0,0,1,cloudy,29.38,91.75,360,2,0,0.118,88.63,118.17,149.37,86.94,1.03,0.3283,4,68.1,Aman,0,normal,113.4,91.13,1.238
2025-07-14T11:30:00,5,zone5,11,0,0,2,rain,26.49,83.43,360,2,0,0.031,77.75,49.2,42.96,67.87,0.456,0.1367,5,84.65,Aman,1,density_spike,188.53,86.62,4.241
2025-07-14T11:45:00,3,zone3,11,0,0,0,clear,33.65,72.9,430,2,0,0.013,136.9,140.66,154.54,67.07,0.787,0.3271,8,58.13,Aman,0,normal,116.05,136.15,1.116
2025-07-14T12:00:00,2,zone2,12,0,0,0,clear,32.67,51.01,680,4,0,0.153,160.73,158.47,195.68,62.86,0.807,0.233,8,74.51,Aman,0,normal,159.35,170.11,0.527
2025-07-14T12:15:00,2,zone2,12,0,0,0,clear,32.26,62.94,680,4,0,0.176,152.29,166.31,168.4,63.61,1.076,0.2446,4,68.51,Aman,1,density_spike,197.15,132.57,3.588
2025-07-14T12:30:00,2,zone2,12,0,0,1,cloudy,28.54,56.92,680,4,0,0.177,105.49,114.82,156.57,35.36,1.289,0.1689,5,76.71,Aman,0,normal,92.59,104.21,0.646
2025-07-14T12:45:00,2,zone2,12,0,0,0,clear,31.2,68.9,680,4,0,0.024,130.72,125.11,138.26,51.89,1.191,0.184,6,66.25,Aman,0,normal,106.97,112.46,0.305
2025-07-14T13:00:00,2,zone2,13,0,0,0,clear,33.01,65.45,680,4,1,0.476,178.9,206.99,227.72,94.39,0.994,0.3044,5,78.72,Waspada,0,normal,210.79,190.77,0.875
2025-07-14T13:15:00,3,zone3,13,0,0,0,clear,29.07,71.19,430,2,0,0.052,98.21,119.66,120.22,20.32,1.275,0.2783,4,67.18,Aman,0,normal,127.03,101.4,1.424
2025-07-14T13:30:00,2,zone2,13,0,0,3,storm,24.62,75.66,680,4,1,0.525,126.96,131.36,165.87,101.66,0.783,0.1932,4,95.22,Waspada,0,normal,121.28,110.55,0.596
2025-07-14T13:45:00,5,zone5,13,0,0,1,cloudy,29.41,74.04,360,2,0,0.098,120.58,94.78,98.49,57.18,1.092,0.2633,2,75.7,Aman,0,normal,93.77,134.79,2.279
2025-07-14T14:00:00,4,zone4,14,0,0,0,clear,33.67,80.97,810,5,1,0.966,171.84,205.44,236.52,142.89,1.218,0.2536,8,84.41,Waspada,0,normal,216.63,173.8,2.053
2025-07-14T14:15:00,5,zone5,14,0,0,0,clear,26.43,73.88,360,2,0,0.146,49.84,29.9,17.17,12.87,1.186,0.083,6,72.32,Aman,0,normal,12.74,44.53,1.766
2025-07-14T14:30:00,2,zone2,14,0,0,1,cloudy,30.31,75.28,680,4,0,0.139,171.63,178.07,161.97,74.87,1.228,0.2619,6,71.1,Aman,0,normal,166.98,151.05,0.879
2025-07-14T14:45:00,2,zone2,14,0,0,0,clear,32.41,53.25,680,4,0,0.042,143.23,141.54,122.49,69.58,0.835,0.2081,3,69.43,Aman,0,normal,178.32,142.48,1.991
2025-07-14T15:00:00,1,zone1,15,0,0,0,clear,35.02,65.07,520,3,0,0.104,192.02,208.41,216.6,61.69,1.195,0.4008,3,72.58,Aman,0,normal,215.36,200.32,0.625
2025-07-14T15:15:00,2,zone2,15,0,0,0,clear,26.25,79.56,680,4,0,0.033,73.31,71.59,73.88,32.84,1.218,0.1053,3,64.15,Aman,0,normal,49.3,81.26,1.775
2025-07-14T15:30:00,5,zone5,15,0,0,1,cloudy,29.78,60.36,360,2,0,0.024,67.19,70.66,43.52,27.26,1.282,0.1963,7,65.79,Aman,0,normal,67.6,64.87,0.152
2025-07-14T15:45:00,4,zone4,15,0,0,0,clear,33.11,70.84,810,5,0,0.169,80.33,91.03,57.36,44.92,0.514,0.1124,5,84.62,Aman,1,density_spike,28.38,84.25,3.479
2025-07-14T16:00:00,5,zone5,16,0,0,0,clear,28.93,67.18,360,2,0,0.047,110.31,67.29,51.18,55.68,1.241,0.1869,4,69.82,Aman,0,normal,98.02,110.09,0.67
2025-07-14T16:15:00,4,zone4,16,0,0,1,cloudy,27.68,77.62,810,5,0,0.137,85.24,80.66,91.3,68.15,1.111,0.0996,6,64.06,Aman,0,normal,101.17,75.22,1.442
2025-07-14T16:30:00,3,zone3,16,0,0,0,clear,29.36,70.98,430,2,0,0.174,152.93,178.94,200.56,77.24,1.153,0.4161,3,70.24,Waspada,0,normal,181.88,170.35,0.564
2025-07-14T16:45:00,3,zone3,16,0,0,0,clear,27.51,73.61,430,2,0,0.002,132.94,125.54,89.33,53.44,0.996,0.2919,7,66.65,Aman,0,normal,135.58,135.28,0.017
2025-07-14T17:00:00,3,zone3,17,0,0,1,cloudy,30.2,86.16,430,2,0,0.111,123.29,103.55,141.6,35.78,1.337,0.2408,2,65.5,Aman,0,normal,107.33,108.77,0.08
2025-07-14T17:15:00,2,zone2,17,0,0,0,clear,32.55,55.69,680,4,0,0.045,193.91,201.56,227.6,62.12,0.884,0.2964,3,67.7,Aman,0,normal,206.09,173.69,1.554
2025-07-14T17:30:00,3,zone3,17,0,0,2,rain,26.7,90.69,430,2,0,0.015,110.81,91.51,70.65,85.75,1.182,0.2128,3,62.41,Aman,0,normal,82.84,99.42,0.921
2025-07-14T17:45:00,5,zone5,17,0,0,0,clear,31.14,66.46,360,2,0,0.129,53.32,38.7,27.09,61.26,0.939,0.1075,6,73.47,Aman,0,normal,33.41,46.28,0.715
2025-07-14T18:00:00,1,zone1,18,0,0,2,rain,25.47,88.04,520,3,0,0.014,155.48,127.71,168.91,35.33,0.991,0.2456,7,69.46,Aman,0,normal,119.93,171.65,2.511
2025-07-14T18:15:00,2,zone2,18,0,0,0,clear,30.24,55.15,680,4,0,0.043,131.31,130.47,184.53,63.92,1.106,0.1919,3,69.17,Aman,0,normal,128.97,140.66,0.649
2025-07-14T18:30:00,5,zone5,18,0,0,2,rain,29.64,73.96,360,2,0,0.113,37.29,33.66,55.76,86.79,1.251,0.0935,6,60.13,Aman,0,normal,44.75,37.94,0.378
2025-07-14T18:45:00,2,zone2,18,0,0,1,cloudy,29.48,76.5,680,4,0,0.101,176.72,186.27,226.27,47.7,1.149,0.2739,6,66.72,Aman,0,normal,204.94,164.83,2.028
2025-07-14T19:00:00,2,zone2,19,0,0,1,cloudy,31.08,78.37,680,4,0,0.055,165.86,180.91,251.84,40.54,1.141,0.266,8,73.45,Aman,0,normal,187.75,184.87,0.13
2025-07-14T19:15:00,2,zone2,19,0,0,2,rain,28.02,84.67,680,4,0,0.083,124.28,113.79,167.82,76.37,0.571,0.1673,2,84.94,Aman,1,density_spike,277.5,118.38,3.66
2025-07-14T19:30:00,1,zone1,19,0,0,1,cloudy,31.89,77.08,520,3,0,0.177,185.95,189.54,222.09,57.43,0.44,0.3645,5,97.21,Aman,1,density_spike,50.55,178.23,3.234
2025-07-14T19:45:00,4,zone4,19,0,0,1,cloudy,29.56,69.96,810,5,0,0.096,118.22,107.27,101.53,59.17,1.421,0.1324,2,65.32,Aman,0,normal,101.46,109.17,0.428
2025-07-14T20:00:00,2,zone2,20,0,0,0,clear,30.51,75.47,680,4,0,0.167,133.11,120.72,123.5,44.37,1.168,0.1775,5,62.58,Aman,0,normal,128.54,145.94,0.967
2025-07-14T20:15:00,1,zone1,20,0,0,1,cloudy,27.35,72.79,520,3,0,0.159,183.04,184.26,229.85,64.63,0.887,0.3543,3,74.64,Aman,0,normal,189.29,168.95,1.003
2025-07-14T20:30:00,3,zone3,20,0,0,1,cloudy,31.27,79.4,430,2,0,0.09,140.68,131.64,170.86,68.9,1.15,0.3061,8,70.18,Aman,0,normal,138.56,156.0,0.931
2025-07-14T20:45:00,4,zone4,20,0,0,1,cloudy,31.24,82.09,810,5,0,0.007,72.03,69.28,110.8,35.2,1.296,0.0855,2,56.88,Aman,0,normal,82.83,77.96,0.271
2025-07-14T21:00:00,1,zone1,21,0,0,0,clear,34.22,61.18,520,3,0,0.144,149.37,166.61,208.42,55.48,0.788,0.3204,2,71.07,Aman,0,normal,144.1,157.56,0.712
2025-07-14T21:15:00,2,zone2,21,0,0,2,rain,25.28,97.31,680,4,0,0.043,111.01,89.26,93.52,100.54,1.288,0.1313,8,70.22,Aman,0,normal,81.19,121.72,2.252
2025-07-14T21:30:00,2,zone2,21,0,0,1,cloudy,25.07,72.13,680,4,0,0.133,169.41,196.85,254.24,59.61,1.028,0.2895,8,74.37,Aman,0,normal,213.53,168.49,2.228
2025-07-14T21:45:00,1,zone1,21,0,0,1,cloudy,33.49,71.1,520,3,0,0.176,187.34,194.53,219.27,76.89,0.766,0.3741,7,74.75,Waspada,0,normal,166.46,179.46,0.604
2025-07-14T22:00:00,4,zone4,22,0,0,1,cloudy,26.75,94.6,810,5,0,0.129,37.45,42.08,46.88,46.55,0.546,0.052,5,86.0,Aman,1,density_spike,148.05,39.98,5.129
2025-07-14T22:15:00,3,zone3,22,0,0,0,clear,32.82,70.14,430,2,0,0.06,79.91,89.92,78.47,62.29,1.55,0.2091,5,72.9,Aman,0,normal,92.1,73.39,1.04
2025-07-14T22:30:00,2,zone2,22,0,0,0,clear,29.97,64.77,680,4,0,0.093,184.81,196.7,224.88,64.46,0.88,0.2893,7,74.39,Aman,0,normal,177.59,167.13,0.521
2025-07-14T22:45:00,5,zone5,22,0,0,1,cloudy,31.44,79.51,360,2,0,0.117,78.96,106.78,116.25,48.86,0.648,0.2966,4,72.56,Aman,0,normal,116.45,82.46,1.888
2025-07-14T23:00:00,4,zone4,23,0,0,0,clear,34.2,71.56,810,5,0,0.052,128.04,153.32,139.55,80.33,1.089,0.1893,3,72.06,Aman,0,normal,156.73,114.15,2.366
2025-07-14T23:15:00,4,zone4,23,0,0,0,clear,31.99,59.59,810,5,0,0.079,99.18,75.14,77.75,49.0,1.145,0.0928,6,61.76,Aman,0,normal,81.58,106.78,1.4
2025-07-14T23:30:00,4,zone4,23,0,0,1,cloudy,30.53,69.45,810,5,0,0.042,39.4,13.31,37.68,41.01,1.389,0.0164,8,69.34,Aman,0,normal,2.62,35.27,1.813
2025-07-14T23:45:00,4,zone4,23,0,0,0,clear,27.79,69.25,810,5,0,0.117,83.29,83.66,76.05,44.4,0.948,0.1033,8,67.83,Aman,0,normal,110.29,85.38,1.384
2025-07-15T00:00:00,1,zone1,0,1,0,0,clear,28.52,58.14,520,3,0,0.141,73.72,108.27,55.48,72.06,0.442,0.2082,4,95.07,Aman,1,density_spike,221.73,76.23,3.906
2025-07-15T00:15:00,3,zone3,0,1,0,0,clear,29.28,72.7,430,2,0,0.039,116.67,131.63,99.56,42.72,0.835,0.3061,2,64.96,Aman,0,normal,103.51,100.52,0.166
2025-07-15T00:30:00,3,zone3,0,1,0,0,clear,32.14,66.85,430,2,1,0.637,106.31,166.37,227.47,144.72,0.819,0.3869,5,77.82,Waspada,1,density_spike,183.84,104.71,4.396
2025-07-15T00:45:00,2,zone2,0,1,0,0,clear,30.93,78.18,680,4,0,0.032,54.9,58.81,82.47,58.36,0.994,0.0865,5,59.93,Aman,0,normal,84.96,56.04,1.607
2025-07-15T01:00:00,5,zone5,1,1,0,0,clear,31.92,56.02,360,2,0,0.085,38.55,49.7,49.65,32.87,1.015,0.138,4,66.2,Aman,0,normal,65.25,34.35,1.716
2025-07-15T01:15:00,4,zone4,1,1,0,0,clear,31.59,68.54,810,5,0,0.046,59.6,48.21,68.46,66.47,0.983,0.0595,8,62.44,Aman,0,normal,29.47,63.51,1.891
2025-07-15T01:30:00,4,zone4,1,1,0,0,clear,29.52,70.62,810,5,0,0.123,70.45,81.72,66.92,35.73,1.071,0.1009,4,71.91,Aman,0,normal,78.28,72.75,0.307
2025-07-15T01:45:00,2,zone2,1,1,0,0,clear,35.85,65.07,680,4,1,0.978,28.94,102.99,149.99,143.42,0.772,0.1515,6,85.02,Waspada,1,density_spike,112.86,32.21,4.48
2025-07-15T02:00:00,2,zone2,2,1,0,1,cloudy,26.83,62.75,680,4,1,0.961,86.12,161.3,189.85,153.35,1.069,0.2372,8,86.81,Waspada,1,density_spike,164.47,96.39,3.782
2025-07-15T02:15:00,3,zone3,2,1,0,0,clear,31.45,58.66,430,2,0,0.023,86.02,98.09,97.83,35.63,1.012,0.2281,3,68.2,Aman,0,normal,87.72,74.47,0.736
2025-07-15T02:30:00,5,zone5,2,1,0,0,clear,30.39,65.2,360,2,0,0.042,43.65,59.79,63.18,30.94,1.169,0.1661,4,60.9,Aman,0,normal,33.49,39.25,0.32
2025-07-15T02:45:00,3,zone3,2,1,0,0,clear,29.95,72.14,430,2,0,0.007,48.41,49.24,33.34,78.0,1.102,0.1145,7,65.63,Aman,0,normal,64.98,47.44,0.975
2025-07-15T03:00:00,3,zone3,3,1,0,0,clear,31.08,68.36,430,2,0,0.1,128.68,115.51,113.31,42.06,1.521,0.2686,8,78.02,Aman,0,normal,96.65,120.16,1.306
2025-07-15T03:15:00,4,zone4,3,1,0,0,clear,27.63,73.09,810,5,0,0.02,73.39,67.68,72.76,53.03,1.074,0.0836,8,68.5,Aman,0,normal,73.31,75.95,0.146
2025-07-15T03:30:00,1,zone1,3,1,0,0,clear,30.78,74.32,520,3,0,0.166,144.26,163.9,109.43,42.98,1.015,0.3152,2,73.45,Aman,0,normal,159.22,156.67,0.135
2025-07-15T03:45:00,1,zone1,3,1,0,1,cloudy,27.17,69.03,520,3,1,0.845,159.34,205.29,278.51,141.09,0.985,0.3948,3,96.1,Waspada,0,normal,205.44,171.66,1.64
2025-07-15T04:00:00,5,zone5,4,1,0,2,rain,26.04,80.08,360,2,0,0.146,82.1,78.44,102.41,66.47,1.372,0.2179,6,60.98,Aman,0,normal,78.18,74.26,0.218
2025-07-15T04:15:00,3,zone3,4,1,0,1,cloudy,32.06,73.49,430,2,0,0.11,121.1,120.7,104.55,74.27,1.203,0.2807,6,81.59,Aman,0,normal,122.95,108.27,0.815
2025-07-15T04:30:00,2,zone2,4,1,0,0,clear,30.28,62.25,680,4,0,0.035,119.2,158.19,179.39,68.99,0.901,0.2326,7,67.25,Aman,1,density_spike,172.16,114.83,3.185
2025-07-15T04:45:00,1,zone1,4,1,0,1,cloudy,29.24,81.28,520,3,0,0.074,121.96,125.09,104.98,39.25,0.967,0.2405,3,83.61,Aman,0,normal,115.7,134.24,1.03
2025-07-15T05:00:00,3,zone3,5,1,0,0,clear,32.07,57.75,430,2,0,0.142,87.77,118.66,114.53,74.97,1.02,0.276,5,68.03,Aman,0,normal,128.61,77.91,2.816
2025-07-15T05:15:00,5,zone5,5,1,0,1,cloudy,28.52,60.25,360,2,0,0.071,38.76,4,37.02,56.5,1.28,0.0111,5,65.22,Aman,0,normal,8.75,37.9,1.62
2025-07-15T05:30:00,2,zone2,5,1,0,0,clear,32.86,59.19,680,4,0,0.057,110.74,81.66,85.01,60.21,1.171,0.1201,8,62.92,Aman,0,normal,88.15,111.97,1.324
2025-07-15T05:45:00,5,zone5,5,1,0,2,rain,24.46,73.98,360,2,0,0.098,75.44,43.46,4,76.83,1.156,0.1207,7,71.27,Aman,0,normal,65.99,78.13,0.675
2025-07-15T06:00:00,4,zone4,6,1,0,0,clear,37.23,59.56,810,5,0,0.106,195.92,225.21,263.71,66.37,0.986,0.278,6,72.28,Aman,0,normal,241.7,189.98,2.268
2025-07-15T06:15:00,1,zone1,6,1,0,0,clear,33.72,64.45,520,3,0,0.061,166.28,207.64,197.59,88.38,0.764,0.3993,2,70.49,Waspada,0,normal,200.58,179.54,0.977
2025-07-15T06:30:00,3,zone3,6,1,0,0,clear,30.8,60.37,430,2,0,0.081,137.01,137.59,147.43,63.01,0.461,0.32,4,75.84,Aman,1,density_spike,298.82,131.19,3.907
2025-07-15T06:45:00,5,zone5,6,1,0,2,rain,25.56,80.73,360,2,0,0.17,131.04,130.66,166.11,65.98,0.959,0.3629,5,66.03,Aman,0,normal,137.84,132.8,0.28
2025-07-15T07:00:00,4,zone4,7,1,0,0,clear,32.26,50.76,810,5,0,0.014,72.45,39.23,32.68,65.46,0.874,0.0484,5,69.52,Aman,0,normal,43.87,64.44,1.143
2025-07-15T07:15:00,4,zone4,7,1,0,0,clear,25.8,65.56,810,5,0,0.079,103.61,121.65,137.22,56.28,1.167,0.1502,6,62.1,Aman,0,normal,140.85,91.34,2.751
2025-07-15T07:30:00,2,zone2,7,1,0,0,clear,31.58,73.33,680,4,0,0.011,111.52,102.8,90.2,46.55,0.849,0.1512,3,69.19,Aman,0,normal,117.57,112.8,0.265
2025-07-15T07:45:00,4,zone4,7,1,0,1,cloudy,26.75,86.58,810,5,0,0.136,116.01,96.07,120.22,50.58,0.963,0.1186,6,73.96,Aman,0,normal,76.95,129.45,2.917
2025-07-15T08:00:00,2,zone2,8,1,0,1,cloudy,28.47,79.96,680,4,0,0.098,181.19,193.87,157.7,35.36,0.966,0.2851,2,72.51,Aman,0,normal,196.85,180.09,0.775
2025-07-15T08:15:00,2,zone2,8,1,0,0,clear,26.85,64.81,680,4,0,0.155,145.08,170.73,199.66,90.52,0.833,0.2511,6,66.45,Aman,0,normal,163.06,136.49,1.476
2025-07-15T08:30:00,1,zone1,8,1,0,1,cloudy,25.06,81.83,520,3,0,0.172,173.69,184.44,172.48,100.14,0.794,0.3547,3,79.2,Waspada,0,normal,190.09,162.56,1.411
2025-07-15T08:45:00,4,zone4,8,1,0,0,clear,29.44,63.37,810,5,0,0.02,142.02,142.69,133.0,33.83,1.036,0.1762,7,65.67,Aman,0,normal,111.44,147.54,2.005
2025-07-15T09:00:00,4,zone4,9,1,0,0,clear,30.93,73.59,810,5,0,0.176,107.87,128.45,154.88,61.77,1.054,0.1586,8,69.45,Aman,0,normal,93.04,98.73,0.316
2025-07-15T09:15:00,1,zone1,9,1,0,0,clear,26.94,67.96,520,3,0,0.001,194.05,177.08,181.16,45.35,1.154,0.3405,8,73.13,Aman,0,normal,192.1,171.79,0.985
2025-07-15T09:30:00,2,zone2,9,1,0,2,rain,24.78,77.75,680,4,1,0.668,87.36,98.48,166.72,133.48,1.528,0.1448,3,82.81,Waspada,0,normal,104.72,95.79,0.496
2025-07-15T09:45:00,1,zone1,9,1,0,0,clear,28.04,70.0,520,3,0,0.08,246.33,262.71,250.27,53.93,0.864,0.5052,2,80.18,Waspada,0,normal,267.66,231.54,1.3
2025-07-15T10:00:00,2,zone2,10,1,0,0,clear,34.08,70.55,680,4,0,0.141,131.6,126.89,136.78,59.66,1.139,0.1866,8,70.22,Aman,0,normal,134.71,117.16,0.975
2025-07-15T10:15:00,1,zone1,10,1,0,1,cloudy,29.84,75.1,520,3,0,0.091,185.81,187.57,192.21,71.25,1.068,0.3607,4,59.62,Aman,0,normal,178.75,193.65,0.641
2025-07-15T10:30:00,3,zone3,10,1,0,2,rain,28.23,79.89,430,2,0,0.144,90.06,69.77,67.5,64.3,1.117,0.1622,6,64.1,Aman,0,normal,100.49,85.66,0.824
2025-07-15T10:45:00,4,zone4,10,1,0,0,clear,27.87,59.42,810,5,0,0.028,58.02,59.0,41.85,40.32,0.785,0.0728,4,67.83,Aman,0,normal,73.11,63.97,0.508
2025-07-15T11:00:00,5,zone5,11,1,0,1,cloudy,30.44,72.27,360,2,0,0.072,86.79,85.88,60.56,61.76,1.23,0.2386,7,67.95,Aman,0,normal,60.77,94.78,1.889
2025-07-15T11:15:00,4,zone4,11,1,0,0,clear,30.73,68.6,810,5,0,0.053,159.89,197.21,190.73,84.18,1.017,0.2435,7,66.1,Aman,0,normal,214.94,169.84,2.213
2025-07-15T11:30:00,3,zone3,11,1,0,1,cloudy,30.73,75.35,430,2,0,0.165,182.67,201.77,210.17,64.23,0.99,0.4692,7,77.12,Waspada,0,normal,174.75,157.51,0.912
2025-07-15T11:45:00,1,zone1,11,1,0,0,clear,27.42,80.03,520,3,0,0.163,164.38,171.57,153.61,44.97,1.175,0.3299,6,77.81,Aman,0,normal,174.67,159.04,0.819
2025-07-15T12:00:00,5,zone5,12,1,0,1,cloudy,28.97,66.43,360,2,0,0.035,52.7,27.63,30.8,26.27,1.312,0.0767,7,64.58,Aman,0,normal,40.38,53.54,0.731
2025-07-15T12:15:00,1,zone1,12,1,0,1,cloudy,30.14,76.82,520,3,0,0.176,193.09,184.03,182.91,42.02,0.868,0.3539,8,78.96,Aman,0,normal,189.51,181.7,0.358
2025-07-15T12:30:00,5,zone5,12,1,0,1,cloudy,29.39,57.36,360,2,0,0.076,131.95,131.57,183.08,40.07,1.004,0.3655,4,73.53,Aman,0,normal,125.41,132.56,0.397
2025-07-15T12:45:00,1,zone1,12,1,0,0,clear,29.51,73.51,520,3,0,0.064,184.35,174.46,175.98,45.77,0.995,0.3355,3,70.69,Aman,0,normal,209.96,204.17,0.236
2025-07-15T13:00:00,4,zone4,13,1,0,3,storm,21.62,92.51,810,5,1,0.784,61.31,93.15,112.27,122.78,1.202,0.115,6,79.33,Waspada,0,normal,93.14,67.57,1.42
2025-07-15T13:15:00,2,zone2,13,1,0,0,clear,29.71,68.91,680,4,1,0.781,152.06,225.62,288.82,145.66,0.84,0.3318,5,81.61,Waspada,0,normal,185.78,161.05,1.28
2025-07-15T13:30:00,5,zone5,13,1,0,0,clear,28.41,66.19,360,2,0,0.019,71.9,32.63,14.77,28.49,1.27,0.0906,2,72.82,Aman,0,normal,27.95,70.99,2.391
2025-07-15T13:45:00,5,zone5,13,1,0,0,clear,33.33,70.62,360,2,0,0.028,61.88,77.64,64.63,71.98,0.975,0.2157,5,62.36,Aman,0,normal,88.16,66.7,1.192
2025-07-15T14:00:00,5,zone5,14,1,0,0,clear,29.23,64.2,360,2,0,0.142,123.97,102.91,102.74,102.49,0.864,0.2859,2,88.42,Aman,0,normal,88.41,125.78,2.077
2025-07-15T14:15:00,5,zone5,14,1,0,1,cloudy,32.86,67.93,360,2,0,0.019,58.27,32.72,56.71,68.91,1.257,0.0909,7,60.41,Aman,0,normal,50.22,62.42,0.678
2025-07-15T14:30:00,5,zone5,14,1,0,0,clear,28.21,56.91,360,2,0,0.109,116.53,162.58,131.38,64.2,0.692,0.4516,7,76.53,Waspada,1,density_spike,194.36,126.93,3.746
2025-07-15T14:45:00,3,zone3,14,1,0,2,rain,27.58,98,430,2,0,0.154,128.99,100.64,83.81,55.25,1.061,0.234,8,75.9,Aman,0,normal,84.14,120.11,1.998
2025-07-15T15:00:00,5,zone5,15,1,0,0,clear,28.46,76.39,360,2,0,0.178,108.67,104.15,105.3,71.24,1.015,0.2893,3,71.74,Aman,0,normal,98.59,115.46,0.938
2025-07-15T15:15:00,4,zone4,15,1,0,0,clear,32.56,80.91,810,5,0,0.072,56.92,41.61,55.37,73.23,1.151,0.0514,8,69.94,Aman,0,normal,33.01,54.78,1.209
2025-07-15T15:30:00,2,zone2,15,1,0,0,clear,31.73,69.53,680,4,0,0.036,162.3,167.08,203.68,66.46,1.082,0.2457,8,68.9,Aman,0,normal,189.82,160.95,1.495
2025-07-15T15:45:00,1,zone1,15,1,0,1,cloudy,28.81,74.96,520,3,0,0.167,132.63,116.17,124.42,36.93,1.262,0.2234,7,81.93,Aman,0,normal,102.88,141.56,2.149
2025-07-15T16:00:00,1,zone1,16,1,0,0,clear,31.06,70.9,520,3,0,0.096,174.74,179.73,165.41,51.66,1.195,0.3456,2,69.38,Aman,0,normal,188.96,177.68,0.529
2025-07-15T16:15:00,1,zone1,16,1,0,1,cloudy,29.52,80.4,520,3,0,0.105,98.93,102.59,114.49,37.81,1.254,0.1973,5,64.24,Aman,0,normal,112.67,101.4,0.626
2025-07-15T16:30:00,1,zone1,16,1,0,1,cloudy,28.34,72.04,520,3,0,0.053,125.77,140.03,146.26,66.31,1.309,0.2693,8,71.21,Aman,0,normal,127.35,123.61,0.208
2025-07-15T16:45:00,2,zone2,16,1,0,0,clear,29.79,67.78,680,4,0,0.066,142.83,166.51,151.91,70.43,0.967,0.2449,8,62.05,Aman,1,density_spike,196.96,140.67,3.127
2025-07-15T17:00:00,4,zone4,17,1,0,2,rain,21.25,77.77,810,5,0,0.021,78.04,40.1,28.75,24.84,1.056,0.0495,4,65.36,Aman,1,density_spike,22.49,80.11,3.201
2025-07-15T17:15:00,1,zone1,17,1,0,0,clear,30.94,70.99,520,3,0,0.1,131.04,148.11,130.02,67.68,1.001,0.2848,8,63.76,Aman,0,normal,168.89,143.98,1.384
2025-07-15T17:30:00,3,zone3,17,1,0,2,rain,26.86,86.38,430,2,1,0.605,180.93,233.03,242.27,105.95,0.767,0.5419,7,91.19,Waspada,0,normal,237.33,188.51,2.159
2025-07-15T17:45:00,2,zone2,17,1,0,1,cloudy,27.05,81.61,680,4,0,0.006,181.52,179.2,177.49,35.53,0.857,0.2635,7,72.52,Aman,0,normal,173.35,167.88,0.271
2025-07-15T18:00:00,3,zone3,18,1,0,0,clear,34.15,91.89,430,2,1,0.615,133.12,159.82,235.63,93.11,0.846,0.3717,4,82.42,Waspada,0,normal,138.64,139.78,0.064
2025-07-15T18:15:00,5,zone5,18,1,0,0,clear,33.84,66.41,360,2,0,0.06,73.07,88.78,74.48,35.68,0.834,0.2466,3,61.09,Aman,0,normal,70.35,81.81,0.637
2025-07-15T18:30:00,3,zone3,18,1,0,0,clear,30.28,68.81,430,2,0,0.09,164.36,163.88,199.82,97.91,1.5,0.3811,3,66.49,Waspada,0,normal,141.77,164.67,1.159
2025-07-15T18:45:00,3,zone3,18,1,0,1,cloudy,29.42,86.88,430,2,0,0.002,136.17,120.15,159.93,16.5,0.961,0.2794,3,70.39,Aman,0,normal,121.97,118.29,0.204
2025-07-15T19:00:00,5,zone5,19,1,0,0,clear,30.05,85.42,360,2,0,0.178,111.87,145.72,158.57,80.75,0.759,0.4048,6,72.16,Waspada,0,normal,161.1,107.15,2.997
2025-07-15T19:15:00,1,zone1,19,1,0,0,clear,33.8,65.68,520,3,0,0.125,168.98,147.32,195.56,44.24,0.933,0.2833,3,69.96,Aman,0,normal,134.05,161.05,1.397
2025-07-15T19:30:00,2,zone2,19,1,0,0,clear,30.68,66.61,680,4,0,0.068,154.78,138.27,196.36,39.99,1.011,0.2033,7,73.72,Aman,0,normal,135.68,147.64,0.665
2025-07-15T19:45:00,4,zone4,19,1,0,2,rain,30.02,85.41,810,5,0,0.066,74.51,58.55,81.68,43.28,1.32,0.0723,8,63.97,Aman,0,normal,61.52,81.96,1.136
2025-07-15T20:00:00,1,zone1,20,1,0,1,cloudy,26.99,81.72,520,3,1,0.479,247.21,291.4,365.89,123.18,0.721,0.5604,3,87.34,Waspada,0,normal,254.39,263.88,0.3
2025-07-15T20:15:00,2,zone2,20,1,0,0,clear,28.62,56.71,680,4,0,0.007,132.44,152.49,162.89,47.18,1.321,0.2243,4,69.72,Aman,0,normal,173.07,124.08,2.722
2025-07-15T20:30:00,1,zone1,20,1,0,0,clear,31.3,62.78,520,3,0,0.03,232.24,238.79,302.17,81.86,0.268,0.4592,2,70.48,Waspada,0,normal,222.19,232.42,0.367
2025-07-15T20:45:00,5,zone5,20,1,0,3,storm,26.74,86.18,360,2,0,0.049,87.1,48.72,60.95,49.01,1.344,0.1353,3,63.58,Aman,0,normal,55.17,97.1,2.329
2025-07-15T21:00:00,4,zone4,21,1,0,3,storm,22.81,87.12,810,5,0,0.051,47.2,22.69,4,30.13,1.267,0.028,5,49.36,Aman,0,normal,24.1,52.32,1.568
2025-07-15T21:15:00,1,zone1,21,1,0,3,storm,27.86,78.12,520,3,0,0.029,213.31,186.76,220.9,86.07,1.069,0.3591,7,66.66,Aman,0,normal,197.01,229.69,1.186
2025-07-15T21:30:00,3,zone3,21,1,0,0,clear,29.86,63.71,430,2,0,0.158,135.06,135.21,157.85,42.08,1.073,0.3144,2,71.69,Aman,0,normal,172.41,145.94,1.471
2025-07-15T21:45:00,2,zone2,21,1,0,2,rain,26.07,78.97,680,4,0,0.006,158.9,153.75,164.89,48.35,0.973,0.2261,6,69.2,Aman,0,normal,164.72,164.79,0.004
2025-07-15T22:00:00,3,zone3,22,1,0,3,storm,20.37,78.58,430,2,0,0.052,90.73,59.13,29.8,54.87,0.893,0.1375,8,69.05,Aman,0,normal,100.26,88.16,0.673
2025-07-15T22:15:00,3,zone3,22,1,0,1,cloudy,26.28,65.75,430,2,0,0.001,84.67,67.36,65.1,61.61,1.064,0.1566,6,68.06,Aman,0,normal,62.91,84.86,1.219
2025-07-15T22:30:00,3,zone3,22,1,0,0,clear,28.57,73.38,430,2,0,0.077,138.99,132.44,180.69,103.61,1.202,0.308,5,66.47,Aman,0,normal,181.59,135.79,2.544
2025-07-15T22:45:00,3,zone3,22,1,0,0,clear,31.14,71.16,430,2,0,0.055,99.36,93.87,109.83,51.14,0.543,0.2183,4,82.34,Aman,1,density_spike,244.83,93.69,4.23
2025-07-15T23:00:00,3,zone3,23,1,0,0,clear,33.79,70.31,430,2,0,0.048,137.61,110.34,134.02,38.21,0.654,0.2566,4,79.42,Aman,0,normal,79.67,130.54,2.826
2025-07-15T23:15:00,5,zone5,23,1,0,0,clear,31.08,65.25,360,2,0,0.028,8,4,4,27.58,0.811,0.0111,4,61.2,Aman,0,normal,26.9,8.32,1.032
2025-07-15T23:30:00,5,zone5,23,1,0,0,clear,30.24,73.44,360,2,0,0.167,92.57,111.31,94.09,60.04,1.063,0.3092,7,66.99,Aman,0,normal,112.95,90.03,1.274
2025-07-15T23:45:00,4,zone4,23,1,0,0,clear,26.57,62.19,810,5,0,0.149,109.08,111.58,102.64,90.92,1.123,0.1378,2,71.55,Aman,0,normal,95.87,117.83,1.22
2025-07-16T00:00:00,1,zone1,0,2,0,1,cloudy,32.16,85.7,520,3,0,0.048,66.07,54.72,20.33,37.56,1.028,0.1052,2,67.94,Aman,0,normal,69.9,66.86,0.169
2025-07-16T00:15:00,1,zone1,0,2,0,0,clear,33.15,56.94,520,3,0,0.001,92.66,100.64,96.89,45.56,0.811,0.1935,3,64.77,Aman,0,normal,102.96,97.87,0.283
2025-07-16T00:30:00,4,zone4,0,2,0,2,rain,27.22,70.47,810,5,0,0.042,114.27,94.07,137.73,58.9,0.929,0.1161,4,68.54,Aman,0,normal,112.67,124.46,0.655
2025-07-16T00:45:00,2,zone2,0,2,0,2,rain,27.09,87.18,680,4,0,0.159,41.64,46.5,63.87,38.52,1.33,0.0684,5,72.92,Aman,0,normal,55.37,36.96,1.023
2025-07-16T01:00:00,3,zone3,1,2,0,0,clear,28.38,72.8,430,2,0,0.08,60.11,69.04,84.2,53.86,1.492,0.1605,2,78.65,Aman,0,normal,93.5,65.41,1.56
2025-07-16T01:15:00,1,zone1,1,2,0,1,cloudy,31.16,80.36,520,3,0,0.161,122.45,128.98,164.99,54.86,0.865,0.248,5,59.35,Aman,0,normal,142.55,118.95,1.311
2025-07-16T01:30:00,1,zone1,1,2,0,2,rain,25.64,90.83,520,3,1,0.664,95.45,119.29,150.48,128.59,0.938,0.2294,6,76.18,Waspada,0,normal,83.02,94.54,0.64
2025-07-16T01:45:00,3,zone3,1,2,0,1,cloudy,28.74,77.47,430,2,0,0.077,34.17,4,4,13.29,1.109,0.0093,7,62.88,Aman,0,normal,0.75,35.37,1.923
2025-07-16T02:00:00,2,zone2,2,2,0,0,clear,26.81,81.53,680,4,0,0.043,90.41,77.03,69.97,33.35,1.146,0.1133,4,64.74,Aman,0,normal,67.93,81.82,0.772
2025-07-16T02:15:00,2,zone2,2,2,0,2,rain,26.71,88.55,680,4,0,0.087,47.21,50.11,59.24,27.94,1.304,0.0737,5,65.87,Aman,0,normal,37.19,46.91,0.54
2025-07-16T02:30:00,5,zone5,2,2,0,0,clear,34.09,64.64,360,2,0,0.048,112.24,113.77,94.41,65.55,0.894,0.316,4,74.16,Aman,0,normal,118.19,121.52,0.185
2025-07-16T02:45:00,3,zone3,2,2,0,1,cloudy,27.74,83.09,430,2,0,0.16,131.8,144.5,158.01,76.88,1.111,0.336,7,66.37,Aman,0,normal,164.37,124.33,2.225
2025-07-16T03:00:00,5,zone5,3,2,0,0,clear,29.8,78.93,360,2,0,0.039,79.82,83.85,54.75,49.88,0.962,0.2329,4,75.97,Aman,0,normal,77.62,88.01,0.577
2025-07-16T03:15:00,4,zone4,3,2,0,0,clear,25.64,59.98,810,5,0,0.154,121.97,182.71,179.16,70.5,1.277,0.2256,3,73.04,Aman,1,density_spike,225.16,105.87,6.627
2025-07-16T03:30:00,4,zone4,3,2,0,0,clear,28.64,72.47,810,5,0,0.028,109.23,81.83,40.86,51.03,1.125,0.101,5,72.1,Aman,0,normal,88.03,103.95,0.885
2025-07-16T03:45:00,4,zone4,3,2,0,0,clear,33.31,69.13,810,5,0,0.086,69.91,55.45,73.98,35.18,1.151,0.0685,6,69.52,Aman,0,normal,33.98,65.23,1.736
2025-07-16T04:00:00,4,zone4,4,2,0,0,clear,32.9,79.26,810,5,0,0.105,115.47,119.15,137.15,68.51,1.305,0.1471,3,68.67,Aman,0,normal,108.12,100.15,0.443
2025-07-16T04:15:00,5,zone5,4,2,0,1,cloudy,27.6,72.77,360,2,0,0.169,88.92,88.22,105.16,72.17,0.883,0.245,7,69.07,Aman,0,normal,76.87,93.93,0.948
2025-07-16T04:30:00,2,zone2,4,2,0,1,cloudy,37.47,85.96,680,4,1,0.862,193.2,259.14,298.14,174.26,1.38,0.3811,6,84.95,Bahaya,0,normal,270.43,212.24,2.285
2025-07-16T04:45:00,5,zone5,4,2,0,0,clear,29.75,81.48,360,2,0,0.042,42.69,48.56,50.39,37.94,1.144,0.1349,8,64.73,Aman,0,normal,52.38,39.49,0.716
2025-07-16T05:00:00,5,zone5,5,2,0,0,clear,30.85,60.29,360,2,0,0.149,66.29,70.19,33.79,49.87,0.668,0.195,2,88.43,Aman,1,density_spike,115.06,68.11,5.69
2025-07-16T05:15:00,5,zone5,5,2,0,0,clear,29.03,71.37,360,2,0,0.116,23.19,37.01,29.16,51.88,0.76,0.1028,8,60.79,Aman,0,normal,25.6,21.17,0.246
2025-07-16T05:30:00,1,zone1,5,2,0,2,rain,27.76,90.46,520,3,0,0.038,95.87,56.47,35.05,74.73,0.876,0.1086,4,68.26,Aman,0,normal,80.65,85.69,0.28
2025-07-16T05:45:00,2,zone2,5,2,0,0,clear,33.46,72.87,680,4,0,0.047,67.5,79.24,64.79,29.18,1.146,0.1165,4,68.99,Aman,0,normal,113.68,64.23,2.747
2025-07-16T06:00:00,1,zone1,6,2,0,0,clear,29.69,71.52,520,3,0,0.011,172.93,175.36,135.01,61.51,0.363,0.3372,3,96.25,Aman,1,density_spike,44.19,171.93,5.135
2025-07-16T06:15:00,4,zone4,6,2,0,2,rain,24.95,82.0,810,5,0,0.172,43.03,29.15,43.34,79.89,1.213,0.036,5,66.91,Aman,0,normal,55.51,43.68,0.657
2025-07-16T06:30:00,3,zone3,6,2,0,0,clear,28.25,79.67,430,2,0,0.094,189.41,190.75,198.76,71.79,1.059,0.4436,2,70.9,Waspada,0,normal,204.42,182.62,0.995
2025-07-16T06:45:00,4,zone4,6,2,0,0,clear,28.29,70.7,810,5,0,0.136,74.65,73.85,138.47,36.26,1.281,0.0912,4,69.31,Aman,0,normal,58.58,72.57,0.777
2025-07-16T07:00:00,1,zone1,7,2,0,0,clear,34.2,60.46,520,3,0,0.048,141.94,118.85,126.18,42.16,1.307,0.2286,5,74.61,Aman,0,normal,119.32,136.57,0.958
2025-07-16T07:15:00,5,zone5,7,2,0,0,clear,31.6,62.5,360,2,0,0.141,119.24,153.19,138.64,43.96,0.625,0.4255,3,70.03,Aman,0,normal,146.33,110.6,1.985
2025-07-16T07:30:00,3,zone3,7,2,0,1,cloudy,31.4,63.93,430,2,0,0.042,108.22,115.48,91.7,44.45,1.129,0.2686,2,71.34,Aman,0,normal,81.0,119.35,2.131
2025-07-16T07:45:00,1,zone1,7,2,0,0,clear,29.88,59.65,520,3,0,0.152,189.69,194.42,146.15,59.64,0.819,0.3739,8,65.87,Aman,0,normal,211.14,191.25,0.867
2025-07-16T08:00:00,1,zone1,8,2,0,0,clear,35.15,53.19,520,3,0,0.061,154.14,145.77,180.98,54.08,1.344,0.2803,7,72.6,Aman,0,normal,155.49,162.65,0.367
2025-07-16T08:15:00,4,zone4,8,2,0,2,rain,27.37,77.09,810,5,1,0.692,91.42,154.74,185.88,103.38,1.026,0.191,5,84.41,Waspada,0,normal,137.41,100.78,2.035
2025-07-16T08:30:00,2,zone2,8,2,0,2,rain,28.3,85.33,680,4,1,0.704,146.25,175.98,178.17,124.35,0.578,0.2588,2,83.87,Waspada,0,normal,132.92,129.88,0.169
2025-07-16T08:45:00,4,zone4,8,2,0,0,clear,31.3,68.84,810,5,0,0.164,91.57,94.02,138.86,72.79,1.14,0.1161,2,69.53,Aman,0,normal,104.1,88.55,0.864
2025-07-16T09:00:00,5,zone5,9,2,0,2,rain,25.45,86.44,360,2,0,0.095,105.4,85.9,86.18,32.34,0.92,0.2386,3,67.07,Aman,0,normal,102.92,94.71,0.456
2025-07-16T09:15:00,1,zone1,9,2,0,2,rain,28.08,77.42,520,3,1,0.896,255.21,296.31,321.95,157.51,0.878,0.5698,5,103.16,Bahaya,0,normal,323.02,268.75,1.683
2025-07-16T09:30:00,1,zone1,9,2,0,0,clear,26.3,79.98,520,3,0,0.107,169.38,163.23,152.13,43.32,0.193,0.3139,6,101.57,Aman,1,density_spike,246.68,166.09,5.882
2025-07-16T09:45:00,2,zone2,9,2,0,0,clear,32.42,56.96,680,4,0,0.031,111.64,80.49,96.49,35.52,1.021,0.1184,3,71.28,Aman,0,normal,106.75,105.63,0.062
2025-07-16T10:00:00,2,zone2,10,2,0,1,cloudy,25.73,80.19,680,4,0,0.057,179.07,183.7,167.11,73.23,0.739,0.2701,8,65.53,Aman,0,normal,185.33,167.62,0.881
2025-07-16T10:15:00,3,zone3,10,2,0,2,rain,30.64,79.05,430,2,0,0.041,94.9,78.63,93.2,54.91,0.734,0.1829,3,56.12,Aman,0,normal,107.25,105.58,0.093
2025-07-16T10:30:00,3,zone3,10,2,0,0,clear,34.61,70.12,430,2,0,0.121,113.99,134.94,147.51,55.65,0.716,0.3138,5,75.68,Aman,1,density_spike,165.17,104.65,3.362
2025-07-16T10:45:00,1,zone1,10,2,0,1,cloudy,29.15,87.87,520,3,0,0.123,142.81,138.46,123.99,62.01,1.164,0.2663,2,68.25,Aman,0,normal,165.72,125.02,2.261
2025-07-16T11:00:00,4,zone4,11,2,0,0,clear,28.76,65.27,810,5,0,0.092,69.66,51.79,52.21,39.06,1.044,0.0639,5,62.67,Aman,0,normal,58.48,74.24,0.876
2025-07-16T11:15:00,1,zone1,11,2,0,2,rain,28.29,70.82,520,3,0,0.147,109.45,117.1,148.2,46.79,0.545,0.2252,6,97.61,Aman,1,density_spike,227.68,121.34,4.616
2025-07-16T11:30:00,1,zone1,11,2,0,1,cloudy,29.28,71.6,520,3,0,0.093,166.94,161.12,152.72,53.67,1.116,0.3098,2,69.06,Aman,0,normal,177.68,184.81,0.322
2025-07-16T11:45:00,1,zone1,11,2,0,0,clear,29.76,64.71,520,3,0,0.152,110.09,104.53,107.32,70.62,1.059,0.201,6,58.76,Aman,0,normal,143.06,117.54,1.418
2025-07-16T12:00:00,4,zone4,12,2,0,0,clear,31.84,76.99,810,5,0,0.025,82.59,68.97,89.29,37.24,1.375,0.0852,6,70.28,Aman,0,normal,109.12,74.44,1.927
2025-07-16T12:15:00,1,zone1,12,2,0,0,clear,30.12,72.38,520,3,0,0.17,144.82,157.66,168.18,56.04,1.199,0.3032,5,68.17,Aman,0,normal,149.24,134.55,0.817
2025-07-16T12:30:00,3,zone3,12,2,0,2,rain,26.96,80.85,430,2,0,0.01,55.73,25.88,50.82,73.37,1.224,0.0602,2,60.67,Aman,0,normal,72.7,62.21,0.583
2025-07-16T12:45:00,1,zone1,12,2,0,1,cloudy,29.68,81.23,520,3,0,0.133,134.71,162.56,172.71,83.04,1.046,0.3126,6,59.71,Aman,0,normal,161.8,128.84,1.831
2025-07-16T13:00:00,2,zone2,13,2,0,0,clear,35.43,62.47,680,4,0,0.051,176.95,172.49,179.02,60.56,1.086,0.2537,3,60.3,Aman,0,normal,185.78,157.34,1.506
2025-07-16T13:15:00,2,zone2,13,2,0,1,cloudy,26.31,88.02,680,4,0,0.002,130.63,98.82,80.25,33.77,0.962,0.1453,7,67.32,Aman,0,normal,89.16,136.66,2.639
2025-07-16T13:30:00,3,zone3,13,2,0,1,cloudy,28.15,66.07,430,2,0,0.136,101.06,90.15,118.61,79.54,1.15,0.2096,3,62.94,Aman,1,density_spike,40.64,102.03,3.411
2025-07-16T13:45:00,5,zone5,13,2,0,0,clear,31.43,59.23,360,2,0,0.107,102.86,106.16,155.21,88.56,0.584,0.2949,4,95.53,Aman,1,density_spike,172.74,93.33,5.505
2025-07-16T14:00:00,2,zone2,14,2,0,0,clear,30.27,54.72,680,4,0,0.017,170.9,158.57,146.23,76.69,1.321,0.2332,5,60.37,Aman,0,normal,131.93,190.1,2.55
2025-07-16T14:15:00,4,zone4,14,2,0,0,clear,32.43,52.97,810,5,0,0.042,75.03,46.9,13.82,45.39,0.817,0.0579,6,66.4,Aman,0,normal,30.39,80.08,2.76
2025-07-16T14:30:00,3,zone3,14,2,0,1,cloudy,25.17,68.26,430,2,0,0.029,126.31,119.22,76.07,41.19,0.947,0.2773,3,64.67,Aman,0,normal,131.61,115.69,0.884
2025-07-16T14:45:00,2,zone2,14,2,0,0,clear,29.79,63.82,680,4,0,0.06,120.88,114.66,132.86,59.58,1.447,0.1686,2,72.78,Aman,0,normal,105.41,106.42,0.056
2025-07-16T15:00:00,4,zone4,15,2,0,1,cloudy,28.98,78.0,810,5,0,0.019,108.43,124.43,114.58,68.72,0.935,0.1536,5,66.32,Aman,0,normal,155.04,112.59,2.358
2025-07-16T15:15:00,1,zone1,15,2,0,0,clear,25.67,61.75,520,3,1,0.513,166.96,198.04,236.51,116.99,1.119,0.3808,8,91.48,Waspada,0,normal,231.62,176.57,2.598
2025-07-16T15:30:00,3,zone3,15,2,0,0,clear,30.65,72.0,430,2,0,0.059,137.76,118.88,113.5,56.01,1.054,0.2765,7,71.96,Aman,0,normal,139.85,121.82,1.001
2025-07-16T15:45:00,1,zone1,15,2,0,0,clear,30.3,67.66,520,3,0,0.037,146.67,169.38,149.59,35.09,0.725,0.3257,7,72.3,Aman,0,normal,202.64,163.51,1.994
2025-07-16T16:00:00,1,zone1,16,2,0,0,clear,29.65,76.66,520,3,0,0.127,152.06,159.97,150.59,79.39,1.168,0.3076,7,73.43,Aman,0,normal,186.29,165.0,1.075
2025-07-16T16:15:00,5,zone5,16,2,0,2,rain,27.78,77.47,360,2,0,0.136,55.42,31.53,40.7,58.61,1.199,0.0876,5,70.78,Aman,0,normal,56.72,60.38,0.204
2025-07-16T16:30:00,3,zone3,16,2,0,1,cloudy,32.0,83.66,430,2,0,0.069,164.19,156.94,172.46,62.61,0.815,0.365,8,68.71,Aman,0,normal,142.38,147.98,0.311
2025-07-16T16:45:00,5,zone5,16,2,0,0,clear,30.08,59.36,360,2,0,0.123,143.73,155.2,140.93,87.5,1.046,0.4311,3,68.02,Waspada,0,normal,163.19,154.51,0.468
2025-07-16T17:00:00,2,zone2,17,2,0,0,clear,30.67,66.4,680,4,0,0.012,85.89,111.3,90.1,36.47,1.276,0.1637,8,66.5,Aman,1,density_spike,141.61,77.24,3.577
2025-07-16T17:15:00,5,zone5,17,2,0,0,clear,30.65,63.49,360,2,0,0.02,87.9,80.02,92.48,56.6,1.191,0.2223,6,68.08,Aman,0,normal,83.87,89.09,0.29
2025-07-16T17:30:00,1,zone1,17,2,0,0,clear,31.44,63.5,520,3,0,0.051,192.31,184.41,174.05,48.36,0.262,0.3546,3,89.8,Aman,1,density_spike,470.45,187.97,6.178
2025-07-16T17:45:00,3,zone3,17,2,0,0,clear,29.41,65.27,430,2,0,0.041,157.78,129.62,124.28,79.75,1.007,0.3014,4,63.72,Aman,0,normal,141.84,170.96,1.419
2025-07-16T18:00:00,5,zone5,18,2,0,0,clear,23.28,71.38,360,2,0,0.13,97.65,133.69,156.89,79.82,1.176,0.3714,5,68.42,Waspada,0,normal,142.17,88.6,2.976
2025-07-16T18:15:00,3,zone3,18,2,0,0,clear,32.39,57.15,430,2,1,0.588,156.83,202.52,281.22,121.95,0.732,0.471,7,75.95,Waspada,1,density_spike,229.07,146.73,4.575
2025-07-16T18:30:00,4,zone4,18,2,0,3,storm,27.33,90.76,810,5,0,0.016,73.05,62.93,87.22,31.14,1.391,0.0777,8,69.24,Aman,0,normal,43.74,65.38,1.203
2025-07-16T18:45:00,1,zone1,18,2,0,2,rain,23.89,80.04,520,3,0,0.026,169.06,152.05,179.14,41.64,1.236,0.2924,8,68.36,Aman,0,normal,155.23,183.03,1.266
2025-07-16T19:00:00,5,zone5,19,2,0,0,clear,27.37,74.81,360,2,1,0.698,171.39,212.31,281.45,118.79,0.45,0.5897,8,84.65,Bahaya,1,density_spike,226.27,150.72,4.177
2025-07-16T19:15:00,5,zone5,19,2,0,2,rain,31.65,85.7,360,2,1,0.863,143.1,207.93,327.41,135.99,0.385,0.5776,6,109.42,Bahaya,1,density_spike,56.62,134.32,5.88
2025-07-16T19:30:00,3,zone3,19,2,0,2,rain,27.87,79.53,430,2,0,0.018,53.18,36.7,50.35,69.88,1.176,0.0853,8,64.98,Aman,0,normal,30.73,48.45,0.984
2025-07-16T19:45:00,5,zone5,19,2,0,0,clear,30.88,61.95,360,2,0,0.141,107.88,127.7,170.72,50.32,1.231,0.3547,8,79.86,Aman,0,normal,147.05,108.39,2.148
2025-07-16T20:00:00,4,zone4,20,2,0,1,cloudy,26.56,72.44,810,5,0,0.031,87.23,98.55,142.06,29.45,1.607,0.1217,5,63.41,Aman,0,normal,115.76,94.66,1.173
2025-07-16T20:15:00,5,zone5,20,2,0,1,cloudy,24.66,77.08,360,2,0,0.01,25.24,14.48,54.97,41.5,1.143,0.0402,6,53.57,Aman,0,normal,42.51,26.92,0.866
2025-07-16T20:30:00,3,zone3,20,2,0,1,cloudy,35.02,72.17,430,2,1,1.0,141.27,172.84,298.95,166.21,0.97,0.402,3,93.45,Bahaya,0,normal,136.92,122.4,0.807
2025-07-16T20:45:00,2,zone2,20,2,0,3,storm,24.4,77.64,680,4,0,0.125,77.9,48.82,42.25,52.36,1.254,0.0718,4,71.47,Aman,0,normal,34.99,81.58,2.589
2025-07-16T21:00:00,5,zone5,21,2,0,0,clear,28.11,64.1,360,2,0,0.009,93.45,94.08,82.28,52.97,1.074,0.2613,8,65.15,Aman,0,normal,114.35,95.98,1.021
2025-07-16T21:15:00,5,zone5,21,2,0,0,clear,27.35,52.78,360,2,0,0.159,115.18,124.78,137.88,45.98,1.22,0.3466,5,77.14,Aman,0,normal,116.87,118.76,0.105
2025-07-16T21:30:00,3,zone3,21,2,0,1,cloudy,33.15,68.35,430,2,0,0.126,175.25,184.44,271.31,94.72,1.038,0.4289,6,76.86,Waspada,0,normal,207.18,175.36,1.512
2025-07-16T21:45:00,1,zone1,21,2,0,0,clear,34.45,76.09,520,3,0,0.021,166.72,166.93,170.48,53.81,1.199,0.321,5,74.79,Aman,0,normal,160.34,179.01,0.869
2025-07-16T22:00:00,2,zone2,22,2,0,2,rain,26.2,85.84,680,4,0,0.07,153.8,155.34,146.92,17.47,0.931,0.2284,8,60.62,Aman,0,normal,186.27,157.54,1.52
2025-07-16T22:15:00,1,zone1,22,2,0,0,clear,34.79,78.05,520,3,0,0.051,183.01,187.01,191.2,89.86,0.861,0.3596,4,77.04,Aman,0,normal,164.84,201.31,1.51
2025-07-16T22:30:00,2,zone2,22,2,0,0,clear,28.59,68.03,680,4,0,0.173,169.87,199.24,221.83,88.05,1.308,0.293,7,75.1,Aman,1,density_spike,212.72,153.06,3.248
2025-07-16T22:45:00,3,zone3,22,2,0,0,clear,31.15,58.82,430,2,0,0.023,117.4,114.93,120.01,48.62,0.972,0.2673,6,76.06,Aman,0,normal,147.58,101.81,2.543
2025-07-16T23:00:00,4,zone4,23,2,0,0,clear,32.1,75.45,810,5,0,0.169,121.33,140.82,162.47,68.49,1.266,0.1738,7,77.11,Aman,0,normal,144.09,130.31,0.766
2025-07-16T23:15:00,5,zone5,23,2,0,1,cloudy,28.44,63.19,360,2,0,0.053,59.17,48.26,85.96,85.76,1.283,0.1341,2,55.14,Aman,0,normal,43.27,56.81,0.752
2025-07-16T23:30:00,5,zone5,23,2,0,0,clear,30.4,70.39,360,2,0,0.176,83.11,116.83,103.26,77.08,0.534,0.3245,3,88.88,Aman,1,density_spike,181.77,78.86,4.93
2025-07-16T23:45:00,3,zone3,23,2,0,0,clear,33.95,58.67,430,2,0,0.07,32.12,53.71,38.93,31.64,1.304,0.1249,3,67.36,Aman,0,normal,43.99,32.63,0.631
2025-07-17T00:00:00,5,zone5,0,3,0,2,rain,31.47,85.86,360,2,0,0.126,42.45,52.34,56.26,72.38,1.04,0.1454,8,78.86,Aman,0,normal,43.45,39.84,0.2
2025-07-17T00:15:00,1,zone1,0,3,0,0,clear,32.47,63.22,520,3,1,0.548,180.18,225.68,272.98,124.9,0.927,0.434,2,86.35,Waspada,0,normal,231.67,183.13,2.209
2025-07-17T00:30:00,3,zone3,0,3,0,0,clear,30.53,75.83,430,2,0,0.082,99.87,119.94,97.29,53.04,1.296,0.2789,6,68.74,Aman,0,normal,151.18,99.2,2.887
2025-07-17T00:45:00,5,zone5,0,3,0,0,clear,28.13,58.39,360,2,0,0.083,18.0,34.81,15.61,70.39,1.164,0.0967,7,62.93,Aman,0,normal,8.94,20.15,0.623
2025-07-17T01:00:00,3,zone3,1,3,0,3,storm,25.56,92.97,430,2,0,0.097,67.54,38.14,18.36,37.52,1.1,0.0887,7,67.78,Aman,0,normal,19.23,72.92,2.983
2025-07-17T01:15:00,1,zone1,1,3,0,0,clear,29.21,66.82,520,3,1,0.61,135.37,175.87,195.24,121.4,1.226,0.3382,8,65.07,Waspada,0,normal,174.56,131.98,2.366
2025-07-17T01:30:00,1,zone1,1,3,0,0,clear,30.11,66.57,520,3,0,0.048,122.84,117.91,115.97,52.66,0.922,0.2267,8,67.03,Aman,1,density_spike,71.45,130.42,3.276
2025-07-17T01:45:00,5,zone5,1,3,0,3,storm,30.87,98,360,2,0,0.028,8,4,4,43.2,1.511,0.0111,2,60.25,Aman,0,normal,26.76,8,1.042
2025-07-17T02:00:00,2,zone2,2,3,0,0,clear,34.2,65.92,680,4,0,0.171,165.6,190.08,173.75,79.42,1.106,0.2795,3,64.64,Aman,0,normal,170.03,145.98,1.336
2025-07-17T02:15:00,2,zone2,2,3,0,0,clear,29.99,60.07,680,4,0,0.076,116.22,111.01,100.4,30.42,0.86,0.1632,5,61.95,Aman,0,normal,114.45,119.47,0.279
2025-07-17T02:30:00,4,zone4,2,3,0,0,clear,33.26,55.77,810,5,0,0.167,60.77,78.23,86.07,59.39,0.498,0.0966,4,80.32,Aman,1,density_spike,21.92,66.69,4.476
2025-07-17T02:45:00,5,zone5,2,3,0,2,rain,22.92,79.48,360,2,0,0.038,56.6,37.61,60.37,46.52,1.151,0.1045,5,61.01,Aman,0,normal,22.35,60.11,2.098
2025-07-17T03:00:00,2,zone2,3,3,0,0,clear,27.18,75.33,680,4,0,0.154,99.65,104.55,93.45,39.09,0.42,0.1538,8,82.11,Aman,1,density_spike,183.03,102.86,3.793
2025-07-17T03:15:00,2,zone2,3,3,0,3,storm,28.26,80.61,680,4,0,0.015,82.79,87.53,89.46,53.33,0.71,0.1287,8,67.77,Aman,0,normal,67.41,87.98,1.143
2025-07-17T03:30:00,5,zone5,3,3,0,0,clear,29.38,70.19,360,2,0,0.14,82.6,99.36,57.78,63.25,0.74,0.276,7,73.54,Aman,0,normal,112.64,82.33,1.684
2025-07-17T03:45:00,5,zone5,3,3,0,0,clear,32.99,48,360,2,0,0.169,100.29,114.79,131.96,50.39,0.921,0.3188,2,71.34,Aman,0,normal,115.8,94.35,1.192
2025-07-17T04:00:00,3,zone3,4,3,0,2,rain,25.3,69.32,430,2,0,0.141,113.34,103.42,76.66,72.05,0.912,0.2405,2,77.06,Aman,0,normal,114.92,107.78,0.396
2025-07-17T04:15:00,5,zone5,4,3,0,0,clear,32.42,75.88,360,2,0,0.099,37.43,39.86,51.39,16.91,1.237,0.1107,8,64.7,Aman,0,normal,32.01,33.0,0.055
2025-07-17T04:30:00,2,zone2,4,3,0,0,clear,32.64,68.42,680,4,0,0.06,96.77,99.09,103.78,33.31,1.381,0.1457,8,65.9,Aman,0,normal,134.4,87.37,2.613
2025-07-17T04:45:00,2,zone2,4,3,0,0,clear,26.66,64.84,680,4,0,0.025,126.21,139.72,123.83,64.94,0.797,0.2055,3,54.52,Aman,0,normal,135.99,125.16,0.602
2025-07-17T05:00:00,2,zone2,5,3,0,1,cloudy,33.05,71.21,680,4,0,0.166,131.57,145.96,158.74,72.42,0.8,0.2146,5,62.81,Aman,0,normal,131.24,116.28,0.831
2025-07-17T05:15:00,1,zone1,5,3,0,0,clear,31.66,60.01,520,3,1,0.863,176.46,229.27,260.74,167.19,1.159,0.4409,5,80.73,Bahaya,0,normal,223.72,170.31,2.613
2025-07-17T05:30:00,3,zone3,5,3,0,2,rain,26.57,83.86,430,2,0,0.087,51.31,10.7,44.84,68.33,1.104,0.0249,4,66.39,Aman,0,normal,16.41,47.21,1.711
2025-07-17T05:45:00,1,zone1,5,3,0,2,rain,28.43,87.07,520,3,0,0.122,50.79,18.97,52.42,61.95,0.964,0.0365,4,67.28,Aman,0,normal,-6.81,45.34,2.897
2025-07-17T06:00:00,3,zone3,6,3,0,0,clear,34.97,62.47,430,2,0,0.178,137.61,162.78,160.45,66.98,0.851,0.3786,6,71.01,Waspada,0,normal,155.43,151.69,0.205
2025-07-17T06:15:00,5,zone5,6,3,0,0,clear,31.63,72.03,360,2,0,0.171,58.51,51.18,88.35,54.84,0.905,0.1422,5,63.7,Aman,0,normal,48.95,64.08,0.841
2025-07-17T06:30:00,1,zone1,6,3,0,0,clear,31.8,59.46,520,3,0,0.141,112.87,87.72,75.03,51.27,0.919,0.1687,3,67.61,Aman,0,normal,102.58,113.87,0.627
2025-07-17T06:45:00,3,zone3,6,3,0,0,clear,31.57,85.52,430,2,0,0.102,132.43,160.43,130.99,95.4,0.397,0.3731,8,94.05,Waspada,1,density_spike,37.87,136.72,5.569
2025-07-17T07:00:00,2,zone2,7,3,0,0,clear,30.82,75.28,680,4,0,0.074,100.83,116.22,104.03,64.75,1.411,0.1709,2,61.0,Aman,0,normal,150.97,110.37,2.255
2025-07-17T07:15:00,1,zone1,7,3,0,1,cloudy,29.34,65.76,520,3,0,0.126,157.68,161.32,158.75,58.36,1.252,0.3102,4,74.48,Aman,0,normal,151.25,165.66,0.725
2025-07-17T07:30:00,4,zone4,7,3,0,1,cloudy,29.83,77.79,810,5,0,0.025,121.18,122.44,147.64,56.18,1.288,0.1512,7,63.1,Aman,0,normal,142.82,117.13,1.427
2025-07-17T07:45:00,1,zone1,7,3,0,1,cloudy,33.49,72.07,520,3,0,0.018,120.95,106.36,87.04,64.21,1.05,0.2045,8,67.89,Aman,0,normal,131.06,122.24,0.49
2025-07-17T08:00:00,3,zone3,8,3,0,0,clear,28.2,55.54,430,2,1,0.619,90.32,107.74,131.08,109.29,0.898,0.2506,7,80.96,Waspada,1,density_spike,150.7,85.33,3.632
2025-07-17T08:15:00,1,zone1,8,3,0,0,clear,28.9,53.37,520,3,0,0.108,196.31,225.79,182.45,74.36,0.955,0.4342,7,74.99,Waspada,0,normal,222.88,185.91,1.657
2025-07-17T08:30:00,1,zone1,8,3,0,1,cloudy,23.75,77.84,520,3,1,0.629,138.82,188.02,199.51,62.14,1.048,0.3616,7,81.07,Waspada,0,normal,153.81,153.56,0.014
2025-07-17T08:45:00,5,zone5,8,3,0,0,clear,32.36,58.57,360,2,0,0.042,104.53,108.88,134.92,23.06,1.052,0.3024,7,70.07,Aman,0,normal,79.67,108.66,1.61
2025-07-17T09:00:00,1,zone1,9,3,0,0,clear,32.01,70.94,520,3,0,0.127,155.2,182.07,167.91,67.32,1.097,0.3501,6,71.5,Aman,1,density_spike,206.42,149.14,3.182
2025-07-17T09:15:00,3,zone3,9,3,0,0,clear,32.49,78.51,430,2,0,0.01,140.26,123.23,122.97,35.15,0.921,0.2866,2,59.28,Aman,0,normal,97.68,137.94,2.237
2025-07-17T09:30:00,4,zone4,9,3,0,0,clear,32.81,74.41,810,5,0,0.072,88.56,57.68,23.59,52.34,1.476,0.0712,7,72.26,Aman,0,normal,69.15,77.61,0.47
2025-07-17T09:45:00,2,zone2,9,3,0,0,clear,26.59,54.79,680,4,0,0.177,96.09,98.74,85.98,50.79,1.281,0.1452,5,65.37,Aman,0,normal,126.89,105.68,1.178
2025-07-17T10:00:00,1,zone1,10,3,0,0,clear,30.73,64.2,520,3,0,0.069,194.8,208.38,190.9,112.62,1.132,0.4007,8,76.27,Waspada,0,normal,187.11,210.23,0.917
2025-07-17T10:15:00,5,zone5,10,3,0,1,cloudy,26.55,70.65,360,2,0,0.162,59.33,33.31,57.17,59.43,1.126,0.0925,5,74.12,Aman,0,normal,24.86,66.03,2.287
2025-07-17T10:30:00,2,zone2,10,3,0,0,clear,31.8,71.88,680,4,0,0.116,205.1,223.52,258.94,66.43,1.216,0.3287,4,72.98,Aman,0,normal,239.53,223.08,0.615
2025-07-17T10:45:00,4,zone4,10,3,0,0,clear,30.99,74.38,810,5,0,0.002,112.92,97.91,97.22,67.63,1.045,0.1209,8,76.91,Aman,0,normal,101.03,115.34,0.795
2025-07-17T11:00:00,2,zone2,11,3,0,0,clear,33.22,67.19,680,4,0,0.176,181.01,142.91,158.68,99.69,1.088,0.2102,2,76.96,Aman,0,normal,150.68,166.64,0.798
2025-07-17T11:15:00,3,zone3,11,3,0,0,clear,32.82,56.12,430,2,0,0.099,150.41,171.04,183.08,46.58,0.673,0.3978,7,71.6,Aman,1,density_spike,189.18,132.68,3.139
2025-07-17T11:30:00,3,zone3,11,3,0,3,storm,26.91,87.12,430,2,0,0.121,8,7.38,4,61.42,1.311,0.0172,7,58.3,Aman,0,normal,11.65,8.58,0.171
2025-07-17T11:45:00,4,zone4,11,3,0,0,clear,29.29,59.99,810,5,0,0.151,143.39,156.04,154.07,76.85,0.981,0.1926,5,69.78,Aman,0,normal,162.28,158.95,0.174
2025-07-17T12:00:00,1,zone1,12,3,0,0,clear,33.74,76.91,520,3,0,0.109,169.85,170.36,187.94,71.43,1.126,0.3276,3,63.96,Aman,0,normal,144.36,156.37,0.64
2025-07-17T12:15:00,5,zone5,12,3,0,0,clear,30.59,70.27,360,2,0,0.021,71.67,64.07,32.01,64.72,1.094,0.178,2,52.72,Aman,0,normal,59.86,64.82,0.275
2025-07-17T12:30:00,5,zone5,12,3,0,1,cloudy,27.43,72.82,360,2,0,0.061,100.03,69.08,47.94,34.99,1.195,0.1919,2,62.63,Aman,0,normal,77.2,100.2,1.278
2025-07-17T12:45:00,4,zone4,12,3,0,1,cloudy,25.75,64.13,810,5,1,0.556,102.94,121.01,160.72,92.27,1.212,0.1494,2,82.56,Aman,0,normal,105.33,90.6,0.819
2025-07-17T13:00:00,2,zone2,13,3,0,1,cloudy,32.94,85.69,680,4,1,0.707,148.2,151.1,141.93,141.95,0.401,0.2222,7,97.83,Waspada,1,density_spike,40.63,151.73,6.139
2025-07-17T13:15:00,2,zone2,13,3,0,0,clear,32.18,57.02,680,4,0,0.065,149.56,168.59,178.55,55.94,0.968,0.2479,7,70.96,Aman,0,normal,151.8,139.12,0.705
2025-07-17T13:30:00,2,zone2,13,3,0,0,clear,31.79,62.54,680,4,0,0.108,133.47,108.07,116.48,47.53,1.377,0.1589,8,66.55,Aman,0,normal,94.66,145.45,2.822
2025-07-17T13:45:00,2,zone2,13,3,0,0,clear,30.57,72.47,680,4,0,0.019,128.87,157.45,161.19,54.96,0.479,0.2316,2,90.97,Aman,1,density_spike,277.44,121.69,4.253
2025-07-17T14:00:00,5,zone5,14,3,0,0,clear,27.71,70.98,360,2,0,0.04,151.66,173.02,225.43,51.72,1.007,0.4806,5,74.76,Waspada,0,normal,178.74,162.89,0.811
2025-07-17T14:15:00,2,zone2,14,3,0,0,clear,33.15,69.59,680,4,0,0.015,133.73,128.32,99.02,57.71,1.231,0.1887,3,74.75,Aman,0,normal,122.57,142.95,1.133
2025-07-17T14:30:00,4,zone4,14,3,0,0,clear,30.25,55.58,810,5,0,0.024,86.34,78.16,104.06,73.94,1.11,0.0965,5,68.06,Aman,0,normal,87.23,75.01,0.678
2025-07-17T14:45:00,3,zone3,14,3,0,1,cloudy,31.61,79.22,430,2,0,0.117,64.91,40.92,37.41,54.17,1.458,0.0952,2,63.61,Aman,0,normal,46.78,60.93,0.786
2025-07-17T15:00:00,3,zone3,15,3,0,1,cloudy,31.69,63.04,430,2,0,0.004,126.69,120.44,110.79,63.28,1.195,0.2801,2,66.89,Aman,0,normal,122.81,140.16,0.964
2025-07-17T15:15:00,2,zone2,15,3,0,0,clear,31.94,63.44,680,4,0,0.138,116.63,126.71,160.34,76.95,1.321,0.1863,3,73.75,Aman,0,normal,127.8,112.17,0.869
2025-07-17T15:30:00,1,zone1,15,3,0,0,clear,37.38,67.91,520,3,0,0.048,160.15,168.76,162.27,83.14,0.887,0.3245,7,52.32,Aman,0,normal,176.39,139.57,2.046
2025-07-17T15:45:00,4,zone4,15,3,0,1,cloudy,29.67,70.95,810,5,0,0.034,73.17,77.98,84.89,37.82,0.954,0.0963,3,64.93,Aman,0,normal,74.1,81.85,0.431
2025-07-17T16:00:00,2,zone2,16,3,0,1,cloudy,29.58,74.47,680,4,0,0.155,119.31,142.97,113.83,109.83,0.981,0.2103,2,73.16,Aman,0,normal,107.75,105.21,0.141
2025-07-17T16:15:00,3,zone3,16,3,0,2,rain,28.09,72.32,430,2,0,0.153,119.83,111.35,92.78,82.68,1.139,0.259,3,69.0,Aman,0,normal,72.93,124.92,2.888
2025-07-17T16:30:00,3,zone3,16,3,0,3,storm,23.38,86.74,430,2,0,0.176,74.03,63.42,52.41,36.07,1.146,0.1475,3,67.13,Aman,0,normal,96.34,66.3,1.669
2025-07-17T16:45:00,2,zone2,16,3,0,0,clear,33.87,60.28,680,4,0,0.03,130.71,127.34,125.59,79.06,1.429,0.1873,8,75.42,Aman,0,normal,121.86,139.46,0.978
2025-07-17T17:00:00,4,zone4,17,3,0,2,rain,27.26,88.4,810,5,0,0.122,185.05,162.23,175.54,95.77,1.312,0.2003,5,59.29,Aman,0,normal,190.59,203.86,0.542
2025-07-17T17:15:00,2,zone2,17,3,0,1,cloudy,29.8,69.28,680,4,0,0.099,133.44,145.59,147.81,66.66,1.23,0.2141,5,76.22,Aman,0,normal,188.12,146.11,2.334
2025-07-17T17:30:00,2,zone2,17,3,0,0,clear,36.37,65.16,680,4,0,0.087,138.3,158.42,126.71,72.6,1.03,0.233,8,63.97,Aman,0,normal,139.78,153.22,0.731
2025-07-17T17:45:00,5,zone5,17,3,0,2,rain,26.01,87.42,360,2,0,0.066,74.09,65.11,49.59,68.06,1.383,0.1809,5,62.48,Aman,0,normal,82.81,72.07,0.596
2025-07-17T18:00:00,5,zone5,18,3,0,0,clear,31.44,68.28,360,2,0,0.043,37.94,39.71,55.42,27.9,1.261,0.1103,4,57.65,Aman,0,normal,41.81,36.52,0.294
2025-07-17T18:15:00,3,zone3,18,3,0,1,cloudy,26.56,81.9,430,2,0,0.05,132.85,116.13,151.08,39.98,1.364,0.2701,7,63.67,Aman,0,normal,141.54,114.64,1.494
2025-07-17T18:30:00,4,zone4,18,3,0,0,clear,29.94,68.9,810,5,0,0.144,137.84,147.55,202.04,74.82,1.159,0.1822,7,78.64,Aman,0,normal,163.09,148.51,0.81
2025-07-17T18:45:00,3,zone3,18,3,0,3,storm,26.55,98,430,2,0,0.138,33.97,10.88,41.87,41.64,1.018,0.0253,4,59.03,Aman,0,normal,39.58,32.32,0.403
2025-07-17T19:00:00,1,zone1,19,3,0,0,clear,32.23,61.61,520,3,0,0.049,179.36,173.2,222.69,82.12,1.228,0.3331,4,62.51,Aman,0,normal,167.49,174.7,0.344
2025-07-17T19:15:00,3,zone3,19,3,0,0,clear,32.71,72.19,430,2,0,0.125,143.41,149.8,190.6,47.89,0.954,0.3484,6,69.13,Aman,1,density_spike,181.16,124.45,3.15
2025-07-17T19:30:00,5,zone5,19,3,0,1,cloudy,29.24,73.96,360,2,0,0.139,93.29,93.56,113.43,44.55,0.835,0.2599,3,71.24,Aman,0,normal,95.96,99.53,0.198
2025-07-17T19:45:00,4,zone4,19,3,0,0,clear,30.38,71.69,810,5,0,0.176,98.65,106.32,146.49,70.82,0.974,0.1313,2,64.06,Aman,0,normal,86.4,90.84,0.247
2025-07-17T20:00:00,5,zone5,20,3,0,1,cloudy,29.66,81.83,360,2,0,0.131,127.76,104.33,144.27,64.67,1.079,0.2898,3,60.07,Aman,1,density_spike,77.77,134.74,3.165
2025-07-17T20:15:00,4,zone4,20,3,0,1,cloudy,23.26,79.42,810,5,0,0.103,117.99,99.37,139.07,37.59,1.397,0.1227,4,61.68,Aman,0,normal,119.55,127.68,0.452
2025-07-17T20:30:00,3,zone3,20,3,0,1,cloudy,30.66,85.12,430,2,0,0.085,120.06,65.77,95.13,28.75,1.324,0.153,7,64.7,Aman,0,normal,80.68,122.66,2.332
2025-07-17T20:45:00,3,zone3,20,3,0,0,clear,27.59,79.83,430,2,0,0.031,136.99,132.61,133.38,72.68,1.002,0.3084,2,74.01,Aman,0,normal,138.46,137.22,0.069
2025-07-17T21:00:00,1,zone1,21,3,0,2,rain,23.48,79.44,520,3,0,0.024,150.76,119.99,140.38,45.95,1.032,0.2307,6,73.1,Aman,0,normal,117.7,158.37,2.14
2025-07-17T21:15:00,5,zone5,21,3,0,2,rain,27.94,93.74,360,2,0,0.097,129.81,131.79,163.0,58.84,0.876,0.3661,3,70.4,Aman,0,normal,116.51,145.06,1.586
2025-07-17T21:30:00,3,zone3,21,3,0,0,clear,31.04,69.07,430,2,0,0.173,117.42,113.34,185.9,74.55,1.061,0.2636,7,72.14,Aman,0,normal,135.14,103.67,1.748
2025-07-17T21:45:00,4,zone4,21,3,0,1,cloudy,31.56,81.79,810,5,0,0.118,100.26,89.77,98.21,27.41,0.853,0.1108,2,62.5,Aman,0,normal,89.56,96.52,0.387
2025-07-17T22:00:00,5,zone5,22,3,0,1,cloudy,26.76,73.96,360,2,0,0.007,99.42,87.6,51.48,36.36,0.734,0.2433,2,70.88,Aman,0,normal,114.91,88.34,1.476
2025-07-17T22:15:00,1,zone1,22,3,0,0,clear,30.96,61.49,520,3,0,0.171,134.09,151.14,144.26,75.49,1.027,0.2906,2,63.35,Aman,0,normal,106.39,147.64,2.291
2025-07-17T22:30:00,5,zone5,22,3,0,0,clear,32.25,61.27,360,2,0,0.111,77.68,101.67,117.51,39.88,0.786,0.2824,5,65.75,Aman,0,normal,98.07,81.99,0.894
2025-07-17T22:45:00,1,zone1,22,3,0,0,clear,33.63,71.85,520,3,0,0.07,128.19,125.1,114.32,34.38,1.198,0.2406,7,63.12,Aman,0,normal,113.43,137.63,1.345
2025-07-17T23:00:00,4,zone4,23,3,0,0,clear,27.36,68.46,810,5,0,0.027,69.04,54.59,45.1,62.99,1.516,0.0674,5,71.77,Aman,0,normal,43.22,65.19,1.22
2025-07-17T23:15:00,3,zone3,23,3,0,0,clear,33.88,75.37,430,2,0,0.048,53.41,68.65,67.4,61.71,1.477,0.1597,3,65.63,Aman,0,normal,79.78,49.23,1.697
2025-07-17T23:30:00,2,zone2,23,3,0,0,clear,28.72,71.19,680,4,1,0.629,187.81,232.95,244.47,163.45,1.239,0.3426,4,100.88,Waspada,0,normal,231.36,208.31,0.922
2025-07-17T23:45:00,1,zone1,23,3,0,1,cloudy,28.42,68.6,520,3,0,0.151,116.75,107.79,95.12,76.18,0.865,0.2073,2,66.13,Aman,0,normal,91.9,106.29,0.8
2025-07-18T00:00:00,5,zone5,0,4,0,0,clear,25.93,77.14,360,2,0,0.059,38.71,32.97,20.62,46.23,1.014,0.0916,2,72.69,Aman,0,normal,7.23,34.99,1.542
2025-07-18T00:15:00,3,zone3,0,4,0,1,cloudy,30.64,74.51,430,2,0,0.058,79.5,73.28,49.7,22.97,1.137,0.1704,8,68.85,Aman,0,normal,77.42,88.48,0.615
2025-07-18T00:30:00,2,zone2,0,4,0,1,cloudy,27.17,77.76,680,4,0,0.01,81.19,55.77,51.89,41.89,1.184,0.082,3,57.27,Aman,0,normal,62.33,82.91,1.143
2025-07-18T00:45:00,1,zone1,0,4,0,0,clear,30.29,65.63,520,3,0,0.121,81.44,99.06,102.65,82.23,1.183,0.1905,4,68.68,Aman,0,normal,99.46,80.86,1.033
2025-07-18T01:00:00,2,zone2,1,4,0,2,rain,26.43,89.54,680,4,0,0.067,27.07,4,16.6,43.97,1.192,0.0059,8,62.99,Aman,0,normal,25.46,26.57,0.062
2025-07-18T01:15:00,1,zone1,1,4,0,0,clear,29.27,62.35,520,3,0,0.013,184.74,188.51,191.55,34.02,1.306,0.3625,7,65.36,Aman,0,normal,200.93,187.43,0.6
2025-07-18T01:30:00,4,zone4,1,4,0,0,clear,32.56,65.85,810,5,0,0.1,50.72,58.23,84.81,73.76,1.242,0.0719,5,75.69,Aman,0,normal,34.59,52.83,1.013
2025-07-18T01:45:00,1,zone1,1,4,0,1,cloudy,25.69,79.64,520,3,0,0.166,130.39,139.51,137.35,99.15,1.369,0.2683,6,68.98,Aman,0,normal,118.79,142.11,1.295
2025-07-18T02:00:00,3,zone3,2,4,0,0,clear,30.88,58.14,430,2,0,0.039,28.33,4,4,43.77,1.324,0.0093,8,57.95,Aman,0,normal,-8.18,29.39,2.087
2025-07-18T02:15:00,4,zone4,2,4,0,1,cloudy,28.94,55.43,810,5,0,0.082,36.7,35.2,19.26,73.83,1.288,0.0435,2,62.9,Aman,0,normal,46.3,40.96,0.296
2025-07-18T02:30:00,4,zone4,2,4,0,0,clear,31.22,61.35,810,5,0,0.111,54.45,58.4,70.99,65.04,1.182,0.0721,2,73.84,Aman,0,normal,70.31,49.46,1.158
2025-07-18T02:45:00,2,zone2,2,4,0,2,rain,30.07,83.4,680,4,0,0.127,167.99,163.1,166.25,60.82,0.851,0.2399,4,71.09,Aman,0,normal,141.76,149.93,0.454
2025-07-18T03:00:00,1,zone1,3,4,0,0,clear,31.2,56.2,520,3,0,0.02,60.27,74.64,57.46,38.65,1.207,0.1435,6,63.69,Aman,0,normal,74.15,53.41,1.153
2025-07-18T03:15:00,2,zone2,3,4,0,0,clear,30.88,66.77,680,4,0,0.005,75.9,68.92,118.49,81.49,0.752,0.1014,5,71.82,Aman,0,normal,91.47,66.47,1.389
2025-07-18T03:30:00,2,zone2,3,4,0,1,cloudy,32.28,61.86,680,4,0,0.143,98.63,100.48,98.53,60.07,1.186,0.1478,3,72.35,Aman,0,normal,97.6,101.17,0.198
2025-07-18T03:45:00,3,zone3,3,4,0,0,clear,29.22,77.75,430,2,0,0.001,45.04,73.91,43.74,66.66,0.992,0.1719,3,64.96,Aman,0,normal,68.25,44.42,1.324
2025-07-18T04:00:00,1,zone1,4,4,0,1,cloudy,34.17,77.76,520,3,0,0.104,121.52,118.93,117.01,66.08,0.979,0.2287,3,69.1,Aman,0,normal,134.68,106.63,1.559
2025-07-18T04:15:00,1,zone1,4,4,0,0,clear,30.91,58.57,520,3,1,0.711,136.45,178.91,228.55,118.94,0.879,0.3441,3,77.09,Waspada,0,normal,140.77,134.34,0.357
2025-07-18T04:30:00,3,zone3,4,4,0,1,cloudy,28.72,82.32,430,2,0,0.099,96.51,84.24,71.16,50.91,0.747,0.1959,5,73.99,Aman,0,normal,69.52,103.86,1.908
2025-07-18T04:45:00,4,zone4,4,4,0,3,storm,30.95,82.74,810,5,0,0.175,110.07,95.48,104.96,74.08,1.133,0.1179,3,71.64,Aman,0,normal,104.82,98.37,0.358
2025-07-18T05:00:00,1,zone1,5,4,0,0,clear,29.81,71.94,520,3,0,0.152,110.33,132.19,145.25,75.89,0.291,0.2542,5,93.57,Aman,1,density_spike,253.9,121.46,5.513
2025-07-18T05:15:00,1,zone1,5,4,0,2,rain,25.69,72.3,520,3,0,0.148,119.31,123.49,144.74,61.01,0.896,0.2375,6,68.62,Aman,0,normal,114.78,126.43,0.647
2025-07-18T05:30:00,3,zone3,5,4,0,3,storm,26.29,98,430,2,0,0.096,68.92,52.25,42.41,44.22,1.365,0.1215,4,79.98,Aman,0,normal,44.49,67.65,1.287
2025-07-18T05:45:00,4,zone4,5,4,0,0,clear,30.03,67.72,810,5,0,0.038,51.51,64.39,82.11,64.28,1.522,0.0795,7,72.35,Aman,0,normal,44.12,44.48,0.02
2025-07-18T06:00:00,1,zone1,6,4,0,0,clear,26.08,51.33,520,3,0,0.023,93.12,101.26,82.24,39.5,0.923,0.1947,5,59.55,Aman,0,normal,105.09,86.84,1.014
2025-07-18T06:15:00,4,zone4,6,4,0,0,clear,34.93,49.28,810,5,0,0.129,83.21,124.81,140.95,50.29,1.039,0.1541,7,61.9,Aman,0,normal,125.0,77.31,2.649
2025-07-18T06:30:00,4,zone4,6,4,0,0,clear,33.34,83.38,810,5,0,0.159,106.33,111.56,101.18,93.09,1.202,0.1377,7,79.6,Aman,0,normal,59.25,99.13,2.215
2025-07-18T06:45:00,4,zone4,6,4,0,0,clear,24.81,73.05,810,5,0,0.155,91.54,101.39,92.67,77.39,1.336,0.1252,5,66.24,Aman,0,normal,87.11,83.26,0.214
2025-07-18T07:00:00,5,zone5,7,4,0,0,clear,34.22,73.41,360,2,0,0.015,66.9,56.73,69.93,35.23,0.884,0.1576,6,63.82,Aman,0,normal,17.64,70.21,2.921
2025-07-18T07:15:00,5,zone5,7,4,0,0,clear,28.38,70.61,360,2,0,0.136,157.49,172.86,188.82,66.69,0.778,0.4802,6,91.86,Waspada,0,normal,170.19,145.63,1.364
2025-07-18T07:30:00,2,zone2,7,4,0,2,rain,24.1,82.4,680,4,0,0.027,72.44,34.03,11.45,55.2,0.615,0.05,5,99.21,Aman,1,density_spike,-6.98,79.62,5.538
2025-07-18T07:45:00,5,zone5,7,4,0,0,clear,31.58,51.3,360,2,0,0.067,11.9,4.61,4,46.96,1.534,0.0128,2,58.22,Aman,0,normal,-11.51,12.15,1.315
2025-07-18T08:00:00,4,zone4,8,4,0,0,clear,30.21,60.84,810,5,1,0.51,117.36,119.88,119.79,87.9,1.121,0.148,3,66.49,Aman,0,normal,121.87,104.78,0.949
2025-07-18T08:15:00,4,zone4,8,4,0,0,clear,28.71,70.19,810,5,0,0.041,147.69,145.37,122.13,77.23,0.802,0.1795,6,70.39,Aman,0,normal,112.27,129.58,0.962
2025-07-18T08:30:00,2,zone2,8,4,0,0,clear,29.32,64.82,680,4,0,0.069,165.93,166.17,173.35,101.32,1.256,0.2444,5,64.58,Aman,0,normal,200.52,174.41,1.247
2025-07-18T08:45:00,4,zone4,8,4,0,0,clear,35.43,77.99,810,5,0,0.152,77.28,78.46,53.89,88.45,1.473,0.0969,7,71.82,Aman,0,normal,90.61,68.69,1.217
2025-07-18T09:00:00,1,zone1,9,4,0,0,clear,26.57,68.33,520,3,1,0.597,184.04,203.02,255.63,127.4,0.932,0.3904,7,81.76,Waspada,0,normal,205.15,178.96,1.22
2025-07-18T09:15:00,1,zone1,9,4,0,1,cloudy,28.06,83.12,520,3,1,0.539,227.4,264.38,270.07,142.23,0.945,0.5084,4,71.45,Waspada,0,normal,288.24,226.48,2.272
2025-07-18T09:30:00,5,zone5,9,4,0,2,rain,27.52,94.15,360,2,1,0.992,74.65,124.36,183.07,135.37,0.93,0.3455,5,94.59,Waspada,0,normal,89.93,68.48,1.192
2025-07-18T09:45:00,4,zone4,9,4,0,0,clear,31.01,85.22,810,5,0,0.084,103.28,89.62,84.13,66.27,1.111,0.1106,4,61.39,Aman,1,density_spike,50.9,109.86,3.276
2025-07-18T10:00:00,3,zone3,10,4,0,0,clear,30.39,63.66,430,2,0,0.018,114.88,91.75,99.2,47.3,0.806,0.2134,8,59.59,Aman,0,normal,103.06,126.34,1.294
2025-07-18T10:15:00,3,zone3,10,4,0,1,cloudy,29.96,62.8,430,2,0,0.177,91.38,99.81,103.64,54.03,0.337,0.2321,4,93.64,Aman,1,density_spike,177.39,91.96,5.059
2025-07-18T10:30:00,3,zone3,10,4,0,0,clear,28.96,68.93,430,2,1,0.454,99.58,127.07,134.4,81.48,0.955,0.2955,6,71.14,Waspada,0,normal,130.57,90.83,2.208
2025-07-18T10:45:00,4,zone4,10,4,0,0,clear,30.68,61.91,810,5,0,0.138,122.21,127.77,105.66,58.2,1.022,0.1577,5,67.83,Aman,0,normal,158.69,127.53,1.731
2025-07-18T11:00:00,2,zone2,11,4,0,1,cloudy,26.81,92.11,680,4,0,0.149,95.13,97.15,123.84,76.07,1.194,0.1429,4,74.37,Aman,0,normal,66.48,95.0,1.584
2025-07-18T11:15:00,1,zone1,11,4,0,2,rain,23.06,75.2,520,3,0,0.016,136.79,114.49,109.87,47.18,1.509,0.2202,6,61.06,Aman,0,normal,136.49,121.37,0.84
2025-07-18T11:30:00,2,zone2,11,4,0,1,cloudy,27.68,67.23,680,4,0,0.151,139.45,122.06,136.05,62.72,1.015,0.1795,2,74.37,Aman,0,normal,101.86,149.49,2.646
2025-07-18T11:45:00,3,zone3,11,4,0,1,cloudy,27.44,66.7,430,2,0,0.12,102.2,102.82,108.97,77.08,1.292,0.2391,4,69.35,Aman,0,normal,115.19,114.21,0.055
2025-07-18T12:00:00,3,zone3,12,4,0,0,clear,26.6,59.69,430,2,0,0.14,88.38,75.07,57.99,75.18,1.104,0.1746,5,78.15,Aman,0,normal,72.61,93.87,1.181
2025-07-18T12:15:00,2,zone2,12,4,0,2,rain,24.3,75.36,680,4,1,0.996,204.26,255.9,336.79,138.68,1.042,0.3763,5,91.97,Waspada,1,density_spike,263.33,193.2,3.025
2025-07-18T12:30:00,5,zone5,12,4,0,0,clear,29.98,58.51,360,2,0,0.014,27.39,4,4,34.87,0.267,0.0111,6,81.12,Aman,1,density_spike,-24.0,27.86,4.928
2025-07-18T12:45:00,3,zone3,12,4,0,0,clear,27.64,60.19,430,2,0,0.037,68.24,76.18,93.25,44.82,0.976,0.1772,2,66.66,Aman,0,normal,81.66,68.81,0.714
2025-07-18T13:00:00,4,zone4,13,4,0,2,rain,26.24,81.03,810,5,0,0.053,105.33,94.79,57.15,58.99,0.994,0.117,3,54.36,Aman,0,normal,103.94,109.01,0.282
2025-07-18T13:15:00,1,zone1,13,4,0,0,clear,29.67,54.95,520,3,0,0.134,127.07,151.24,177.83,51.86,1.072,0.2908,5,69.88,Aman,0,normal,155.68,123.04,1.814
2025-07-18T13:30:00,3,zone3,13,4,0,2,rain,27.13,82.49,430,2,1,0.494,125.44,156.81,208.29,135.28,1.059,0.3647,3,88.79,Waspada,1,density_spike,177.79,114.54,3.514
2025-07-18T13:45:00,1,zone1,13,4,0,0,clear,30.96,74.49,520,3,0,0.108,129.98,177.27,164.11,40.63,0.979,0.3409,5,71.39,Aman,1,density_spike,191.53,126.78,3.597
2025-07-18T14:00:00,4,zone4,14,4,0,0,clear,29.81,65.7,810,5,0,0.02,111.49,109.15,88.36,40.52,1.422,0.1347,6,73.15,Aman,0,normal,104.23,104.13,0.005
2025-07-18T14:15:00,1,zone1,14,4,0,0,clear,32.45,69.41,520,3,0,0.144,149.43,145.0,142.87,32.7,1.114,0.2788,2,72.52,Aman,0,normal,141.53,166.28,1.24
2025-07-18T14:30:00,1,zone1,14,4,0,1,cloudy,32.96,77.56,520,3,0,0.043,120.74,100.57,128.53,43.01,1.102,0.1934,5,56.6,Aman,0,normal,119.88,106.92,0.72
2025-07-18T14:45:00,2,zone2,14,4,0,3,storm,27.99,98,680,4,0,0.149,130.57,148.15,141.42,46.45,0.948,0.2179,3,73.35,Aman,0,normal,120.67,135.93,0.847
2025-07-18T15:00:00,4,zone4,15,4,0,2,rain,27.71,79.99,810,5,0,0.101,89.43,73.54,53.64,68.09,0.869,0.0908,4,51.62,Aman,0,normal,60.59,95.7,1.95
2025-07-18T15:15:00,3,zone3,15,4,0,0,clear,30.99,76.73,430,2,0,0.138,133.32,147.9,141.34,77.34,1.097,0.344,5,70.16,Aman,0,normal,142.92,149.2,0.349
2025-07-18T15:30:00,5,zone5,15,4,0,1,cloudy,29.18,88.56,360,2,0,0.143,119.78,123.96,127.84,76.19,1.1,0.3443,3,81.64,Aman,1,density_spike,166.06,103.21,3.492
2025-07-18T15:45:00,2,zone2,15,4,0,0,clear,32.36,74.44,680,4,0,0.055,187.63,179.53,121.02,54.66,1.008,0.264,8,73.93,Aman,0,normal,190.77,165.89,1.25
2025-07-18T16:00:00,4,zone4,16,4,0,0,clear,28.4,64.48,810,5,0,0.082,113.78,128.73,152.01,61.73,1.396,0.1589,6,60.66,Aman,0,normal,145.62,98.97,2.592
2025-07-18T16:15:00,3,zone3,16,4,0,1,cloudy,30.64,78.42,430,2,0,0.115,202.04,222.11,200.55,92.13,0.803,0.5165,3,70.11,Waspada,0,normal,194.89,211.18,0.643
2025-07-18T16:30:00,5,zone5,16,4,0,1,cloudy,28.46,81.29,360,2,0,0.032,66.22,79.4,75.12,45.65,1.095,0.2206,2,64.13,Aman,0,normal,93.0,58.93,1.893
2025-07-18T16:45:00,5,zone5,16,4,0,1,cloudy,27.58,74.28,360,2,0,0.095,38.07,57.55,71.15,68.24,0.931,0.1599,6,64.25,Aman,0,normal,54.96,33.21,1.208
2025-07-18T17:00:00,1,zone1,17,4,0,2,rain,24.8,84.31,520,3,0,0.023,127.46,114.86,83.99,66.77,1.098,0.2209,3,63.96,Aman,0,normal,123.25,110.42,0.713
2025-07-18T17:15:00,5,zone5,17,4,0,0,clear,31.23,55.27,360,2,0,0.149,15.19,48.39,72.31,44.14,0.621,0.1344,5,95.63,Aman,1,density_spike,38.18,13.81,4.533
2025-07-18T17:30:00,5,zone5,17,4,0,0,clear,28.77,70.11,360,2,0,0.01,91.22,122.36,129.01,26.83,1.21,0.3399,3,63.77,Aman,0,normal,133.09,91.31,2.321
2025-07-18T17:45:00,2,zone2,17,4,0,1,cloudy,29.67,75.17,680,4,0,0.112,87.45,69.44,92.56,40.0,1.048,0.1021,4,62.44,Aman,0,normal,57.67,77.16,1.083
2025-07-18T18:00:00,5,zone5,18,4,0,0,clear,32.59,74.36,360,2,0,0.016,49.02,39.81,52.67,77.18,1.142,0.1106,4,75.45,Aman,0,normal,33.72,48.84,0.84
2025-07-18T18:15:00,1,zone1,18,4,0,0,clear,33.12,83.26,520,3,0,0.01,189.09,173.44,232.57,55.65,0.725,0.3335,4,68.22,Aman,0,normal,139.94,167.75,1.382
2025-07-18T18:30:00,2,zone2,18,4,0,0,clear,32.99,64.06,680,4,0,0.091,131.65,130.53,147.08,83.82,0.858,0.192,4,62.58,Aman,0,normal,119.64,113.46,0.343
2025-07-18T18:45:00,2,zone2,18,4,0,1,cloudy,25.85,91.9,680,4,0,0.145,169.53,136.05,173.98,46.93,1.25,0.2001,7,54.19,Aman,0,normal,141.08,171.99,1.498
2025-07-18T19:00:00,2,zone2,19,4,0,0,clear,27.21,69.9,680,4,0,0.066,139.4,152.1,191.49,62.59,1.112,0.2237,5,68.52,Aman,0,normal,181.72,152.69,1.584
2025-07-18T19:15:00,4,zone4,19,4,0,0,clear,31.87,53.01,810,5,0,0.039,112.11,121.66,173.17,85.27,1.333,0.1502,2,62.04,Aman,0,normal,105.49,115.81,0.574
2025-07-18T19:30:00,2,zone2,19,4,0,0,clear,34.7,79.56,680,4,0,0.017,112.55,91.17,109.08,67.19,1.28,0.1341,3,68.88,Aman,0,normal,102.7,98.2,0.25
2025-07-18T19:45:00,3,zone3,19,4,0,2,rain,29.06,89.38,430,2,1,0.804,195.1,253.06,339.73,176.01,0.666,0.5885,6,88.98,Bahaya,1,density_spike,265.62,171.92,4.542
2025-07-18T20:00:00,3,zone3,20,4,0,2,rain,28.55,92.88,430,2,0,0.123,108.09,116.09,157.43,33.6,1.167,0.27,4,68.48,Aman,0,normal,82.63,120.26,2.091
2025-07-18T20:15:00,4,zone4,20,4,0,0,clear,30.36,77.8,810,5,0,0.043,109.78,99.68,127.84,77.98,1.361,0.1231,4,59.01,Aman,0,normal,130.67,107.64,1.279
2025-07-18T20:30:00,2,zone2,20,4,0,3,storm,25.29,95.21,680,4,0,0.057,125.95,89.49,77.12,75.53,1.449,0.1316,3,84.07,Aman,0,normal,81.05,132.43,2.854
2025-07-18T20:45:00,1,zone1,20,4,0,2,rain,23.03,71.18,520,3,0,0.147,191.77,140.26,159.64,93.9,1.264,0.2697,3,68.04,Aman,0,normal,151.99,205.61,2.173
2025-07-18T21:00:00,3,zone3,21,4,0,1,cloudy,26.0,73.45,430,2,0,0.008,130.71,126.26,160.37,67.16,0.472,0.2936,6,81.22,Aman,1,density_spike,288.41,141.91,5.968
2025-07-18T21:15:00,2,zone2,21,4,0,1,cloudy,26.28,76.45,680,4,0,0.017,102.36,111.46,149.38,36.0,0.69,0.1639,8,64.43,Aman,0,normal,128.6,113.61,0.833
2025-07-18T21:30:00,2,zone2,21,4,0,0,clear,26.4,71.46,680,4,0,0.11,118.93,145.4,122.78,49.72,1.078,0.2138,6,67.28,Aman,0,normal,124.52,104.07,1.136
2025-07-18T21:45:00,3,zone3,21,4,0,1,cloudy,30.01,69.26,430,2,0,0.003,163.44,181.14,234.75,68.14,0.744,0.4212,7,62.49,Waspada,0,normal,167.06,154.31,0.689
2025-07-18T22:00:00,3,zone3,22,4,0,0,clear,29.58,74.85,430,2,0,0.129,177.66,180.78,150.55,71.26,1.04,0.4204,3,67.1,Waspada,0,normal,203.77,183.83,0.904
2025-07-18T22:15:00,2,zone2,22,4,0,0,clear,30.31,66.66,680,4,0,0.15,94.14,129.66,128.67,55.53,1.165,0.1907,2,70.43,Aman,0,normal,112.29,96.29,0.889
2025-07-18T22:30:00,3,zone3,22,4,0,0,clear,35.72,61.3,430,2,0,0.031,122.57,113.73,98.37,35.32,0.909,0.2645,3,66.49,Aman,0,normal,137.81,130.06,0.431
2025-07-18T22:45:00,5,zone5,22,4,0,0,clear,27.57,72.35,360,2,0,0.049,98.79,108.21,128.85,78.14,1.144,0.3006,5,68.13,Aman,0,normal,98.87,94.51,0.243
2025-07-18T23:00:00,5,zone5,23,4,0,0,clear,29.38,62.53,360,2,0,0.078,59.86,78.33,59.13,60.89,0.927,0.2176,4,72.01,Aman,0,normal,83.12,52.88,1.68
2025-07-18T23:15:00,1,zone1,23,4,0,0,clear,34.35,75.96,520,3,0,0.007,188.94,188.41,154.67,38.83,0.875,0.3623,2,72.1,Aman,0,normal,156.85,177.19,0.957
2025-07-18T23:30:00,2,zone2,23,4,0,0,clear,32.06,53.31,680,4,0,0.012,106.45,114.97,99.42,63.74,1.03,0.1691,2,70.27,Aman,0,normal,88.74,104.28,0.863
2025-07-18T23:45:00,5,zone5,23,4,0,0,clear,31.81,70.42,360,2,0,0.031,98.07,83.24,55.01,80.08,1.082,0.2312,2,73.49,Aman,0,normal,61.58,99.98,2.134
2025-07-19T00:00:00,4,zone4,0,5,1,0,clear,25.95,49.96,810,5,1,0.756,124.06,198.64,213.97,137.6,0.627,0.2452,4,91.31,Waspada,1,density_spike,178.1,118.21,3.328
2025-07-19T00:15:00,2,zone2,0,5,1,0,clear,33.93,59.8,680,4,0,0.156,119.9,119.2,127.15,63.3,1.016,0.1753,4,70.66,Aman,0,normal,130.23,104.81,1.412
2025-07-19T00:30:00,1,zone1,0,5,1,1,cloudy,26.66,67.24,520,3,0,0.064,141.62,139.77,162.48,52.25,1.032,0.2688,3,55.6,Aman,0,normal,148.58,155.26,0.359
2025-07-19T00:45:00,4,zone4,0,5,1,0,clear,31.9,70.27,810,5,0,0.094,88.99,83.01,82.8,61.18,1.082,0.1025,4,71.92,Aman,0,normal,82.22,95.15,0.719
2025-07-19T01:00:00,1,zone1,1,5,1,2,rain,25.66,86.64,520,3,1,0.989,174.99,236.71,265.19,181.01,1.235,0.4552,5,90.55,Bahaya,1,density_spike,253.1,157.19,5.085
2025-07-19T01:15:00,3,zone3,1,5,1,0,clear,28.76,79.16,430,2,0,0.018,54.18,41.58,46.39,25.45,1.122,0.0967,4,63.76,Aman,0,normal,40.54,53.19,0.702
2025-07-19T01:30:00,3,zone3,1,5,1,1,cloudy,25.11,81.29,430,2,0,0.117,82.06,77.31,56.09,47.55,1.018,0.1798,3,59.59,Aman,0,normal,88.31,73.56,0.819
2025-07-19T01:45:00,5,zone5,1,5,1,2,rain,27.95,76.44,360,2,0,0.141,70.38,63.75,60.31,51.06,1.158,0.1771,8,65.64,Aman,0,normal,50.22,67.6,0.965
2025-07-19T02:00:00,1,zone1,2,5,1,0,clear,30.36,72.93,520,3,0,0.117,154.92,194.64,176.48,65.64,0.951,0.3743,2,80.84,Aman,0,normal,204.32,152.89,2.803
2025-07-19T02:15:00,1,zone1,2,5,1,2,rain,27.91,92.48,520,3,0,0.092,101.36,118.26,77.73,96.88,1.075,0.2274,4,81.77,Aman,0,normal,140.8,108.2,1.811
2025-07-19T02:30:00,2,zone2,2,5,1,0,clear,29.34,57.06,680,4,1,0.572,124.09,180.61,192.64,96.94,1.06,0.2656,8,87.07,Waspada,0,normal,166.87,120.36,2.584
2025-07-19T02:45:00,1,zone1,2,5,1,1,cloudy,30.91,78.1,520,3,0,0.155,171.23,172.93,131.34,72.56,0.968,0.3326,6,65.56,Aman,0,normal,206.35,166.59,1.989
2025-07-19T03:00:00,2,zone2,3,5,1,0,clear,32.77,69.01,680,4,0,0.064,130.84,140.6,108.38,46.76,1.035,0.2068,2,71.94,Aman,0,normal,160.5,115.41,2.505
2025-07-19T03:15:00,4,zone4,3,5,1,1,cloudy,31.18,64.22,810,5,0,0.161,118.92,135.87,176.27,100.5,1.1,0.1677,2,78.86,Aman,0,normal,156.11,110.63,2.527
2025-07-19T03:30:00,4,zone4,3,5,1,0,clear,27.69,75.29,810,5,0,0.013,78.58,76.82,30.12,25.11,0.998,0.0948,2,63.25,Aman,0,normal,92.51,75.71,0.933
2025-07-19T03:45:00,4,zone4,3,5,1,1,cloudy,26.99,83.06,810,5,0,0.158,145.84,122.27,113.62,113.83,0.386,0.151,2,101.45,Aman,1,density_spike,169.08,126.06,4.439
2025-07-19T04:00:00,1,zone1,4,5,1,1,cloudy,27.14,73.88,520,3,0,0.086,105.65,109.49,118.68,28.02,1.459,0.2106,8,66.13,Aman,0,normal,83.41,100.38,0.943
2025-07-19T04:15:00,3,zone3,4,5,1,0,clear,26.14,69.45,430,2,0,0.061,98.14,82.41,119.43,44.88,0.853,0.1916,4,68.57,Aman,0,normal,105.82,96.34,0.526
2025-07-19T04:30:00,2,zone2,4,5,1,0,clear,32.83,70.0,680,4,1,0.589,196.43,234.75,239.88,92.23,1.233,0.3452,7,69.42,Waspada,0,normal,232.07,194.55,1.607
2025-07-19T04:45:00,2,zone2,4,5,1,0,clear,32.52,75.93,680,4,0,0.051,103.35,106.89,99.92,17.79,1.137,0.1572,7,72.93,Aman,0,normal,133.53,102.68,1.714
2025-07-19T05:00:00,5,zone5,5,5,1,1,cloudy,29.14,85.83,360,2,0,0.105,128.44,140.15,152.32,55.83,0.922,0.3893,3,77.04,Aman,0,normal,138.18,114.97,1.29
2025-07-19T05:15:00,2,zone2,5,5,1,0,clear,28.96,67.43,680,4,1,0.695,252.81,305.96,313.51,113.13,0.774,0.4499,8,88.34,Waspada,0,normal,298.72,257.29,1.342
2025-07-19T05:30:00,2,zone2,5,5,1,0,clear,30.13,67.0,680,4,0,0.109,141.31,144.65,132.99,34.05,0.761,0.2127,2,66.32,Aman,0,normal,128.29,135.68,0.41
2025-07-19T05:45:00,1,zone1,5,5,1,0,clear,35.07,71.41,520,3,0,0.149,154.15,213.9,229.33,87.37,1.255,0.4113,7,70.87,Waspada,1,density_spike,224.68,155.56,3.702
2025-07-19T06:00:00,1,zone1,6,5,1,0,clear,29.32,57.01,520,3,0,0.148,135.19,172.08,170.6,73.27,0.773,0.3309,4,76.02,Aman,0,normal,175.48,144.18,1.739
2025-07-19T06:15:00,5,zone5,6,5,1,1,cloudy,29.27,82.99,360,2,1,0.946,64.3,112.19,174.51,152.01,1.127,0.3116,4,82.35,Waspada,0,normal,114.7,65.93,2.709
2025-07-19T06:30:00,2,zone2,6,5,1,0,clear,31.71,75.56,680,4,0,0.111,206.18,225.96,237.19,96.64,1.051,0.3323,2,68.85,Aman,0,normal,227.6,177.8,2.334
2025-07-19T06:45:00,3,zone3,6,5,1,0,clear,30.75,69.24,430,2,0,0.051,81.29,75.57,77.98,77.31,1.112,0.1757,5,70.52,Aman,0,normal,57.9,73.34,0.858
2025-07-19T07:00:00,5,zone5,7,5,1,0,clear,32.72,65.76,360,2,0,0.175,98.6,116.7,115.22,35.34,1.0,0.3242,5,73.88,Aman,0,normal,124.93,96.6,1.574
2025-07-19T07:15:00,2,zone2,7,5,1,0,clear,27.11,77.2,680,4,1,0.758,157.64,197.49,209.83,125.26,0.999,0.2904,6,75.38,Waspada,0,normal,201.54,170.78,1.501
2025-07-19T07:30:00,2,zone2,7,5,1,2,rain,24.84,93.12,680,4,0,0.12,119.65,106.58,107.53,25.76,0.913,0.1567,4,73.82,Aman,0,normal,109.4,104.76,0.258
2025-07-19T07:45:00,4,zone4,7,5,1,0,clear,32.91,64.51,810,5,0,0.043,94.6,82.06,92.56,50.21,1.146,0.1013,6,70.15,Aman,0,normal,91.33,90.37,0.053
2025-07-19T08:00:00,1,zone1,8,5,1,2,rain,26.64,71.03,520,3,0,0.088,163.99,135.2,140.33,84.33,1.158,0.26,4,72.0,Aman,0,normal,118.81,156.43,2.004
2025-07-19T08:15:00,5,zone5,8,5,1,0,clear,27.58,74.08,360,2,0,0.033,113.2,99.67,96.73,43.1,0.918,0.2769,7,75.8,Aman,0,normal,94.2,111.4,0.955
2025-07-19T08:30:00,4,zone4,8,5,1,1,cloudy,26.37,98,810,5,0,0.091,171.65,148.02,141.01,41.25,1.14,0.1827,7,61.06,Aman,0,normal,168.45,185.11,0.75
2025-07-19T08:45:00,3,zone3,8,5,1,0,clear,31.0,72.58,430,2,0,0.134,160.38,214.93,171.13,73.19,0.908,0.4998,8,71.13,Waspada,0,normal,175.44,141.62,1.878
2025-07-19T09:00:00,5,zone5,9,5,1,0,clear,35.35,69.41,360,2,0,0.141,62.86,74.2,52.84,52.5,1.187,0.2061,5,63.97,Aman,0,normal,67.72,55.76,0.665
2025-07-19T09:15:00,2,zone2,9,5,1,0,clear,30.89,68.99,680,4,0,0.02,156.82,163.74,160.18,88.71,0.967,0.2408,8,70.18,Aman,0,normal,145.64,146.38,0.041
2025-07-19T09:30:00,3,zone3,9,5,1,0,clear,29.42,58.4,430,2,0,0.111,145.07,159.68,142.18,70.24,1.015,0.3713,4,75.58,Aman,0,normal,157.61,160.39,0.144
2025-07-19T09:45:00,1,zone1,9,5,1,1,cloudy,27.31,70.57,520,3,0,0.167,185.2,164.02,172.81,65.95,0.9,0.3154,3,68.41,Aman,0,normal,179.98,199.03,0.797
2025-07-19T10:00:00,1,zone1,10,5,1,2,rain,29.76,81.69,520,3,0,0.021,188.93,124.72,119.13,54.22,1.281,0.2399,2,67.17,Aman,0,normal,134.76,164.55,1.508
2025-07-19T10:15:00,3,zone3,10,5,1,1,cloudy,24.31,73.33,430,2,0,0.064,107.71,81.65,78.68,43.75,1.091,0.1899,4,71.17,Aman,0,normal,86.75,113.53,1.488
2025-07-19T10:30:00,2,zone2,10,5,1,2,rain,30.86,75.92,680,4,1,0.894,183.97,233.41,293.09,162.23,0.82,0.3432,5,93.04,Waspada,1,density_spike,242.55,167.27,3.75
2025-07-19T10:45:00,3,zone3,10,5,1,0,clear,34.01,86.29,430,2,0,0.048,142.03,129.54,142.04,75.14,1.183,0.3012,2,74.05,Aman,0,normal,105.21,142.85,2.091
2025-07-19T11:00:00,4,zone4,11,5,1,0,clear,31.29,70.5,810,5,0,0.098,136.7,125.89,98.49,61.63,0.318,0.1554,4,88.64,Aman,1,density_spike,189.36,120.74,3.813
2025-07-19T11:15:00,4,zone4,11,5,1,1,cloudy,28.27,59.12,810,5,0,0.101,116.01,117.35,127.54,59.36,1.184,0.1449,7,58.42,Aman,0,normal,109.02,111.43,0.134
2025-07-19T11:30:00,1,zone1,11,5,1,1,cloudy,31.69,77.42,520,3,0,0.075,181.24,180.68,196.41,79.7,1.039,0.3475,3,88.55,Aman,0,normal,192.51,174.43,0.864
2025-07-19T11:45:00,5,zone5,11,5,1,2,rain,26.26,72.07,360,2,0,0.055,79.49,67.54,69.26,33.8,0.808,0.1876,4,74.82,Aman,0,normal,71.11,87.57,0.915
2025-07-19T12:00:00,5,zone5,12,5,1,1,cloudy,30.07,67.87,360,2,1,0.469,112.93,110.0,120.99,89.47,0.942,0.3056,8,69.7,Waspada,0,normal,93.13,112.06,1.052
2025-07-19T12:15:00,4,zone4,12,5,1,1,cloudy,28.2,78.57,810,5,0,0.113,114.72,125.87,124.5,69.57,1.093,0.1554,7,75.15,Aman,0,normal,126.0,110.95,0.836
2025-07-19T12:30:00,2,zone2,12,5,1,0,clear,32.63,62.51,680,4,0,0.097,211.31,237.33,193.64,109.35,0.932,0.349,4,58.87,Waspada,0,normal,253.82,214.39,1.533
2025-07-19T12:45:00,3,zone3,12,5,1,0,clear,31.76,59.04,430,2,0,0.173,117.12,111.08,149.71,48.92,0.351,0.2583,8,100.13,Aman,1,density_spike,238.92,127.55,5.381
2025-07-19T13:00:00,2,zone2,13,5,1,0,clear,29.81,72.47,680,4,1,0.733,187.14,227.22,265.37,169.04,1.227,0.3342,7,91.1,Waspada,0,normal,223.15,177.05,2.17
2025-07-19T13:15:00,1,zone1,13,5,1,0,clear,30.2,79.08,520,3,0,0.159,199.19,211.73,208.91,68.93,0.81,0.4072,6,76.18,Waspada,0,normal,190.05,174.95,0.719
2025-07-19T13:30:00,1,zone1,13,5,1,2,rain,30.79,73.41,520,3,0,0.012,80.87,79.21,105.29,24.62,1.252,0.1523,7,74.11,Aman,0,normal,100.23,75.45,1.376
2025-07-19T13:45:00,2,zone2,13,5,1,1,cloudy,29.81,54.01,680,4,0,0.171,112.63,145.3,150.99,47.96,0.889,0.2137,8,67.5,Aman,0,normal,137.73,97.28,2.247
2025-07-19T14:00:00,3,zone3,14,5,1,0,clear,28.96,57.71,430,2,0,0.018,84.67,78.0,68.5,57.2,1.25,0.1814,2,69.31,Aman,0,normal,99.1,80.84,1.014
2025-07-19T14:15:00,3,zone3,14,5,1,0,clear,31.85,54.91,430,2,0,0.018,94.12,129.58,114.13,106.83,0.273,0.3013,7,89.3,Aman,1,density_spike,357.8,81.28,4.037
2025-07-19T14:30:00,5,zone5,14,5,1,0,clear,33.11,81.82,360,2,1,0.567,119.52,165.08,192.24,127.92,1.126,0.4585,7,81.87,Waspada,1,density_spike,169.0,109.07,3.329
2025-07-19T14:45:00,4,zone4,14,5,1,1,cloudy,29.19,78.24,810,5,0,0.082,102.77,114.67,127.89,79.82,1.49,0.1416,8,54.81,Aman,0,normal,142.81,106.89,1.996
2025-07-19T15:00:00,5,zone5,15,5,1,3,storm,28.05,73.25,360,2,0,0.167,88.32,93.09,136.55,71.06,1.211,0.2586,2,76.52,Aman,0,normal,105.15,87.0,1.008
2025-07-19T15:15:00,5,zone5,15,5,1,0,clear,28.97,68.33,360,2,0,0.152,99.1,115.0,135.25,66.07,0.95,0.3194,8,69.75,Aman,0,normal,118.24,91.65,1.478
2025-07-19T15:30:00,1,zone1,15,5,1,0,clear,30.03,58.57,520,3,0,0.035,192.09,183.91,195.69,102.44,1.347,0.3537,4,72.5,Waspada,0,normal,194.38,193.65,0.032
2025-07-19T15:45:00,3,zone3,15,5,1,0,clear,28.31,63.1,430,2,0,0.154,117.05,134.48,154.74,50.76,0.885,0.3127,6,60.8,Aman,0,normal,152.45,110.92,2.308
2025-07-19T16:00:00,1,zone1,16,5,1,0,clear,31.96,73.02,520,3,1,0.522,111.6,139.57,175.81,99.9,1.084,0.2684,6,68.95,Waspada,0,normal,103.1,124.6,1.195
2025-07-19T16:15:00,4,zone4,16,5,1,1,cloudy,26.01,67.67,810,5,0,0.162,146.15,100.61,107.2,88.91,0.959,0.1242,8,65.32,Aman,1,density_spike,97.65,154.94,3.081
2025-07-19T16:30:00,1,zone1,16,5,1,3,storm,22.83,90.64,520,3,0,0.163,90.24,54.09,65.78,64.4,0.983,0.104,8,74.07,Aman,0,normal,70.63,88.13,0.972
2025-07-19T16:45:00,4,zone4,16,5,1,0,clear,28.38,53.04,810,5,0,0.088,83.46,81.51,125.48,33.58,1.787,0.1006,7,61.03,Aman,0,normal,101.57,91.07,0.583
2025-07-19T17:00:00,4,zone4,17,5,1,0,clear,34.76,62.37,810,5,0,0.057,102.93,109.61,110.99,61.68,1.179,0.1353,3,70.33,Aman,0,normal,97.04,94.31,0.152
2025-07-19T17:15:00,4,zone4,17,5,1,0,clear,32.31,83.44,810,5,0,0.017,91.25,78.1,93.15,48.77,1.201,0.0964,3,66.37,Aman,0,normal,79.24,98.81,1.087
2025-07-19T17:30:00,5,zone5,17,5,1,0,clear,30.19,67.61,360,2,0,0.109,127.6,141.93,122.49,66.61,1.281,0.3943,5,75.77,Aman,0,normal,125.15,135.51,0.575
2025-07-19T17:45:00,2,zone2,17,5,1,0,clear,28.75,68.81,680,4,1,0.592,236.26,252.18,267.04,115.92,1.4,0.3709,4,75.98,Waspada,0,normal,261.12,238.1,0.806
2025-07-19T18:00:00,3,zone3,18,5,1,1,cloudy,25.42,83.07,430,2,1,0.482,175.24,199.69,273.95,111.3,1.173,0.4644,8,78.63,Waspada,0,normal,193.69,154.59,2.108
2025-07-19T18:15:00,4,zone4,18,5,1,1,cloudy,31.21,66.32,810,5,1,0.821,199.3,240.84,332.85,150.05,1.055,0.2973,3,71.28,Waspada,0,normal,235.76,193.06,1.843
2025-07-19T18:30:00,5,zone5,18,5,1,0,clear,33.09,70.03,360,2,1,0.659,128.95,163.39,237.73,101.28,1.078,0.4539,5,91.67,Waspada,0,normal,117.01,117.34,0.018
2025-07-19T18:45:00,3,zone3,18,5,1,3,storm,26.44,86.27,430,2,0,0.027,51.54,26.92,30.94,49.13,1.033,0.0626,4,58.47,Aman,0,normal,39.47,48.58,0.506
2025-07-19T19:00:00,4,zone4,19,5,1,2,rain,25.83,64.46,810,5,1,0.69,110.54,133.14,224.7,132.48,0.864,0.1644,6,72.37,Waspada,0,normal,166.81,117.28,2.752
2025-07-19T19:15:00,1,zone1,19,5,1,0,clear,28.71,68.39,520,3,1,0.703,320.05,326.78,447.72,131.27,0.366,0.6284,5,99.0,Bahaya,1,density_spike,555.65,296.65,4.818
2025-07-19T19:30:00,3,zone3,19,5,1,0,clear,31.66,76.73,430,2,0,0.052,170.21,137.57,155.48,60.94,0.917,0.3199,6,58.28,Aman,1,density_spike,109.25,174.04,3.102
2025-07-19T19:45:00,3,zone3,19,5,1,2,rain,29.2,83.5,430,2,0,0.172,110.49,121.45,151.88,93.1,0.262,0.2824,6,101.66,Aman,1,density_spike,32.79,120.98,4.2
2025-07-19T20:00:00,3,zone3,20,5,1,1,cloudy,32.94,88.63,430,2,0,0.171,160.54,184.78,215.85,74.53,0.886,0.4297,7,71.95,Waspada,1,density_spike,206.43,138.41,3.778
2025-07-19T20:15:00,3,zone3,20,5,1,0,clear,26.1,69.99,430,2,1,0.757,126.78,167.76,202.29,143.02,1.178,0.3901,2,80.39,Waspada,0,normal,167.57,132.33,1.958
2025-07-19T20:30:00,3,zone3,20,5,1,1,cloudy,30.35,78.31,430,2,0,0.001,125.14,98.65,109.11,73.63,1.354,0.2294,4,64.6,Aman,0,normal,75.39,129.08,2.983
2025-07-19T20:45:00,1,zone1,20,5,1,0,clear,31.98,56.47,520,3,0,0.08,204.64,199.31,283.57,73.49,1.052,0.3833,4,65.75,Aman,0,normal,198.28,202.27,0.164
2025-07-19T21:00:00,1,zone1,21,5,1,1,cloudy,31.51,81.72,520,3,0,0.133,258.42,234.7,244.32,76.66,0.844,0.4514,6,74.19,Waspada,0,normal,228.41,249.74,0.712
2025-07-19T21:15:00,3,zone3,21,5,1,3,storm,25.86,87.52,430,2,1,0.606,147.86,138.58,210.94,114.67,1.135,0.3223,2,78.26,Waspada,0,normal,129.38,140.54,0.62
2025-07-19T21:30:00,4,zone4,21,5,1,0,clear,33.19,60.85,810,5,0,0.143,142.72,131.98,193.71,78.74,1.257,0.1629,8,67.87,Aman,0,normal,113.41,134.3,1.16
2025-07-19T21:45:00,2,zone2,21,5,1,2,rain,24.68,79.18,680,4,0,0.108,182.04,151.08,182.45,105.37,1.004,0.2222,5,76.51,Aman,0,normal,141.52,169.36,1.37
2025-07-19T22:00:00,4,zone4,22,5,1,2,rain,28.03,86.72,810,5,0,0.031,126.37,103.21,87.87,81.04,1.176,0.1274,5,62.8,Aman,0,normal,90.88,124.78,1.883
2025-07-19T22:15:00,3,zone3,22,5,1,0,clear,33.27,64.36,430,2,0,0.008,170.34,189.45,194.18,33.47,1.101,0.4406,5,63.1,Aman,0,normal,199.15,184.47,0.663
2025-07-19T22:30:00,2,zone2,22,5,1,2,rain,28.47,82.43,680,4,0,0.079,108.25,88.46,61.31,63.14,0.754,0.1301,5,65.73,Aman,0,normal,101.65,94.05,0.422
2025-07-19T22:45:00,2,zone2,22,5,1,0,clear,33.04,65.66,680,4,0,0.159,101.67,124.95,145.4,63.61,1.168,0.1838,3,65.21,Aman,1,density_spike,147.18,91.11,3.115
2025-07-19T23:00:00,2,zone2,23,5,1,0,clear,35.86,55.44,680,4,0,0.009,179.43,192.44,191.92,57.47,0.947,0.283,5,58.96,Aman,0,normal,179.52,175.67,0.183
2025-07-19T23:15:00,4,zone4,23,5,1,0,clear,33.2,81.27,810,5,0,0.12,103.42,139.96,113.82,73.09,1.127,0.1728,8,61.48,Aman,1,density_spike,162.17,106.92,3.07
2025-07-19T23:30:00,1,zone1,23,5,1,1,cloudy,31.99,79.74,520,3,1,0.686,210.36,201.83,235.96,127.79,0.709,0.3881,8,78.82,Waspada,0,normal,172.24,194.44,0.952
2025-07-19T23:45:00,2,zone2,23,5,1,1,cloudy,29.29,65.48,680,4,0,0.173,129.94,127.93,107.43,76.77,0.848,0.1881,5,70.18,Aman,0,normal,127.8,118.36,0.525
2025-07-20T00:00:00,3,zone3,0,6,1,0,clear,28.35,75.16,430,2,1,0.917,91.5,139.6,214.7,126.71,0.986,0.3246,5,91.19,Waspada,1,density_spike,162.5,101.69,3.378
2025-07-20T00:15:00,1,zone1,0,6,1,0,clear,33.42,77.17,520,3,0,0.036,161.61,186.7,150.57,45.01,0.989,0.359,2,74.42,Aman,0,normal,193.78,166.67,1.356
2025-07-20T00:30:00,5,zone5,0,6,1,1,cloudy,28.05,65.88,360,2,0,0.137,24.27,33.79,4,44.7,1.17,0.0939,8,73.39,Aman,0,normal,32.2,25.17,0.39
2025-07-20T00:45:00,3,zone3,0,6,1,0,clear,31.6,64.61,430,2,1,0.833,117.56,167.05,213.49,137.7,0.834,0.3885,5,79.36,Waspada,0,normal,171.98,127.9,2.449
2025-07-20T01:00:00,1,zone1,1,6,1,2,rain,29.23,70.95,520,3,0,0.011,95.13,81.39,99.37,65.6,1.103,0.1565,2,68.17,Aman,0,normal,69.54,94.84,1.405
2025-07-20T01:15:00,5,zone5,1,6,1,0,clear,36.22,74.73,360,2,0,0.029,83.2,77.73,73.57,35.19,1.173,0.2159,4,73.18,Aman,0,normal,88.87,86.26,0.145
2025-07-20T01:30:00,3,zone3,1,6,1,2,rain,27.99,63.2,430,2,1,0.929,59.53,138.4,181.51,153.18,0.936,0.3219,3,79.4,Waspada,1,density_spike,128.71,62.2,3.695
2025-07-20T01:45:00,3,zone3,1,6,1,0,clear,30.01,66.65,430,2,0,0.144,49.59,4,4,52.71,1.259,0.0093,6,50.07,Aman,0,normal,4.85,53.0,2.675
2025-07-20T02:00:00,3,zone3,2,6,1,1,cloudy,26.39,75.92,430,2,0,0.026,67.55,58.26,62.2,90.5,1.287,0.1355,5,64.53,Aman,0,normal,68.68,74.54,0.325
2025-07-20T02:15:00,5,zone5,2,6,1,0,clear,27.7,58.37,360,2,0,0.164,91.37,82.08,72.06,42.46,1.035,0.228,6,71.27,Aman,0,normal,69.86,90.27,1.134
2025-07-20T02:30:00,2,zone2,2,6,1,0,clear,33.09,78.07,680,4,0,0.061,103.28,75.83,14.35,83.33,1.378,0.1115,7,63.01,Aman,0,normal,63.84,113.55,2.761
2025-07-20T02:45:00,4,zone4,2,6,1,2,rain,28.24,98,810,5,0,0.114,79.79,60.05,61.59,31.93,1.192,0.0741,8,76.93,Aman,0,normal,68.77,86.96,1.011
2025-07-20T03:00:00,2,zone2,3,6,1,2,rain,27.85,80.44,680,4,1,0.707,129.77,175.97,219.57,100.8,0.645,0.2588,6,86.98,Waspada,0,normal,169.89,130.73,2.175
2025-07-20T03:15:00,3,zone3,3,6,1,0,clear,28.13,67.58,430,2,0,0.023,62.3,62.29,90.73,66.24,1.476,0.1449,6,71.35,Aman,0,normal,49.6,54.38,0.266
2025-07-20T03:30:00,3,zone3,3,6,1,3,storm,24.1,98,430,2,0,0.166,76.53,56.37,65.73,73.26,1.209,0.1311,2,82.43,Aman,0,normal,42.12,83.81,2.316
2025-07-20T03:45:00,2,zone2,3,6,1,0,clear,29.39,66.72,680,4,0,0.173,128.98,126.03,141.25,85.39,1.488,0.1853,3,66.15,Aman,0,normal,131.28,128.07,0.178
2025-07-20T04:00:00,1,zone1,4,6,1,0,clear,29.07,68.66,520,3,0,0.077,168.18,183.02,158.42,67.03,0.67,0.352,8,77.52,Aman,0,normal,156.18,177.92,1.018
2025-07-20T04:15:00,3,zone3,4,6,1,1,cloudy,28.28,75.81,430,2,0,0.098,123.16,109.51,95.84,33.99,0.973,0.2547,2,57.26,Aman,0,normal,93.62,132.63,2.167
2025-07-20T04:30:00,5,zone5,4,6,1,1,cloudy,31.69,65.28,360,2,0,0.158,76.25,59.3,76.7,55.88,1.305,0.1647,4,64.87,Aman,0,normal,72.88,74.88,0.111
2025-07-20T04:45:00,3,zone3,4,6,1,0,clear,29.28,59.35,430,2,1,0.894,166.42,250.64,323.53,145.91,0.596,0.5829,4,100.88,Bahaya,0,normal,224.67,171.56,2.58
2025-07-20T05:00:00,2,zone2,5,6,1,0,clear,31.22,77.87,680,4,0,0.141,175.13,170.68,170.82,46.12,0.981,0.251,3,76.67,Aman,0,normal,146.11,181.14,1.612
2025-07-20T05:15:00,5,zone5,5,6,1,0,clear,28.51,58.48,360,2,0,0.118,155.48,149.0,136.19,44.77,1.261,0.4139,4,71.87,Aman,0,normal,148.21,172.18,1.16
2025-07-20T05:30:00,4,zone4,5,6,1,0,clear,35.19,68.99,810,5,0,0.064,41.75,29.28,4,42.11,1.197,0.0361,7,61.98,Aman,0,normal,27.76,45.05,0.961
2025-07-20T05:45:00,4,zone4,5,6,1,0,clear,30.46,53.92,810,5,1,0.757,162.29,241.49,276.7,104.62,0.818,0.2981,3,89.88,Waspada,1,density_spike,251.74,157.17,5.014
2025-07-20T06:00:00,4,zone4,6,6,1,0,clear,26.72,70.32,810,5,1,0.524,211.57,252.38,273.93,104.18,0.511,0.3116,2,99.56,Waspada,1,density_spike,55.82,212.78,5.522
2025-07-20T06:15:00,2,zone2,6,6,1,0,clear,38.13,66.71,680,4,1,0.808,218.84,253.32,282.55,128.86,1.193,0.3725,8,80.45,Waspada,0,normal,245.82,223.3,0.841
2025-07-20T06:30:00,1,zone1,6,6,1,0,clear,31.06,71.92,520,3,0,0.145,223.86,220.45,213.85,79.98,1.106,0.4239,5,70.64,Waspada,0,normal,211.02,248.96,1.27
2025-07-20T06:45:00,3,zone3,6,6,1,0,clear,30.4,56.66,430,2,0,0.029,55.06,68.21,27.79,47.4,0.971,0.1586,2,64.92,Aman,0,normal,71.09,49.32,1.209
2025-07-20T07:00:00,1,zone1,7,6,1,0,clear,29.18,81.07,520,3,0,0.168,260.2,316.25,342.88,94.4,0.786,0.6082,7,84.22,Waspada,0,normal,287.24,286.46,0.023
2025-07-20T07:15:00,4,zone4,7,6,1,0,clear,32.32,72.13,810,5,0,0.129,140.85,165.14,153.27,77.48,1.134,0.2039,8,56.68,Aman,0,normal,154.69,127.19,1.528
2025-07-20T07:30:00,2,zone2,7,6,1,1,cloudy,29.13,57.78,680,4,0,0.094,128.73,126.34,150.3,82.06,1.111,0.1858,7,80.51,Aman,0,normal,112.08,118.23,0.342
2025-07-20T07:45:00,1,zone1,7,6,1,0,clear,31.38,64.84,520,3,1,0.912,300.0,374.02,406.99,169.67,0.688,0.7193,7,100.64,Bahaya,1,density_spike,416.07,298.0,3.302
2025-07-20T08:00:00,3,zone3,8,6,1,1,cloudy,28.89,88.75,430,2,0,0.082,138.66,141.95,136.58,75.7,0.883,0.3301,6,66.44,Aman,0,normal,143.09,137.83,0.292
2025-07-20T08:15:00,1,zone1,8,6,1,0,clear,32.17,73.61,520,3,0,0.14,227.73,251.32,249.85,100.58,0.714,0.4833,4,74.83,Waspada,0,normal,239.44,212.61,1.052
2025-07-20T08:30:00,2,zone2,8,6,1,0,clear,29.52,56.19,680,4,1,0.789,257.46,320.22,389.04,164.14,0.373,0.4709,6,114,Bahaya,1,density_spike,738.88,287.71,5.171
2025-07-20T08:45:00,1,zone1,8,6,1,0,clear,30.37,64.62,520,3,0,0.042,149.52,139.13,151.62,67.16,1.147,0.2676,8,63.0,Aman,0,normal,139.35,159.35,1.046
2025-07-20T09:00:00,1,zone1,9,6,1,0,clear,33.3,60.11,520,3,1,0.52,196.3,237.86,255.54,94.13,0.955,0.4574,6,75.91,Waspada,0,normal,219.57,216.14,0.132
2025-07-20T09:15:00,4,zone4,9,6,1,0,clear,29.27,66.11,810,5,1,0.682,135.04,164.74,182.29,127.56,1.418,0.2034,3,87.69,Waspada,0,normal,173.14,146.5,1.48
2025-07-20T09:30:00,3,zone3,9,6,1,1,cloudy,27.48,79.05,430,2,0,0.156,106.87,138.17,134.17,72.89,0.327,0.3213,7,92.5,Aman,1,density_spike,196.5,109.2,4.67
2025-07-20T09:45:00,5,zone5,9,6,1,2,rain,23.64,78.16,360,2,0,0.1,67.61,67.07,49.05,26.37,1.347,0.1863,3,69.54,Aman,0,normal,90.29,62.87,1.523
2025-07-20T10:00:00,1,zone1,10,6,1,1,cloudy,28.4,80.59,520,3,1,0.707,254.26,294.34,311.68,114.79,0.376,0.566,5,114,Bahaya,1,density_spike,553.63,265.03,5.509
2025-07-20T10:15:00,1,zone1,10,6,1,0,clear,30.23,67.75,520,3,0,0.073,162.1,160.31,151.21,59.37,1.221,0.3083,4,71.68,Aman,0,normal,170.7,154.74,0.859
2025-07-20T10:30:00,1,zone1,10,6,1,1,cloudy,33.76,82.04,520,3,1,0.588,181.91,188.53,256.1,152.07,0.881,0.3626,5,75.01,Waspada,0,normal,165.83,169.3,0.171
2025-07-20T10:45:00,3,zone3,10,6,1,1,cloudy,23.99,72.56,430,2,0,0.102,135.55,131.6,156.79,71.92,0.736,0.306,2,74.93,Aman,0,normal,98.84,135.82,2.054
2025-07-20T11:00:00,5,zone5,11,6,1,2,rain,25.97,77.42,360,2,1,0.683,69.46,108.31,141.82,141.32,1.119,0.3009,5,73.23,Waspada,0,normal,96.56,74.56,1.222
2025-07-20T11:15:00,5,zone5,11,6,1,1,cloudy,26.27,68.72,360,2,1,0.528,112.21,107.9,133.56,103.73,0.77,0.2997,7,71.84,Waspada,0,normal,116.09,116.34,0.014
2025-07-20T11:30:00,2,zone2,11,6,1,1,cloudy,28.88,76.89,680,4,0,0.122,189.15,165.1,199.71,64.44,0.746,0.2428,4,66.76,Aman,0,normal,160.29,187.09,1.194
2025-07-20T11:45:00,1,zone1,11,6,1,2,rain,26.09,92.53,520,3,0,0.165,161.27,124.5,120.61,50.9,0.39,0.2394,3,84.52,Aman,1,density_spike,32.91,168.35,3.929
2025-07-20T12:00:00,4,zone4,12,6,1,0,clear,34.98,70.39,810,5,0,0.01,85.77,104.5,90.46,64.64,0.969,0.129,3,76.8,Aman,0,normal,128.3,83.92,2.465
2025-07-20T12:15:00,1,zone1,12,6,1,0,clear,28.81,61.68,520,3,0,0.069,213.16,206.62,221.71,49.93,1.095,0.3973,3,76.18,Aman,0,normal,245.53,186.38,2.645
2025-07-20T12:30:00,2,zone2,12,6,1,1,cloudy,32.09,73.57,680,4,0,0.061,111.04,96.9,81.45,60.49,1.114,0.1425,6,76.85,Aman,0,normal,83.66,105.99,1.241
2025-07-20T12:45:00,4,zone4,12,6,1,0,clear,29.36,68.22,810,5,1,0.803,163.69,209.14,305.99,119.66,1.288,0.2582,2,88.03,Waspada,0,normal,220.75,169.48,2.521
2025-07-20T13:00:00,2,zone2,13,6,1,0,clear,34.56,62.37,680,4,0,0.06,144.85,166.67,189.07,39.06,1.151,0.2451,7,68.26,Aman,1,density_spike,204.42,142.36,3.448
2025-07-20T13:15:00,3,zone3,13,6,1,2,rain,30.25,80.48,430,2,0,0.086,50.48,20.96,46.66,69.74,1.148,0.0488,4,73.56,Aman,0,normal,21.13,46.75,1.423
2025-07-20T13:30:00,5,zone5,13,6,1,2,rain,28.57,76.71,360,2,0,0.113,38.82,31.08,54.15,68.86,1.052,0.0863,8,65.51,Aman,0,normal,-3.04,41.82,2.492
2025-07-20T13:45:00,2,zone2,13,6,1,0,clear,34.83,63.53,680,4,0,0.173,192.8,219.87,263.1,77.73,1.11,0.3233,5,67.04,Aman,0,normal,235.37,186.97,2.157
2025-07-20T14:00:00,2,zone2,14,6,1,0,clear,32.81,68.62,680,4,0,0.123,191.72,194.24,202.74,78.63,1.112,0.2856,4,69.99,Aman,0,normal,160.73,177.68,0.795
2025-07-20T14:15:00,2,zone2,14,6,1,3,storm,25.74,73.14,680,4,0,0.106,79.8,51.6,28.08,30.86,1.02,0.0759,6,70.79,Aman,0,normal,50.83,70.47,1.091
2025-07-20T14:30:00,3,zone3,14,6,1,1,cloudy,29.92,82.18,430,2,0,0.116,102.95,109.69,80.75,48.16,1.122,0.2551,5,72.36,Aman,0,normal,113.89,108.45,0.303
2025-07-20T14:45:00,2,zone2,14,6,1,1,cloudy,29.18,66.65,680,4,0,0.097,134.68,115.06,66.37,46.56,1.045,0.1692,5,73.74,Aman,0,normal,110.81,150.65,2.204
2025-07-20T15:00:00,3,zone3,15,6,1,0,clear,35.82,67.46,430,2,1,0.524,149.08,194.4,233.99,118.26,1.008,0.4521,7,74.62,Waspada,1,density_spike,215.9,140.09,4.212
2025-07-20T15:15:00,3,zone3,15,6,1,3,storm,24.76,85.28,430,2,0,0.02,90.87,68.37,46.5,45.1,0.954,0.159,3,58.41,Aman,0,normal,47.41,94.74,2.63
2025-07-20T15:30:00,5,zone5,15,6,1,0,clear,31.13,63.93,360,2,0,0.154,108.21,134.22,104.02,75.3,0.884,0.3728,2,61.86,Waspada,0,normal,133.16,93.09,2.226
2025-07-20T15:45:00,3,zone3,15,6,1,0,clear,32.49,64.66,430,2,0,0.08,147.51,125.08,105.41,50.8,0.628,0.2909,2,65.7,Aman,1,density_spike,94.33,152.9,3.192
2025-07-20T16:00:00,1,zone1,16,6,1,3,storm,31.11,76.6,520,3,1,0.562,154.52,216.42,261.14,94.9,0.887,0.4162,2,82.85,Waspada,1,density_spike,222.38,161.27,3.158
2025-07-20T16:15:00,3,zone3,16,6,1,1,cloudy,26.13,74.43,430,2,0,0.009,59.24,44.47,13.49,19.67,1.422,0.1034,3,69.01,Aman,0,normal,70.02,53.18,0.936
2025-07-20T16:30:00,4,zone4,16,6,1,0,clear,32.04,82.58,810,5,1,0.792,170.53,224.41,253.83,160.72,1.048,0.2771,8,88.04,Waspada,0,normal,190.74,180.29,0.483
2025-07-20T16:45:00,4,zone4,16,6,1,0,clear,29.17,59.6,810,5,0,0.075,110.69,104.53,98.28,35.68,0.915,0.129,5,69.52,Aman,0,normal,82.64,104.41,1.209
2025-07-20T17:00:00,2,zone2,17,6,1,0,clear,29.54,74.93,680,4,0,0.106,175.17,176.32,151.63,75.77,1.359,0.2593,7,65.57,Aman,0,normal,138.19,154.53,0.881
2025-07-20T17:15:00,5,zone5,17,6,1,0,clear,29.01,59.45,360,2,0,0.066,134.88,150.35,154.54,34.61,0.585,0.4176,7,68.46,Aman,0,normal,144.94,134.49,0.58
2025-07-20T17:30:00,2,zone2,17,6,1,0,clear,29.15,72.19,680,4,0,0.138,110.21,118.87,115.7,36.0,1.03,0.1748,3,64.64,Aman,0,normal,98.88,116.89,1.001
2025-07-20T17:45:00,4,zone4,17,6,1,0,clear,33.43,67.71,810,5,0,0.047,152.13,164.7,194.86,68.53,0.949,0.2033,2,54.05,Aman,0,normal,190.46,158.97,1.651
2025-07-20T18:00:00,5,zone5,18,6,1,0,clear,29.9,80.67,360,2,0,0.137,147.75,186.36,220.68,48.66,0.707,0.5177,2,69.57,Waspada,0,normal,198.81,161.66,1.915
2025-07-20T18:15:00,2,zone2,18,6,1,0,clear,31.2,68.02,680,4,0,0.134,138.52,160.54,182.12,44.28,1.125,0.2361,4,67.59,Aman,0,normal,144.5,139.46,0.28
2025-07-20T18:30:00,4,zone4,18,6,1,0,clear,30.63,53.98,810,5,0,0.159,141.9,178.72,203.5,49.8,1.167,0.2206,8,65.9,Aman,1,density_spike,189.41,128.17,3.402
2025-07-20T18:45:00,2,zone2,18,6,1,1,cloudy,28.98,75.31,680,4,0,0.091,118.12,111.15,156.71,57.02,0.99,0.1635,4,58.18,Aman,0,normal,134.84,130.14,0.261
2025-07-20T19:00:00,3,zone3,19,6,1,0,clear,31.22,72.8,430,2,0,0.087,157.96,130.47,163.38,59.48,0.932,0.3034,8,69.44,Aman,1,density_spike,75.07,142.66,3.755
2025-07-20T19:15:00,2,zone2,19,6,1,0,clear,29.57,71.51,680,4,0,0.074,215.23,208.36,253.47,65.89,0.71,0.3064,7,59.81,Aman,0,normal,250.35,203.33,1.927
2025-07-20T19:30:00,1,zone1,19,6,1,0,clear,30.1,66.81,520,3,1,0.651,284.75,281.7,393.82,148.33,0.75,0.5417,3,72.58,Bahaya,0,normal,243.89,253.15,0.305
2025-07-20T19:45:00,1,zone1,19,6,1,1,cloudy,30.32,72.88,520,3,1,0.686,286.69,335.31,436.46,166.48,0.768,0.6448,3,87.62,Bahaya,0,normal,324.06,256.96,2.176
2025-07-20T20:00:00,4,zone4,20,6,1,0,clear,34.26,77.04,810,5,0,0.065,100.28,78.82,72.12,54.34,1.239,0.0973,3,64.68,Aman,1,density_spike,36.28,107.59,3.962
2025-07-20T20:15:00,1,zone1,20,6,1,1,cloudy,26.19,78.42,520,3,1,0.672,272.86,309.81,382.15,157.78,0.621,0.5958,2,86.06,Bahaya,0,normal,306.08,296.43,0.271
2025-07-20T20:30:00,5,zone5,20,6,1,0,clear,30.48,63.19,360,2,0,0.034,92.03,129.87,169.58,5,1.182,0.3607,3,70.49,Aman,0,normal,153.75,100.12,2.979
2025-07-20T20:45:00,3,zone3,20,6,1,0,clear,30.11,75.12,430,2,0,0.016,172.43,180.0,209.69,57.27,1.276,0.4186,8,74.36,Aman,0,normal,171.95,161.83,0.521
2025-07-20T21:00:00,2,zone2,21,6,1,2,rain,25.63,84.85,680,4,0,0.096,137.63,115.18,135.16,72.15,0.807,0.1694,8,76.29,Aman,0,normal,104.79,147.05,2.348
2025-07-20T21:15:00,3,zone3,21,6,1,0,clear,32.06,82.22,430,2,0,0.118,154.64,171.75,200.45,83.28,0.882,0.3994,4,70.0,Waspada,1,density_spike,229.75,154.35,4.071
2025-07-20T21:30:00,3,zone3,21,6,1,0,clear,29.25,64.29,430,2,0,0.083,161.92,177.22,223.65,87.64,0.618,0.4122,2,77.17,Waspada,0,normal,171.98,140.27,1.762
2025-07-20T21:45:00,3,zone3,21,6,1,0,clear,38.12,58.97,430,2,0,0.096,144.26,141.39,192.55,89.84,0.936,0.3288,3,75.85,Aman,0,normal,145.18,128.76,0.912
2025-07-20T22:00:00,4,zone4,22,6,1,0,clear,28.24,67.31,810,5,0,0.067,130.63,147.96,139.79,64.58,1.108,0.1827,4,72.47,Aman,0,normal,107.72,123.02,0.85
2025-07-20T22:15:00,1,zone1,22,6,1,0,clear,24.19,62.63,520,3,0,0.111,213.0,244.88,253.84,80.58,0.727,0.4709,2,66.71,Waspada,0,normal,206.93,214.15,0.281
2025-07-20T22:30:00,1,zone1,22,6,1,1,cloudy,28.36,75.66,520,3,0,0.066,163.65,154.18,120.31,73.98,1.504,0.2965,6,69.47,Aman,0,normal,173.74,145.76,1.555
2025-07-20T22:45:00,1,zone1,22,6,1,0,clear,31.27,65.28,520,3,0,0.034,238.77,254.15,258.42,71.0,0.593,0.4888,3,68.16,Waspada,0,normal,282.3,213.39,2.691
2025-07-20T23:00:00,3,zone3,23,6,1,1,cloudy,32.84,80.04,430,2,1,0.912,152.41,198.96,235.18,179.23,1.146,0.4627,7,86.75,Bahaya,0,normal,179.4,166.12,0.666
2025-07-20T23:15:00,1,zone1,23,6,1,0,clear,29.91,60.44,520,3,0,0.034,177.73,190.0,220.29,56.58,0.851,0.3654,6,64.09,Aman,0,normal,193.44,192.09,0.058
2025-07-20T23:30:00,2,zone2,23,6,1,0,clear,30.27,70.44,680,4,0,0.163,146.21,161.03,189.05,99.35,1.257,0.2368,6,68.73,Aman,0,normal,160.07,149.65,0.579
2025-07-20T23:45:00,4,zone4,23,6,1,0,clear,28.99,68.46,810,5,1,0.494,100.85,102.11,129.09,96.05,0.871,0.1261,5,70.61,Aman,0,normal,119.23,102.51,0.929
2025-07-21T00:00:00,3,zone3,0,0,0,0,clear,31.76,57.49,430,2,0,0.006,102.65,80.5,110.15,71.4,1.13,0.1872,8,63.61,Aman,0,normal,83.84,107.55,1.317
2025-07-21T00:15:00,4,zone4,0,0,0,0,clear,30.82,66.94,810,5,0,0.042,35.67,50.03,4,76.65,1.066,0.0618,5,65.82,Aman,0,normal,86.55,32.92,2.98
2025-07-21T00:30:00,4,zone4,0,0,0,1,cloudy,26.66,77.73,810,5,0,0.104,62.95,38.76,42.74,48.84,1.432,0.0479,4,75.95,Aman,0,normal,43.62,58.12,0.805
2025-07-21T00:45:00,3,zone3,0,0,0,0,clear,33.83,70.67,430,2,0,0.026,88.51,103.02,94.66,60.01,1.5,0.2396,6,51.86,Aman,0,normal,98.91,79.78,1.063
2025-07-21T01:00:00,1,zone1,1,0,0,0,clear,32.56,74.01,520,3,0,0.058,160.59,176.32,190.41,63.97,0.815,0.3391,8,67.38,Aman,0,normal,169.59,172.61,0.146
2025-07-21T01:15:00,4,zone4,1,0,0,0,clear,30.53,60.23,810,5,0,0.058,93.48,103.58,63.22,41.6,0.841,0.1279,6,62.41,Aman,0,normal,95.93,86.84,0.505
2025-07-21T01:30:00,3,zone3,1,0,0,0,clear,26.23,77.47,430,2,1,0.572,107.28,147.31,147.31,74.23,0.878,0.3426,2,79.43,Waspada,1,density_spike,161.85,100.94,3.384
2025-07-21T01:45:00,4,zone4,1,0,0,0,clear,30.8,73.37,810,5,0,0.127,59.74,69.83,71.43,55.22,1.51,0.0862,5,67.17,Aman,0,normal,32.21,53.34,1.174
2025-07-21T02:00:00,3,zone3,2,0,0,1,cloudy,31.82,77.92,430,2,0,0.092,91.58,56.67,62.22,38.28,1.005,0.1318,5,64.92,Aman,1,density_spike,12.83,91.83,4.389
2025-07-21T02:15:00,2,zone2,2,0,0,0,clear,28.61,75.12,680,4,0,0.163,51.64,66.74,50.51,67.27,1.356,0.0981,6,62.18,Aman,0,normal,85.97,55.98,1.666
2025-07-21T02:30:00,4,zone4,2,0,0,0,clear,28.83,79.05,810,5,0,0.128,97.19,89.74,100.11,69.78,1.028,0.1108,3,78.04,Aman,0,normal,97.78,96.21,0.087
2025-07-21T02:45:00,1,zone1,2,0,0,0,clear,31.1,64.77,520,3,0,0.058,143.34,128.89,152.23,70.5,0.932,0.2479,4,71.63,Aman,0,normal,132.78,148.78,0.889
2025-07-21T03:00:00,4,zone4,3,0,0,1,cloudy,30.43,64.16,810,5,0,0.062,64.98,60.33,55.52,16.4,1.387,0.0745,4,64.86,Aman,0,normal,85.23,67.51,0.984
2025-07-21T03:15:00,2,zone2,3,0,0,0,clear,30.2,67.64,680,4,0,0.06,171.61,130.92,157.23,67.16,1.333,0.1925,5,70.97,Aman,0,normal,111.55,170.19,2.871
2025-07-21T03:30:00,5,zone5,3,0,0,0,clear,31.2,75.57,360,2,0,0.169,73.81,78.21,111.09,65.55,1.159,0.2172,8,67.11,Aman,0,normal,71.39,75.92,0.252
2025-07-21T03:45:00,3,zone3,3,0,0,0,clear,33.06,61.57,430,2,0,0.049,97.66,135.82,141.19,80.77,0.984,0.3159,3,69.6,Aman,0,normal,124.22,95.6,1.59
2025-07-21T04:00:00,4,zone4,4,0,0,0,clear,32.51,70.21,810,5,0,0.173,71.48,72.34,100.71,70.64,1.242,0.0893,7,64.12,Aman,0,normal,43.36,72.23,1.604
2025-07-21T04:15:00,5,zone5,4,0,0,1,cloudy,32.53,89.5,360,2,1,0.939,80.73,117.34,147.75,119.41,0.965,0.3259,5,89.43,Waspada,0,normal,108.81,87.26,1.197
2025-07-21T04:30:00,5,zone5,4,0,0,2,rain,22.07,86.74,360,2,0,0.013,95.51,62.21,72.22,36.28,1.2,0.1728,2,68.93,Aman,1,density_spike,41.96,101.79,3.324
2025-07-21T04:45:00,5,zone5,4,0,0,2,rain,26.6,72.83,360,2,0,0.134,82.81,70.39,51.23,86.87,1.256,0.1955,3,83.28,Aman,0,normal,61.45,76.51,0.836
2025-07-21T05:00:00,5,zone5,5,0,0,1,cloudy,30.12,77.58,360,2,0,0.14,58.42,69.2,93.89,60.07,1.131,0.1922,2,77.81,Aman,0,normal,51.45,61.3,0.547
2025-07-21T05:15:00,4,zone4,5,0,0,2,rain,28.14,74.08,810,5,0,0.068,142.78,127.55,133.29,44.19,1.009,0.1575,5,70.19,Aman,0,normal,109.14,141.15,1.779
2025-07-21T05:30:00,5,zone5,5,0,0,3,storm,25.45,84.28,360,2,0,0.13,97.55,84.03,82.89,57.05,1.149,0.2334,5,81.23,Aman,0,normal,75.74,89.21,0.748
2025-07-21T05:45:00,5,zone5,5,0,0,0,clear,34.81,64.45,360,2,0,0.053,30.44,7.86,58.02,33.06,1.175,0.0218,8,63.18,Aman,0,normal,-7.73,32.32,2.225
2025-07-21T06:00:00,3,zone3,6,0,0,0,clear,34.64,53.49,430,2,0,0.079,123.03,153.41,161.32,44.76,1.238,0.3568,3,67.07,Aman,0,normal,117.67,113.46,0.234
2025-07-21T06:15:00,5,zone5,6,0,0,0,clear,31.19,66.14,360,2,0,0.018,106.41,73.41,43.23,23.84,0.707,0.2039,3,60.58,Aman,0,normal,58.61,105.56,2.609
2025-07-21T06:30:00,3,zone3,6,0,0,0,clear,28.52,48,430,2,0,0.112,75.98,101.31,121.73,53.59,1.054,0.2356,4,65.4,Aman,0,normal,122.37,78.4,2.443
2025-07-21T06:45:00,4,zone4,6,0,0,0,clear,31.49,61.16,810,5,0,0.079,116.53,128.91,145.94,54.17,1.07,0.1591,4,63.64,Aman,0,normal,140.89,130.12,0.598
2025-07-21T07:00:00,3,zone3,7,0,0,1,cloudy,32.04,89.8,430,2,0,0.021,63.93,78.08,101.64,39.82,1.282,0.1816,8,64.49,Aman,0,normal,65.68,62.93,0.153
2025-07-21T07:15:00,3,zone3,7,0,0,0,clear,28.89,49.1,430,2,0,0.018,102.02,87.76,84.35,77.4,1.274,0.2041,4,70.51,Aman,0,normal,116.7,102.06,0.814
2025-07-21T07:30:00,4,zone4,7,0,0,0,clear,32.02,77.22,810,5,0,0.026,183.35,208.03,197.81,84.17,0.925,0.2568,6,69.19,Aman,0,normal,166.85,158.33,0.448
2025-07-21T07:45:00,2,zone2,7,0,0,0,clear,28.17,78.22,680,4,0,0.164,109.65,94.66,115.57,80.82,1.65,0.1392,3,79.65,Aman,0,normal,75.58,114.77,2.177
2025-07-21T08:00:00,5,zone5,8,0,0,2,rain,29.9,89.48,360,2,0,0.051,71.54,44.81,30.68,46.36,1.112,0.1245,5,69.43,Aman,0,normal,51.94,78.69,1.486
2025-07-21T08:15:00,4,zone4,8,0,0,0,clear,29.92,75.54,810,5,0,0.175,87.32,89.14,82.15,66.59,1.234,0.1101,3,68.37,Aman,0,normal,91.69,75.62,0.893
2025-07-21T08:30:00,2,zone2,8,0,0,1,cloudy,30.94,87.89,680,4,0,0.033,136.44,126.11,113.27,53.09,1.473,0.1854,4,68.07,Aman,0,normal,131.12,145.19,0.782
2025-07-21T08:45:00,2,zone2,8,0,0,0,clear,29.78,65.74,680,4,0,0.161,161.62,146.67,163.65,55.14,0.775,0.2157,7,67.42,Aman,0,normal,149.24,156.47,0.385
2025-07-21T09:00:00,4,zone4,9,0,0,0,clear,30.42,63.11,810,5,1,0.762,57.47,140.5,140.97,116.78,0.774,0.1735,6,76.61,Waspada,1,density_spike,162.82,60.72,5.672
2025-07-21T09:15:00,5,zone5,9,0,0,0,clear,35.92,62.49,360,2,0,0.162,86.33,101.94,104.34,70.39,0.901,0.2832,2,57.96,Aman,0,normal,128.62,77.91,2.817
2025-07-21T09:30:00,4,zone4,9,0,0,1,cloudy,28.07,79.05,810,5,1,0.684,157.59,203.36,192.59,104.69,1.015,0.2511,3,82.63,Waspada,0,normal,194.99,158.45,1.922
2025-07-21T09:45:00,2,zone2,9,0,0,0,clear,31.24,57.89,680,4,1,0.684,146.98,213.74,237.83,140.04,0.929,0.3143,8,91.53,Waspada,0,normal,173.92,155.61,0.98
2025-07-21T10:00:00,4,zone4,10,0,0,1,cloudy,29.17,72.14,810,5,0,0.124,154.76,183.12,178.34,35.09,1.177,0.2261,6,73.51,Aman,0,normal,195.36,154.71,2.19
2025-07-21T10:15:00,2,zone2,10,0,0,2,rain,27.36,80.0,680,4,0,0.174,176.41,148.45,105.38,112.82,1.212,0.2183,5,62.76,Aman,0,normal,151.08,192.06,1.778
2025-07-21T10:30:00,2,zone2,10,0,0,1,cloudy,30.58,67.3,680,4,0,0.1,122.03,117.63,117.34,47.4,0.926,0.173,8,72.72,Aman,0,normal,80.25,106.87,1.479
2025-07-21T10:45:00,1,zone1,10,0,0,0,clear,30.48,63.7,520,3,0,0.084,205.59,218.55,224.12,67.87,1.337,0.4203,5,75.35,Waspada,0,normal,207.55,198.67,0.372
2025-07-21T11:00:00,2,zone2,11,0,0,0,clear,31.32,62.68,680,4,0,0.079,145.71,187.23,176.49,79.51,0.877,0.2753,5,68.71,Aman,1,density_spike,197.06,137.74,3.296
2025-07-21T11:15:00,4,zone4,11,0,0,2,rain,28.24,81.73,810,5,0,0.174,78.95,68.91,68.85,42.43,1.138,0.0851,5,61.78,Aman,0,normal,60.62,75.24,0.812
2025-07-21T11:30:00,5,zone5,11,0,0,1,cloudy,28.81,76.64,360,2,0,0.073,104.14,111.27,109.3,63.25,0.893,0.3091,3,72.54,Aman,0,normal,130.18,114.89,0.85
2025-07-21T11:45:00,5,zone5,11,0,0,0,clear,33.31,69.51,360,2,0,0.044,82.23,88.9,116.67,52.81,1.013,0.2469,3,71.65,Aman,0,normal,95.01,83.61,0.633
2025-07-21T12:00:00,5,zone5,12,0,0,1,cloudy,29.94,77.16,360,2,0,0.018,36.55,29.84,28.71,15.44,1.186,0.0829,7,55.08,Aman,0,normal,30.6,34.27,0.204
2025-07-21T12:15:00,1,zone1,12,0,0,1,cloudy,35.21,84.89,520,3,0,0.016,174.88,137.66,125.96,48.11,1.051,0.2647,6,83.34,Aman,0,normal,123.63,181.4,2.654
2025-07-21T12:30:00,2,zone2,12,0,0,2,rain,29.96,80.83,680,4,0,0.113,129.43,111.17,141.78,51.29,0.804,0.1635,4,75.87,Aman,0,normal,112.0,115.12,0.173
2025-07-21T12:45:00,1,zone1,12,0,0,1,cloudy,29.29,92.14,520,3,0,0.048,151.97,132.23,128.99,68.82,1.319,0.2543,5,66.59,Aman,0,normal,143.5,167.52,1.195
2025-07-21T13:00:00,3,zone3,13,0,0,0,clear,27.84,70.17,430,2,0,0.059,77.64,67.54,72.51,25.95,1.099,0.1571,3,70.88,Aman,0,normal,53.15,83.73,1.699
2025-07-21T13:15:00,4,zone4,13,0,0,1,cloudy,32.67,67.39,810,5,0,0.028,102.19,81.73,118.95,41.11,0.69,0.1009,3,71.48,Aman,0,normal,63.38,109.08,2.539
2025-07-21T13:30:00,4,zone4,13,0,0,0,clear,27.96,80.45,810,5,0,0.171,101.16,114.66,143.63,65.7,1.129,0.1416,2,73.48,Aman,0,normal,127.58,102.58,1.389
2025-07-21T13:45:00,4,zone4,13,0,0,2,rain,28.96,77.61,810,5,0,0.001,106.05,102.68,81.47,52.19,1.207,0.1268,5,62.19,Aman,0,normal,115.38,92.15,1.291
2025-07-21T14:00:00,3,zone3,14,0,0,1,cloudy,31.34,67.93,430,2,0,0.025,68.46,35.69,25.74,40.73,1.167,0.083,7,67.32,Aman,0,normal,54.58,60.42,0.325
2025-07-21T14:15:00,2,zone2,14,0,0,3,storm,22.41,91.08,680,4,0,0.168,101.59,76.46,57.84,12.85,1.101,0.1124,7,69.06,Aman,0,normal,66.6,101.02,1.912
2025-07-21T14:30:00,1,zone1,14,0,0,0,clear,33.3,59.82,520,3,0,0.149,128.56,113.55,136.26,68.44,1.133,0.2184,8,62.45,Aman,0,normal,149.27,110.81,2.137
2025-07-21T14:45:00,2,zone2,14,0,0,0,clear,33.45,66.95,680,4,0,0.118,148.2,117.81,138.81,61.47,1.08,0.1733,8,74.27,Aman,0,normal,122.95,142.22,1.07
2025-07-21T15:00:00,5,zone5,15,0,0,2,rain,27.93,72.11,360,2,0,0.073,86.7,74.14,87.82,82.09,0.874,0.2059,5,67.9,Aman,0,normal,57.67,83.29,1.424
2025-07-21T15:15:00,1,zone1,15,0,0,0,clear,27.72,65.26,520,3,0,0.017,162.11,118.84,111.63,63.77,1.249,0.2285,4,68.66,Aman,0,normal,142.34,172.95,1.475
2025-07-21T15:30:00,4,zone4,15,0,0,3,storm,23.18,93.4,810,5,0,0.021,47.04,32.7,28.3,59.16,1.416,0.0404,5,57.12,Aman,0,normal,50.57,44.42,0.341
2025-07-21T15:45:00,5,zone5,15,0,0,2,rain,21.29,74.75,360,2,1,0.867,92.02,110.45,152.82,105.91,1.054,0.3068,8,82.64,Waspada,0,normal,114.13,79.8,1.907
2025-07-21T16:00:00,1,zone1,16,0,0,0,clear,33.11,81.69,520,3,0,0.177,238.07,234.65,213.08,64.6,1.083,0.4513,2,75.14,Waspada,0,normal,242.73,239.83,0.101
2025-07-21T16:15:00,1,zone1,16,0,0,1,cloudy,30.86,73.12,520,3,0,0.073,189.25,201.58,207.53,72.23,0.826,0.3877,3,71.76,Aman,0,normal,197.73,164.37,1.691
2025-07-21T16:30:00,1,zone1,16,0,0,0,clear,32.84,76.97,520,3,0,0.107,153.55,150.14,159.4,72.86,1.008,0.2887,2,68.1,Aman,0,normal,148.01,138.3,0.539
2025-07-21T16:45:00,3,zone3,16,0,0,0,clear,29.04,74.86,430,2,0,0.179,134.08,139.77,161.33,37.4,0.635,0.325,8,66.91,Aman,0,normal,131.22,133.52,0.128
2025-07-21T17:00:00,1,zone1,17,0,0,1,cloudy,30.32,66.34,520,3,0,0.074,168.02,160.0,168.6,71.31,0.879,0.3077,2,62.86,Aman,0,normal,155.36,186.84,1.404
2025-07-21T17:15:00,3,zone3,17,0,0,1,cloudy,28.82,80.46,430,2,0,0.058,61.66,64.75,63.07,10.66,0.911,0.1506,2,63.4,Aman,0,normal,63.07,57.59,0.305
2025-07-21T17:30:00,5,zone5,17,0,0,0,clear,32.96,71.92,360,2,0,0.054,79.6,84.03,110.33,59.91,0.869,0.2334,7,56.65,Aman,0,normal,92.37,73.14,1.069
2025-07-21T17:45:00,3,zone3,17,0,0,2,rain,25.54,75.69,430,2,0,0.07,97.99,78.57,117.0,49.8,1.11,0.1827,7,69.91,Aman,0,normal,75.7,99.99,1.35
2025-07-21T18:00:00,1,zone1,18,0,0,0,clear,35.33,60.47,520,3,0,0.038,131.85,109.14,137.2,41.17,1.12,0.2099,7,64.85,Aman,0,normal,101.43,118.72,0.961
2025-07-21T18:15:00,1,zone1,18,0,0,1,cloudy,30.38,78.14,520,3,0,0.074,159.2,168.41,196.09,50.0,1.021,0.3239,7,64.19,Aman,0,normal,146.78,144.44,0.13
2025-07-21T18:30:00,4,zone4,18,0,0,3,storm,21.0,91.78,810,5,0,0.175,117.2,138.02,178.19,86.58,0.774,0.1704,7,80.17,Aman,0,normal,132.11,122.21,0.55
2025-07-21T18:45:00,3,zone3,18,0,0,2,rain,27.51,55.94,430,2,0,0.087,85.01,99.27,101.64,93.15,1.181,0.2309,6,72.69,Aman,0,normal,86.79,89.28,0.138
2025-07-21T19:00:00,5,zone5,19,0,0,0,clear,32.74,67.54,360,2,0,0.057,63.55,99.33,99.0,60.02,1.115,0.2759,6,75.42,Aman,0,normal,55.9,63.79,0.438
2025-07-21T19:15:00,4,zone4,19,0,0,0,clear,34.7,61.25,810,5,0,0.118,104.86,113.1,166.04,85.41,1.428,0.1396,5,66.89,Aman,0,normal,110.04,105.27,0.265
2025-07-21T19:30:00,2,zone2,19,0,0,0,clear,30.91,62.81,680,4,0,0.028,111.7,147.68,197.6,83.53,1.027,0.2172,8,58.89,Aman,1,density_spike,187.29,104.56,4.597
2025-07-21T19:45:00,5,zone5,19,0,0,2,rain,25.57,80.11,360,2,0,0.035,47.11,13.14,19.52,40.16,1.058,0.0365,8,57.96,Aman,1,density_spike,-8.69,50.04,3.262
2025-07-21T20:00:00,5,zone5,20,0,0,1,cloudy,30.1,74.66,360,2,1,0.988,101.34,151.91,241.13,135.05,0.801,0.422,7,92.68,Bahaya,1,density_spike,194.91,100.26,5.259
2025-07-21T20:15:00,1,zone1,20,0,0,2,rain,21.39,76.51,520,3,0,0.171,142.87,135.06,141.7,99.2,1.161,0.2597,8,61.97,Aman,0,normal,133.08,144.33,0.625
2025-07-21T20:30:00,4,zone4,20,0,0,0,clear,31.52,69.09,810,5,0,0.07,93.43,156.17,177.98,29.87,0.427,0.1928,7,95.39,Aman,1,density_spike,311.13,87.89,5.811
2025-07-21T20:45:00,5,zone5,20,0,0,0,clear,24.52,55.08,360,2,0,0.11,91.39,97.1,123.82,37.19,1.084,0.2697,3,62.71,Aman,0,normal,120.62,79.11,2.306
2025-07-21T21:00:00,5,zone5,21,0,0,2,rain,28.04,87.65,360,2,0,0.096,73.65,31.64,12.3,45.96,1.157,0.0879,8,76.14,Aman,1,density_spike,10.34,66.29,3.109
2025-07-21T21:15:00,1,zone1,21,0,0,2,rain,29.68,87.28,520,3,0,0.081,146.17,120.29,118.05,58.95,0.884,0.2313,6,64.29,Aman,0,normal,115.86,139.82,1.331
2025-07-21T21:30:00,3,zone3,21,0,0,0,clear,29.46,72.62,430,2,1,0.504,135.81,160.07,243.11,137.64,1.003,0.3722,3,91.69,Waspada,1,density_spike,203.73,130.99,4.041
2025-07-21T21:45:00,2,zone2,21,0,0,0,clear,30.56,72.24,680,4,0,0.166,198.47,194.1,220.69,83.13,0.551,0.2854,5,53.62,Aman,0,normal,177.73,179.05,0.061
2025-07-21T22:00:00,5,zone5,22,0,0,1,cloudy,24.84,69.97,360,2,0,0.137,58.86,63.07,43.53,65.48,1.339,0.1752,6,72.3,Aman,0,normal,67.04,52.75,0.794
2025-07-21T22:15:00,5,zone5,22,0,0,0,clear,29.47,59.3,360,2,0,0.176,24.47,51.03,15.23,33.81,0.838,0.1418,6,64.45,Aman,0,normal,48.51,26.34,1.232
2025-07-21T22:30:00,3,zone3,22,0,0,0,clear,31.87,61.3,430,2,0,0.122,115.13,139.27,144.17,38.23,1.002,0.3239,2,69.55,Aman,0,normal,148.01,118.15,1.659
2025-07-21T22:45:00,5,zone5,22,0,0,3,storm,27.08,90.65,360,2,0,0.159,69.63,40.83,27.87,42.1,0.96,0.1134,4,63.18,Aman,0,normal,71.24,73.82,0.143
2025-07-21T23:00:00,3,zone3,23,0,0,0,clear,31.29,75.36,430,2,0,0.169,130.1,113.58,115.41,46.94,0.883,0.2641,6,67.03,Aman,0,normal,91.88,133.59,2.317
2025-07-21T23:15:00,2,zone2,23,0,0,0,clear,35.69,52.78,680,4,0,0.09,127.26,122.21,126.84,61.02,1.037,0.1797,5,72.29,Aman,0,normal,109.59,111.51,0.107
2025-07-21T23:30:00,3,zone3,23,0,0,2,rain,26.22,96.67,430,2,0,0.15,82.79,110.64,132.52,42.6,1.14,0.2573,4,69.12,Aman,0,normal,101.4,91.25,0.564
2025-07-21T23:45:00,5,zone5,23,0,0,1,cloudy,32.66,76.78,360,2,0,0.139,90.58,80.58,65.1,36.58,0.9,0.2238,3,75.96,Aman,0,normal,86.33,88.88,0.142
2025-07-22T00:00:00,5,zone5,0,1,0,1,cloudy,26.13,69.11,360,2,0,0.145,80.83,65.1,74.61,56.22,0.991,0.1808,7,60.98,Aman,0,normal,48.82,76.52,1.539
2025-07-22T00:15:00,5,zone5,0,1,0,0,clear,28.98,69.32,360,2,0,0.125,96.2,73.89,91.2,46.91,1.172,0.2052,8,74.91,Aman,0,normal,56.91,100.93,2.445
2025-07-22T00:30:00,5,zone5,0,1,0,0,clear,27.2,54.08,360,2,0,0.028,66.54,24.92,4,40.31,1.265,0.0692,4,62.08,Aman,0,normal,40.85,74.42,1.865
2025-07-22T00:45:00,1,zone1,0,1,0,0,clear,29.93,55.9,520,3,0,0.054,109.65,110.37,82.23,86.02,1.389,0.2123,6,67.45,Aman,0,normal,101.31,111.58,0.57
2025-07-22T01:00:00,4,zone4,1,1,0,0,clear,34.38,73.42,810,5,0,0.085,14.41,60.02,46.82,64.24,1.228,0.0741,4,69.67,Aman,0,normal,58.88,13.3,2.532
2025-07-22T01:15:00,5,zone5,1,1,0,1,cloudy,29.21,67.67,360,2,0,0.037,66.79,59.84,70.47,86.26,1.078,0.1662,8,52.79,Aman,0,normal,54.33,57.76,0.19
2025-07-22T01:30:00,4,zone4,1,1,0,0,clear,31.5,55.74,810,5,0,0.144,36.18,31.6,42.06,39.9,1.101,0.039,6,56.77,Aman,0,normal,49.64,38.4,0.624
2025-07-22T01:45:00,3,zone3,1,1,0,1,cloudy,25.38,59.15,430,2,1,0.969,112.69,167.79,222.42,113.99,1.046,0.3902,8,84.01,Waspada,0,normal,146.4,107.47,2.163
2025-07-22T02:00:00,5,zone5,2,1,0,1,cloudy,28.86,90.27,360,2,0,0.122,118.36,118.83,128.6,40.35,0.927,0.3301,3,71.99,Aman,0,normal,107.42,117.34,0.551
2025-07-22T02:15:00,2,zone2,2,1,0,0,clear,31.88,70.28,680,4,0,0.06,86.61,69.91,62.87,12.72,1.179,0.1028,3,63.41,Aman,0,normal,58.81,80.25,1.191
2025-07-22T02:30:00,3,zone3,2,1,0,0,clear,34.73,66.14,430,2,0,0.02,45.62,28.89,19.3,56.36,1.274,0.0672,5,69.38,Aman,0,normal,40.64,46.2,0.309
2025-07-22T02:45:00,2,zone2,2,1,0,0,clear,34.29,59.11,680,4,0,0.085,115.34,120.48,141.56,70.17,1.269,0.1772,2,57.78,Aman,0,normal,133.24,106.31,1.496
2025-07-22T03:00:00,5,zone5,3,1,0,0,clear,26.18,63.28,360,2,0,0.023,57.06,30.66,28.85,34.25,1.363,0.0852,8,81.21,Aman,0,normal,12.78,54.72,2.33
2025-07-22T03:15:00,4,zone4,3,1,0,0,clear,24.49,77.74,810,5,1,0.69,109.64,151.12,190.4,113.97,0.948,0.1866,3,84.22,Waspada,1,density_spike,182.8,100.54,4.57
2025-07-22T03:30:00,1,zone1,3,1,0,0,clear,32.82,68.6,520,3,0,0.131,172.25,144.1,143.95,54.72,0.727,0.2771,6,70.13,Aman,0,normal,156.06,148.25,0.434
2025-07-22T03:45:00,5,zone5,3,1,0,2,rain,29.82,89.73,360,2,0,0.021,33.79,4,32.02,32.48,1.215,0.0111,8,68.41,Aman,0,normal,25.5,31.46,0.331
2025-07-22T04:00:00,2,zone2,4,1,0,1,cloudy,33.51,62.55,680,4,1,0.534,138.71,176.21,215.52,85.84,0.832,0.2591,6,73.21,Waspada,0,normal,154.5,145.82,0.482
2025-07-22T04:15:00,2,zone2,4,1,0,1,cloudy,28.75,54.9,680,4,1,0.608,143.48,192.84,212.06,112.84,1.218,0.2836,7,71.48,Waspada,1,density_spike,190.22,130.02,3.344
2025-07-22T04:30:00,4,zone4,4,1,0,0,clear,32.03,73.0,810,5,0,0.07,53.24,78.25,97.53,64.6,1.044,0.0966,5,74.75,Aman,0,normal,90.49,58.56,1.774
2025-07-22T04:45:00,1,zone1,4,1,0,1,cloudy,32.54,73.06,520,3,0,0.069,107.16,74.85,57.12,66.05,1.193,0.1439,8,71.37,Aman,0,normal,60.39,102.33,2.33
2025-07-22T05:00:00,5,zone5,5,1,0,0,clear,30.66,70.54,360,2,0,0.068,36.01,31.07,54.16,28.13,1.117,0.0863,6,64.56,Aman,0,normal,-6.71,31.6,2.128
2025-07-22T05:15:00,4,zone4,5,1,0,1,cloudy,30.4,81.4,810,5,0,0.021,79.15,78.65,60.09,26.99,1.103,0.0971,3,63.38,Aman,0,normal,116.59,87.05,1.641
2025-07-22T05:30:00,1,zone1,5,1,0,1,cloudy,30.85,79.49,520,3,0,0.071,100.91,97.78,115.21,45.9,1.301,0.188,4,52.89,Aman,0,normal,129.41,101.5,1.551
2025-07-22T05:45:00,5,zone5,5,1,0,0,clear,26.86,60.99,360,2,1,0.651,83.63,140.66,156.2,128.11,0.875,0.3907,8,77.73,Waspada,1,density_spike,143.5,79.92,3.533
2025-07-22T06:00:00,4,zone4,6,1,0,1,cloudy,28.69,78.51,810,5,0,0.046,140.19,103.9,66.67,62.24,1.087,0.1283,2,60.83,Aman,0,normal,104.33,142.69,2.131
2025-07-22T06:15:00,3,zone3,6,1,0,2,rain,29.54,81.56,430,2,0,0.166,58.4,71.53,89.61,89.42,1.176,0.1664,8,71.37,Aman,0,normal,43.66,63.29,1.091
2025-07-22T06:30:00,3,zone3,6,1,0,1,cloudy,32.13,60.88,430,2,0,0.118,161.57,154.1,113.87,61.21,0.834,0.3584,5,77.01,Aman,1,density_spike,98.59,170.65,3.519
2025-07-22T06:45:00,2,zone2,6,1,0,2,rain,23.85,66.98,680,4,1,0.563,133.02,162.45,216.17,132.21,0.889,0.2389,2,77.82,Waspada,0,normal,166.74,135.32,1.746
2025-07-22T07:00:00,2,zone2,7,1,0,0,clear,32.97,86.14,680,4,0,0.079,135.6,126.76,124.33,51.68,1.102,0.1864,6,74.08,Aman,0,normal,112.24,137.5,1.403
2025-07-22T07:15:00,5,zone5,7,1,0,0,clear,33.5,72.58,360,2,1,0.659,122.57,163.6,241.92,116.21,0.911,0.4544,2,76.34,Waspada,0,normal,158.99,114.15,2.491
2025-07-22T07:30:00,3,zone3,7,1,0,0,clear,33.39,79.74,430,2,0,0.029,110.26,108.93,129.43,69.15,1.068,0.2533,3,68.08,Aman,0,normal,85.93,98.41,0.693
2025-07-22T07:45:00,1,zone1,7,1,0,2,rain,22.83,81.32,520,3,0,0.001,114.99,111.88,81.65,93.01,0.942,0.2152,8,55.89,Aman,0,normal,122.71,111.85,0.603
2025-07-22T08:00:00,5,zone5,8,1,0,0,clear,30.9,70.12,360,2,0,0.09,99.57,119.65,142.77,58.09,0.918,0.3324,7,62.97,Aman,0,normal,142.54,93.27,2.737
2025-07-22T08:15:00,4,zone4,8,1,0,1,cloudy,30.69,83.13,810,5,0,0.177,91.9,79.5,58.04,47.65,1.057,0.0982,7,68.18,Aman,0,normal,109.62,98.77,0.603
2025-07-22T08:30:00,3,zone3,8,1,0,0,clear,28.63,70.04,430,2,0,0.002,173.12,138.79,101.15,59.74,1.089,0.3228,7,75.59,Aman,0,normal,142.67,160.62,0.931
2025-07-22T08:45:00,1,zone1,8,1,0,2,rain,25.38,93.06,520,3,0,0.066,157.02,184.2,195.78,88.4,0.965,0.3542,3,81.2,Aman,0,normal,172.0,141.88,1.673
2025-07-22T09:00:00,4,zone4,9,1,0,0,clear,31.11,71.08,810,5,0,0.033,79.0,69.38,35.89,69.4,1.196,0.0857,8,66.74,Aman,0,normal,65.29,72.73,0.414
2025-07-22T09:15:00,1,zone1,9,1,0,1,cloudy,28.99,73.4,520,3,0,0.153,245.3,219.34,217.15,103.82,0.614,0.4218,6,78.16,Waspada,0,normal,206.51,250.72,1.469
2025-07-22T09:30:00,5,zone5,9,1,0,0,clear,33.5,54.49,360,2,1,0.928,147.81,225.06,243.98,186.57,0.565,0.6252,8,83.96,Bahaya,0,normal,183.86,143.87,2.222
2025-07-22T09:45:00,5,zone5,9,1,0,2,rain,31.51,81.82,360,2,0,0.131,18.04,4,6.71,18.76,1.069,0.0111,2,64.51,Aman,0,normal,-19.33,18.77,2.117
2025-07-22T10:00:00,2,zone2,10,1,0,1,cloudy,27.78,68.15,680,4,0,0.106,136.35,139.47,102.42,40.46,0.934,0.2051,4,65.96,Aman,0,normal,122.39,125.56,0.176
2025-07-22T10:15:00,2,zone2,10,1,0,0,clear,31.45,79.26,680,4,0,0.152,152.67,143.95,197.14,60.91,0.877,0.2117,6,72.38,Aman,0,normal,165.88,136.86,1.612
2025-07-22T10:30:00,1,zone1,10,1,0,0,clear,30.04,62.54,520,3,0,0.03,140.96,116.79,119.08,40.31,0.913,0.2246,7,58.04,Aman,0,normal,98.27,143.43,2.509
2025-07-22T10:45:00,2,zone2,10,1,0,2,rain,26.59,84.66,680,4,0,0.085,117.56,102.47,119.86,54.01,1.105,0.1507,3,63.33,Aman,0,normal,83.7,108.11,1.356
2025-07-22T11:00:00,1,zone1,11,1,0,1,cloudy,27.29,84.84,520,3,0,0.178,118.69,90.4,134.25,105.99,1.432,0.1738,5,66.28,Aman,0,normal,74.34,106.6,1.792
2025-07-22T11:15:00,4,zone4,11,1,0,1,cloudy,28.11,65.04,810,5,0,0.078,176.99,159.09,194.91,77.89,0.788,0.1964,4,68.14,Aman,0,normal,161.74,193.37,1.363
2025-07-22T11:30:00,3,zone3,11,1,0,0,clear,30.0,67.24,430,2,0,0.135,155.65,171.19,122.59,52.95,1.058,0.3981,7,80.45,Aman,0,normal,133.09,165.81,1.644
2025-07-22T11:45:00,5,zone5,11,1,0,2,rain,25.92,72.36,360,2,0,0.076,133.96,126.73,99.52,64.16,0.764,0.352,8,74.33,Aman,0,normal,103.24,126.82,1.31
2025-07-22T12:00:00,3,zone3,12,1,0,1,cloudy,25.08,98,430,2,0,0.121,75.57,77.63,40.07,84.05,1.15,0.1805,4,75.25,Aman,0,normal,78.5,67.09,0.634
2025-07-22T12:15:00,3,zone3,12,1,0,1,cloudy,26.64,72.86,430,2,0,0.092,85.82,91.71,85.3,76.87,1.022,0.2133,6,67.68,Aman,0,normal,98.77,81.64,0.952
2025-07-22T12:30:00,3,zone3,12,1,0,0,clear,33.16,59.91,430,2,0,0.025,67.06,87.15,139.78,65.91,1.093,0.2027,3,64.61,Aman,0,normal,81.89,71.08,0.601
2025-07-22T12:45:00,2,zone2,12,1,0,2,rain,29.94,94.05,680,4,0,0.088,121.26,121.81,95.84,81.9,1.141,0.1791,5,63.06,Aman,0,normal,93.73,116.11,1.243
2025-07-22T13:00:00,5,zone5,13,1,0,3,storm,21.58,93.74,360,2,0,0.103,59.67,59.31,88.19,70.92,0.969,0.1647,3,66.85,Aman,0,normal,67.54,56.25,0.627
2025-07-22T13:15:00,4,zone4,13,1,0,0,clear,28.95,79.08,810,5,0,0.109,90.75,132.32,122.98,59.82,1.071,0.1634,2,66.83,Aman,0,normal,145.61,92.47,2.952
2025-07-22T13:30:00,3,zone3,13,1,0,3,storm,24.27,79.36,430,2,0,0.097,71.17,51.28,35.23,32.56,0.811,0.1192,5,60.09,Aman,0,normal,54.39,61.6,0.401
2025-07-22T13:45:00,3,zone3,13,1,0,0,clear,32.14,66.45,430,2,0,0.17,94.54,127.4,165.15,84.16,1.078,0.2963,7,71.24,Aman,0,normal,143.43,95.36,2.671
2025-07-22T14:00:00,1,zone1,14,1,0,0,clear,28.12,82.05,520,3,0,0.163,165.5,166.53,151.7,63.1,1.086,0.3202,8,77.08,Aman,0,normal,171.14,147.62,1.307
2025-07-22T14:15:00,3,zone3,14,1,0,2,rain,26.06,74.41,430,2,0,0.049,43.9,30.5,23.03,41.34,1.082,0.0709,4,66.0,Aman,0,normal,32.58,38.09,0.306
2025-07-22T14:30:00,1,zone1,14,1,0,0,clear,34.26,68.3,520,3,0,0.086,162.24,200.8,202.63,56.42,0.963,0.3861,2,62.77,Aman,1,density_spike,214.81,148.85,3.664
2025-07-22T14:45:00,1,zone1,14,1,0,0,clear,33.19,58.54,520,3,0,0.092,185.6,171.23,192.25,82.41,1.172,0.3293,7,64.33,Aman,0,normal,168.48,205.03,1.486
2025-07-22T15:00:00,1,zone1,15,1,0,1,cloudy,24.08,58.73,520,3,1,0.708,194.86,220.38,241.91,139.05,0.979,0.4238,2,89.5,Waspada,0,normal,230.77,175.74,2.61
2025-07-22T15:15:00,5,zone5,15,1,0,0,clear,32.48,57.02,360,2,0,0.175,42.97,27.87,55.64,85.47,0.549,0.0774,6,94.02,Aman,1,density_spike,182.49,43.11,3.292
2025-07-22T15:30:00,4,zone4,15,1,0,0,clear,33.48,79.09,810,5,0,0.115,53.94,89.63,91.69,104.07,1.046,0.1107,8,67.32,Aman,0,normal,86.98,55.03,1.775
2025-07-22T15:45:00,4,zone4,15,1,0,0,clear,33.26,54.71,810,5,0,0.161,141.77,188.52,183.79,63.64,1.068,0.2327,4,67.91,Aman,1,density_spike,187.33,130.39,3.163
2025-07-22T16:00:00,2,zone2,16,1,0,0,clear,35.26,72.08,680,4,0,0.132,97.94,91.97,104.94,54.05,1.1,0.1353,7,63.52,Aman,0,normal,67.31,101.24,1.885
2025-07-22T16:15:00,3,zone3,16,1,0,0,clear,29.91,64.15,430,2,0,0.075,134.71,102.14,109.63,69.83,1.186,0.2375,8,67.29,Aman,0,normal,105.29,133.9,1.589
2025-07-22T16:30:00,3,zone3,16,1,0,3,storm,24.91,93.27,430,2,0,0.143,58.72,26.57,60.99,17.36,1.356,0.0618,8,57.26,Aman,0,normal,46.15,57.03,0.604
2025-07-22T16:45:00,1,zone1,16,1,0,1,cloudy,25.67,78.93,520,3,0,0.107,177.92,202.3,197.68,76.69,1.139,0.389,6,72.45,Waspada,0,normal,184.56,170.98,0.662
2025-07-22T17:00:00,1,zone1,17,1,0,0,clear,32.89,77.25,520,3,0,0.017,123.44,111.8,119.55,66.37,1.02,0.215,6,69.0,Aman,0,normal,93.23,138.11,2.493
2025-07-22T17:15:00,1,zone1,17,1,0,1,cloudy,26.53,67.61,520,3,0,0.163,209.61,210.78,245.06,100.68,1.167,0.4053,2,77.02,Waspada,0,normal,156.83,212.29,2.177
2025-07-22T17:30:00,2,zone2,17,1,0,0,clear,29.7,70.68,680,4,0,0.146,124.46,163.59,130.38,53.64,1.138,0.2406,8,64.89,Aman,0,normal,159.89,125.02,1.937
2025-07-22T17:45:00,2,zone2,17,1,0,1,cloudy,28.04,76.0,680,4,0,0.066,94.43,84.04,66.87,40.4,1.228,0.1236,6,79.03,Aman,0,normal,124.47,90.53,1.885
2025-07-22T18:00:00,4,zone4,18,1,0,1,cloudy,28.4,73.12,810,5,0,0.007,131.31,105.94,117.9,45.85,0.984,0.1308,7,63.67,Aman,0,normal,133.2,127.12,0.338
2025-07-22T18:15:00,4,zone4,18,1,0,2,rain,30.76,84.49,810,5,0,0.119,86.83,71.11,83.77,16.38,1.272,0.0878,3,64.5,Aman,0,normal,54.66,88.62,1.886
2025-07-22T18:30:00,4,zone4,18,1,0,0,clear,30.11,78.19,810,5,1,0.901,181.56,226.94,299.86,141.97,0.904,0.2802,5,77.2,Waspada,0,normal,221.65,176.02,2.16
2025-07-22T18:45:00,1,zone1,18,1,0,0,clear,30.63,72.77,520,3,0,0.095,211.94,196.13,266.74,82.97,0.829,0.3772,8,68.67,Waspada,0,normal,206.3,190.75,0.679
2025-07-22T19:00:00,1,zone1,19,1,0,0,clear,32.09,64.07,520,3,0,0.027,169.39,176.97,220.2,52.66,1.23,0.3403,5,63.85,Aman,0,normal,176.63,174.57,0.098
2025-07-22T19:15:00,4,zone4,19,1,0,2,rain,24.46,98,810,5,0,0.055,111.12,111.02,113.13,35.01,0.854,0.1371,6,67.77,Aman,0,normal,119.01,98.76,1.126
2025-07-22T19:30:00,5,zone5,19,1,0,1,cloudy,30.84,65.08,360,2,0,0.01,86.73,80.1,93.89,33.17,1.128,0.2225,6,62.98,Aman,0,normal,82.02,86.63,0.256
2025-07-22T19:45:00,3,zone3,19,1,0,1,cloudy,29.26,73.14,430,2,0,0.017,123.06,137.59,154.75,20.21,0.89,0.32,6,57.63,Aman,0,normal,160.01,107.97,2.891
2025-07-22T20:00:00,2,zone2,20,1,0,1,cloudy,26.75,80.04,680,4,0,0.091,156.48,162.56,259.53,57.0,1.044,0.2391,2,67.1,Aman,0,normal,137.03,150.21,0.731
2025-07-22T20:15:00,2,zone2,20,1,0,0,clear,31.33,62.24,680,4,0,0.173,202.91,244.95,283.52,104.21,0.913,0.3602,5,75.05,Waspada,0,normal,242.4,187.55,2.438
2025-07-22T20:30:00,4,zone4,20,1,0,0,clear,32.3,65.03,810,5,0,0.054,97.31,119.15,139.64,33.78,0.934,0.1471,6,73.4,Aman,0,normal,121.92,101.63,1.127
2025-07-22T20:45:00,3,zone3,20,1,0,2,rain,26.22,89.5,430,2,0,0.168,67.45,17.89,10.16,48.11,1.119,0.0416,3,62.89,Aman,1,density_spike,4.13,63.48,3.297
2025-07-22T21:00:00,5,zone5,21,1,0,0,clear,33.52,69.68,360,2,0,0.08,119.87,155.27,196.73,75.2,0.809,0.4313,2,74.67,Waspada,0,normal,159.65,132.49,1.509
2025-07-22T21:15:00,3,zone3,21,1,0,0,clear,32.24,65.02,430,2,0,0.176,87.24,112.55,123.73,46.5,0.998,0.2618,6,84.6,Aman,0,normal,71.34,91.57,1.124
2025-07-22T21:30:00,5,zone5,21,1,0,2,rain,27.0,75.13,360,2,0,0.123,21.38,4,4,38.36,1.231,0.0111,4,60.35,Aman,0,normal,44.07,21.49,1.255
2025-07-22T21:45:00,5,zone5,21,1,0,3,storm,24.07,96.94,360,2,0,0.121,116.47,103.74,144.61,58.25,1.094,0.2882,6,72.63,Aman,0,normal,107.44,114.53,0.394
2025-07-22T22:00:00,2,zone2,22,1,0,2,rain,29.93,85.28,680,4,0,0.071,68.16,33.64,70.93,42.11,0.789,0.0495,5,86.89,Aman,1,density_spike,5.47,74.24,3.196
2025-07-22T22:15:00,2,zone2,22,1,0,0,clear,27.52,65.96,680,4,0,0.097,187.89,200.97,176.64,97.46,0.966,0.2955,3,66.39,Aman,0,normal,201.9,178.07,1.115
2025-07-22T22:30:00,3,zone3,22,1,0,0,clear,31.64,64.39,430,2,0,0.071,119.07,101.49,114.67,30.35,1.383,0.236,3,62.81,Aman,0,normal,111.21,120.33,0.507
2025-07-22T22:45:00,4,zone4,22,1,0,2,rain,24.88,88.67,810,5,0,0.015,116.39,74.08,49.75,50.53,1.519,0.0915,2,56.78,Aman,0,normal,74.5,125.42,2.829
2025-07-22T23:00:00,3,zone3,23,1,0,2,rain,24.69,81.35,430,2,1,0.926,123.92,165.89,229.56,151.12,0.912,0.3858,8,97.08,Bahaya,0,normal,152.25,110.01,2.347
2025-07-22T23:15:00,1,zone1,23,1,0,0,clear,31.52,49.74,520,3,0,0.044,146.83,135.31,134.76,104.55,1.063,0.2602,4,70.5,Aman,0,normal,120.22,137.76,0.975
2025-07-22T23:30:00,2,zone2,23,1,0,1,cloudy,29.05,77.82,680,4,0,0.003,153.58,134.39,147.07,54.19,1.038,0.1976,6,72.45,Aman,0,normal,160.72,141.36,1.076
2025-07-22T23:45:00,5,zone5,23,1,0,1,cloudy,31.72,83.79,360,2,0,0.136,69.44,50.93,37.8,92.66,1.061,0.1415,4,73.76,Aman,0,normal,48.49,63.0,0.806
2025-07-23T00:00:00,5,zone5,0,2,0,2,rain,27.44,86.06,360,2,0,0.103,20.72,4,7.88,95.11,1.305,0.0111,7,67.15,Aman,1,density_spike,-36.59,20.63,3.179
2025-07-23T00:15:00,5,zone5,0,2,0,3,storm,25.8,74.27,360,2,0,0.104,20.51,4,32.92,38.41,1.337,0.0111,8,65.77,Aman,0,normal,18.71,21.96,0.181
2025-07-23T00:30:00,1,zone1,0,2,0,0,clear,33.85,76.21,520,3,0,0.033,213.21,189.62,201.07,48.3,0.936,0.3647,5,67.93,Aman,0,normal,216.15,192.35,1.031
2025-07-23T00:45:00,2,zone2,0,2,0,0,clear,30.47,65.08,680,4,0,0.106,97.14,59.28,43.79,49.42,1.128,0.0872,8,63.95,Aman,0,normal,47.78,95.58,2.656
2025-07-23T01:00:00,4,zone4,1,2,0,0,clear,33.57,69.26,810,5,1,0.536,126.76,147.11,152.99,117.77,1.138,0.1816,7,82.72,Waspada,0,normal,146.33,135.27,0.614
2025-07-23T01:15:00,1,zone1,1,2,0,0,clear,32.6,73.78,520,3,0,0.17,73.69,72.13,84.51,38.9,1.342,0.1387,5,70.32,Aman,0,normal,81.98,68.77,0.734
2025-07-23T01:30:00,2,zone2,1,2,0,0,clear,29.26,67.4,680,4,0,0.042,144.27,125.32,115.99,54.67,1.464,0.1843,3,72.69,Aman,0,normal,132.73,154.18,1.159
2025-07-23T01:45:00,2,zone2,1,2,0,0,clear,29.92,60.2,680,4,0,0.127,73.99,73.57,69.0,60.15,1.014,0.1082,3,65.4,Aman,0,normal,70.04,69.89,0.008
2025-07-23T02:00:00,4,zone4,2,2,0,2,rain,26.15,79.48,810,5,0,0.114,49.32,24.03,56.25,63.72,1.41,0.0297,2,73.87,Aman,0,normal,37.11,47.16,0.559
2025-07-23T02:15:00,5,zone5,2,2,0,3,storm,23.86,72.99,360,2,0,0.172,101.48,102.1,97.9,70.36,0.979,0.2836,4,71.58,Aman,0,normal,75.32,101.82,1.472
2025-07-23T02:30:00,4,zone4,2,2,0,1,cloudy,27.91,74.5,810,5,0,0.171,46.24,54.02,65.71,35.65,0.863,0.0667,2,66.46,Aman,0,normal,29.93,41.13,0.623
2025-07-23T02:45:00,3,zone3,2,2,0,0,clear,31.62,67.98,430,2,0,0.101,73.74,79.86,76.05,58.0,1.13,0.1857,6,83.81,Aman,0,normal,55.47,72.88,0.967
2025-07-23T03:00:00,1,zone1,3,2,0,1,cloudy,28.8,61.99,520,3,0,0.061,74.94,75.18,76.46,63.01,1.281,0.1446,2,62.62,Aman,0,normal,77.49,72.61,0.271
2025-07-23T03:15:00,4,zone4,3,2,0,0,clear,32.11,75.2,810,5,0,0.081,107.78,131.81,162.13,22.64,1.18,0.1627,7,78.39,Aman,0,normal,117.93,113.99,0.219
2025-07-23T03:30:00,1,zone1,3,2,0,1,cloudy,29.93,76.64,520,3,0,0.042,111.61,115.02,121.61,80.8,1.111,0.2212,3,80.0,Aman,0,normal,112.63,102.21,0.579
2025-07-23T03:45:00,3,zone3,3,2,0,0,clear,28.67,48,430,2,1,0.469,120.03,159.13,163.23,112.36,1.184,0.3701,4,79.04,Waspada,1,density_spike,171.81,110.16,3.425
2025-07-23T04:00:00,4,zone4,4,2,0,0,clear,28.99,71.31,810,5,1,0.684,106.81,151.3,219.58,87.88,1.026,0.1868,5,81.68,Waspada,0,normal,167.34,114.61,2.93
2025-07-23T04:15:00,3,zone3,4,2,0,0,clear,28.58,65.14,430,2,0,0.171,88.92,110.85,117.12,55.22,1.229,0.2578,6,62.14,Aman,0,normal,103.69,89.08,0.812
2025-07-23T04:30:00,1,zone1,4,2,0,0,clear,31.92,56.4,520,3,0,0.023,142.18,122.26,116.44,13.31,0.927,0.2351,3,57.14,Aman,0,normal,160.58,139.73,1.158
2025-07-23T04:45:00,4,zone4,4,2,0,0,clear,33.39,58.03,810,5,0,0.023,68.75,58.17,75.36,53.31,1.503,0.0718,6,56.6,Aman,0,normal,32.65,62.67,1.668
2025-07-23T05:00:00,2,zone2,5,2,0,0,clear,30.88,71.19,680,4,0,0.081,133.6,129.6,100.65,76.73,1.2,0.1906,3,71.64,Aman,0,normal,141.12,127.93,0.733
2025-07-23T05:15:00,2,zone2,5,2,0,1,cloudy,29.72,79.0,680,4,0,0.111,54.27,45.93,55.38,17.54,1.238,0.0675,5,69.3,Aman,0,normal,60.19,47.97,0.679
2025-07-23T05:30:00,5,zone5,5,2,0,1,cloudy,31.59,60.73,360,2,0,0.106,37.61,24.37,36.45,36.52,1.425,0.0677,5,67.32,Aman,0,normal,19.15,37.94,1.044
2025-07-23T05:45:00,3,zone3,5,2,0,1,cloudy,28.84,76.32,430,2,0,0.142,133.38,116.56,105.78,59.58,1.007,0.2711,2,66.74,Aman,0,normal,127.44,142.99,0.864
2025-07-23T06:00:00,3,zone3,6,2,0,1,cloudy,26.69,85.28,430,2,0,0.077,90.82,112.53,80.24,52.11,0.645,0.2617,4,74.24,Aman,0,normal,59.14,92.29,1.841
2025-07-23T06:15:00,5,zone5,6,2,0,0,clear,28.77,62.19,360,2,0,0.132,105.85,118.06,115.18,76.22,1.149,0.3279,5,69.47,Aman,0,normal,74.02,107.44,1.857
2025-07-23T06:30:00,2,zone2,6,2,0,0,clear,31.9,61.45,680,4,0,0.028,174.32,161.79,129.63,82.57,1.326,0.2379,2,56.71,Aman,0,normal,153.25,167.87,0.726
2025-07-23T06:45:00,1,zone1,6,2,0,0,clear,29.01,62.63,520,3,0,0.02,172.39,170.74,161.58,61.14,1.126,0.3283,3,59.29,Aman,0,normal,159.8,175.19,0.732
2025-07-23T07:00:00,2,zone2,7,2,0,0,clear,33.19,85.86,680,4,0,0.123,116.41,123.86,148.86,31.43,1.31,0.1821,5,73.41,Aman,0,normal,130.16,116.21,0.775
2025-07-23T07:15:00,4,zone4,7,2,0,0,clear,30.18,59.93,810,5,0,0.135,112.41,117.99,117.71,54.27,1.149,0.1457,5,60.08,Aman,0,normal,121.34,101.77,1.087
2025-07-23T07:30:00,2,zone2,7,2,0,0,clear,32.37,68.32,680,4,0,0.086,117.52,114.49,120.2,39.06,1.12,0.1684,6,66.94,Aman,0,normal,107.47,112.4,0.274
2025-07-23T07:45:00,2,zone2,7,2,0,1,cloudy,32.12,63.63,680,4,0,0.037,124.23,113.81,137.05,35.56,1.039,0.1674,3,72.76,Aman,0,normal,116.42,117.29,0.048
2025-07-23T08:00:00,5,zone5,8,2,0,0,clear,30.77,81.95,360,2,0,0.009,73.41,86.63,102.16,65.93,1.166,0.2406,4,65.15,Aman,0,normal,105.99,71.17,1.935
2025-07-23T08:15:00,4,zone4,8,2,0,0,clear,31.76,76.93,810,5,0,0.175,82.22,112.89,84.69,99.77,0.863,0.1394,5,72.65,Aman,0,normal,69.14,81.02,0.66
2025-07-23T08:30:00,5,zone5,8,2,0,1,cloudy,28.09,72.21,360,2,0,0.128,82.8,106.81,88.25,69.11,0.831,0.2967,2,64.73,Aman,0,normal,123.71,75.32,2.689
2025-07-23T08:45:00,1,zone1,8,2,0,0,clear,33.03,72.42,520,3,0,0.054,178.77,177.67,195.27,89.74,0.802,0.3417,7,63.33,Aman,0,normal,182.38,164.74,0.892
2025-07-23T09:00:00,3,zone3,9,2,0,0,clear,32.15,74.77,430,2,0,0.169,138.71,117.24,148.62,82.24,1.079,0.2726,5,78.69,Aman,0,normal,105.9,145.29,2.189
2025-07-23T09:15:00,2,zone2,9,2,0,0,clear,32.07,66.5,680,4,0,0.04,136.07,141.22,125.11,65.49,1.186,0.2077,8,61.35,Aman,0,normal,127.42,129.82,0.133
2025-07-23T09:30:00,3,zone3,9,2,0,2,rain,28.7,79.54,430,2,0,0.099,83.7,64.61,81.38,27.45,0.925,0.1503,2,65.31,Aman,0,normal,65.88,91.72,1.436
2025-07-23T09:45:00,1,zone1,9,2,0,1,cloudy,27.98,73.07,520,3,0,0.092,188.78,181.57,146.36,73.87,0.842,0.3492,4,70.78,Aman,0,normal,173.53,164.91,0.435
2025-07-23T10:00:00,5,zone5,10,2,0,1,cloudy,29.16,76.75,360,2,0,0.01,58.83,67.31,109.27,20.1,1.309,0.187,3,77.04,Aman,0,normal,59.04,55.66,0.188
2025-07-23T10:15:00,3,zone3,10,2,0,0,clear,27.85,60.32,430,2,0,0.027,127.72,140.13,113.11,61.99,0.846,0.3259,8,74.02,Aman,0,normal,119.58,117.35,0.124
2025-07-23T10:30:00,4,zone4,10,2,0,1,cloudy,29.29,74.64,810,5,0,0.105,188.87,203.08,191.97,40.21,1.017,0.2507,5,78.07,Aman,0,normal,195.32,197.47,0.091
2025-07-23T10:45:00,4,zone4,10,2,0,1,cloudy,28.34,71.27,810,5,1,0.759,130.11,139.37,168.67,116.22,1.245,0.1721,6,84.25,Waspada,0,normal,155.64,125.36,1.682
2025-07-23T11:00:00,3,zone3,11,2,0,2,rain,29.13,98,430,2,0,0.102,136.65,110.08,87.63,42.72,0.864,0.256,2,75.83,Aman,1,density_spike,94.92,149.44,3.029
2025-07-23T11:15:00,5,zone5,11,2,0,0,clear,27.88,65.9,360,2,0,0.079,125.65,154.69,144.2,55.39,0.948,0.4297,5,61.76,Aman,0,normal,130.72,139.86,0.507
2025-07-23T11:30:00,2,zone2,11,2,0,3,storm,25.17,93.73,680,4,0,0.173,117.31,89.7,146.86,29.64,1.034,0.1319,4,67.22,Aman,0,normal,97.26,107.22,0.553
2025-07-23T11:45:00,3,zone3,11,2,0,0,clear,28.45,72.89,430,2,0,0.087,74.76,57.01,53.94,63.5,1.153,0.1326,7,64.46,Aman,0,normal,55.24,77.16,1.218
2025-07-23T12:00:00,5,zone5,12,2,0,0,clear,29.08,54.26,360,2,0,0.06,25.32,5.31,40.49,29.17,1.335,0.0148,7,62.97,Aman,0,normal,3.25,27.25,1.333
2025-07-23T12:15:00,3,zone3,12,2,0,1,cloudy,26.74,53.09,430,2,0,0.162,115.75,138.62,151.49,73.4,1.017,0.3224,3,83.91,Aman,0,normal,144.97,107.76,2.067
2025-07-23T12:30:00,4,zone4,12,2,0,1,cloudy,32.13,71.31,810,5,1,0.9,120.04,183.74,255.74,151.61,1.239,0.2268,6,81.83,Waspada,1,density_spike,179.67,123.59,3.115
2025-07-23T12:45:00,2,zone2,12,2,0,3,storm,27.67,92.23,680,4,0,0.141,124.68,124.88,132.19,80.88,1.021,0.1836,7,70.07,Aman,0,normal,141.88,119.03,1.27
2025-07-23T13:00:00,4,zone4,13,2,0,0,clear,29.43,76.34,810,5,0,0.114,95.76,105.03,116.79,67.61,1.363,0.1297,8,64.73,Aman,0,normal,85.03,85.08,0.002
2025-07-23T13:15:00,3,zone3,13,2,0,2,rain,31.8,97.58,430,2,0,0.042,87.6,60.17,32.82,50.25,1.278,0.1399,4,71.21,Aman,0,normal,86.39,79.82,0.365
2025-07-23T13:30:00,1,zone1,13,2,0,0,clear,32.54,65.94,520,3,0,0.033,177.42,153.47,136.91,49.9,1.263,0.2951,2,57.97,Aman,0,normal,172.48,157.05,0.819
2025-07-23T13:45:00,1,zone1,13,2,0,2,rain,25.23,73.46,520,3,0,0.154,152.68,140.28,123.04,42.8,1.067,0.2698,7,63.87,Aman,0,normal,164.48,153.13,0.617
2025-07-23T14:00:00,5,zone5,14,2,0,2,rain,25.63,70.81,360,2,0,0.096,99.15,87.07,96.93,53.62,0.508,0.2419,3,82.12,Aman,1,density_spike,121.62,100.53,4.892
2025-07-23T14:15:00,5,zone5,14,2,0,1,cloudy,28.74,65.42,360,2,1,0.997,70.72,176.38,229.88,146.08,0.938,0.4899,6,92.74,Bahaya,1,density_spike,160.66,65.81,5.27
2025-07-23T14:30:00,3,zone3,14,2,0,3,storm,24.53,87.27,430,2,0,0.091,131.3,130.68,97.23,67.25,0.798,0.3039,4,70.28,Aman,0,normal,123.68,126.95,0.181
2025-07-23T14:45:00,2,zone2,14,2,0,0,clear,30.6,62.38,680,4,0,0.076,81.62,103.8,132.55,38.29,1.413,0.1526,3,74.83,Aman,0,normal,94.65,90.39,0.237
2025-07-23T15:00:00,2,zone2,15,2,0,1,cloudy,30.64,69.34,680,4,0,0.166,147.6,171.25,141.1,67.12,1.026,0.2518,6,69.02,Aman,0,normal,147.3,161.73,0.744
2025-07-23T15:15:00,2,zone2,15,2,0,0,clear,34.45,51.66,680,4,0,0.165,133.94,135.24,147.73,76.88,0.574,0.1989,6,94.72,Aman,1,density_spike,28.57,136.93,4.454
2025-07-23T15:30:00,3,zone3,15,2,0,0,clear,30.12,80.41,430,2,0,0.171,137.19,176.52,190.21,88.24,1.127,0.4105,4,71.43,Waspada,0,normal,169.17,119.53,2.758
2025-07-23T15:45:00,5,zone5,15,2,0,0,clear,32.62,63.16,360,2,0,0.074,39.68,53.46,67.02,50.51,0.315,0.1485,8,82.11,Aman,1,density_spike,154.82,34.81,5.521
2025-07-23T16:00:00,3,zone3,16,2,0,0,clear,30.98,61.07,430,2,0,0.151,143.97,181.88,197.63,49.95,0.579,0.423,5,76.43,Waspada,0,normal,175.02,125.69,2.741
2025-07-23T16:15:00,4,zone4,16,2,0,0,clear,34.14,71.2,810,5,0,0.07,91.82,83.16,99.78,49.37,1.185,0.1027,5,68.95,Aman,0,normal,110.57,96.17,0.8
2025-07-23T16:30:00,4,zone4,16,2,0,1,cloudy,30.39,68.0,810,5,0,0.109,114.27,104.13,103.71,50.46,1.269,0.1286,4,66.96,Aman,0,normal,145.57,121.44,1.341
2025-07-23T16:45:00,3,zone3,16,2,0,0,clear,34.22,69.5,430,2,1,0.935,171.48,244.56,253.75,167.31,0.682,0.5687,2,87.77,Bahaya,1,density_spike,243.54,160.7,4.296
2025-07-23T17:00:00,1,zone1,17,2,0,1,cloudy,27.04,75.76,520,3,0,0.087,219.9,197.27,204.92,105.79,1.052,0.3794,2,64.7,Waspada,0,normal,203.01,219.66,0.632
2025-07-23T17:15:00,5,zone5,17,2,0,3,storm,28.35,98,360,2,0,0.002,8,4,4,52.43,0.89,0.0111,7,67.21,Aman,0,normal,11.49,8,0.194
2025-07-23T17:30:00,2,zone2,17,2,0,0,clear,32.16,76.0,680,4,0,0.034,203.21,235.21,228.74,82.45,1.307,0.3459,4,70.19,Aman,0,normal,234.45,184.46,2.258
2025-07-23T17:45:00,3,zone3,17,2,0,1,cloudy,27.33,76.41,430,2,0,0.039,102.26,100.75,131.23,71.39,1.072,0.2343,3,68.69,Aman,0,normal,74.27,112.22,2.108
2025-07-23T18:00:00,5,zone5,18,2,0,1,cloudy,27.4,76.18,360,2,0,0.029,101.25,108.09,139.17,79.66,0.904,0.3002,3,82.5,Aman,0,normal,105.59,87.86,0.985
2025-07-23T18:15:00,4,zone4,18,2,0,0,clear,30.57,57.95,810,5,0,0.062,145.92,168.04,174.55,56.97,1.341,0.2075,3,64.87,Aman,0,normal,154.58,148.2,0.355
2025-07-23T18:30:00,3,zone3,18,2,0,1,cloudy,31.99,69.44,430,2,0,0.108,152.34,141.89,170.17,65.29,1.119,0.33,8,71.25,Aman,0,normal,147.8,143.63,0.232
2025-07-23T18:45:00,3,zone3,18,2,0,0,clear,31.96,67.1,430,2,0,0.071,99.11,105.12,121.75,48.04,1.29,0.2445,4,60.44,Aman,0,normal,133.48,109.91,1.309
2025-07-23T19:00:00,4,zone4,19,2,0,2,rain,27.04,80.82,810,5,0,0.172,150.02,138.54,166.99,86.64,0.843,0.171,2,65.45,Aman,0,normal,141.24,153.16,0.649
2025-07-23T19:15:00,4,zone4,19,2,0,0,clear,29.54,65.59,810,5,0,0.115,135.22,138.61,161.5,76.33,1.109,0.1711,8,66.02,Aman,0,normal,147.98,137.99,0.555
2025-07-23T19:30:00,4,zone4,19,2,0,1,cloudy,28.42,72.13,810,5,0,0.102,108.71,105.55,170.63,83.49,1.236,0.1303,2,84.33,Aman,0,normal,142.0,96.4,2.533
2025-07-23T19:45:00,3,zone3,19,2,0,0,clear,31.79,68.65,430,2,0,0.002,124.42,122.61,162.14,72.7,0.719,0.2851,8,68.76,Aman,0,normal,113.76,112.68,0.06
2025-07-23T20:00:00,4,zone4,20,2,0,2,rain,27.98,82.69,810,5,0,0.155,94.25,93.63,122.27,74.51,1.122,0.1156,6,74.75,Aman,0,normal,97.45,104.25,0.378
2025-07-23T20:15:00,3,zone3,20,2,0,0,clear,29.97,68.9,430,2,0,0.135,165.58,138.43,172.69,81.7,1.118,0.3219,8,72.12,Aman,0,normal,109.53,149.28,2.208
2025-07-23T20:30:00,1,zone1,20,2,0,0,clear,33.45,74.71,520,3,0,0.074,199.59,198.12,274.91,61.68,0.332,0.381,3,87.43,Aman,1,density_spike,50.32,193.77,5.273
2025-07-23T20:45:00,5,zone5,20,2,0,1,cloudy,29.05,74.34,360,2,0,0.135,99.11,87.53,115.6,67.38,1.09,0.2432,2,87.79,Aman,0,normal,89.68,93.83,0.23
2025-07-23T21:00:00,4,zone4,21,2,0,0,clear,27.15,61.9,810,5,0,0.151,93.09,122.6,165.72,59.38,1.192,0.1514,3,64.16,Aman,0,normal,109.74,104.0,0.319
2025-07-23T21:15:00,1,zone1,21,2,0,0,clear,30.77,60.55,520,3,0,0.13,233.26,235.38,264.64,89.83,0.87,0.4527,7,65.23,Waspada,0,normal,243.86,234.03,0.35
2025-07-23T21:30:00,3,zone3,21,2,0,1,cloudy,31.9,76.82,430,2,0,0.032,138.43,118.91,149.91,40.08,1.139,0.2765,3,63.09,Aman,0,normal,114.02,153.84,2.157
2025-07-23T21:45:00,4,zone4,21,2,0,1,cloudy,28.89,67.21,810,5,0,0.046,59.54,73.14,93.05,44.42,1.121,0.0903,5,68.0,Aman,0,normal,66.34,59.22,0.395
2025-07-23T22:00:00,1,zone1,22,2,0,0,clear,29.8,65.04,520,3,1,0.729,204.74,279.11,264.12,157.42,0.517,0.5367,4,90.49,Bahaya,1,density_spike,310.7,223.03,3.276
2025-07-23T22:15:00,4,zone4,22,2,0,0,clear,31.7,82.49,810,5,0,0.101,72.15,104.23,77.88,49.46,1.58,0.1287,7,70.86,Aman,0,normal,86.24,72.32,0.774
2025-07-23T22:30:00,4,zone4,22,2,0,0,clear,35.3,58.59,810,5,0,0.061,48.42,53.56,46.37,39.55,1.203,0.0661,8,69.75,Aman,0,normal,66.14,44.16,1.221
2025-07-23T22:45:00,5,zone5,22,2,0,0,clear,35.21,66.29,360,2,0,0.027,131.24,118.22,117.65,50.67,1.071,0.3284,7,57.64,Aman,0,normal,158.8,141.96,0.936
2025-07-23T23:00:00,5,zone5,23,2,0,0,clear,29.9,72.38,360,2,0,0.094,136.17,145.9,161.63,78.3,1.201,0.4053,7,71.07,Waspada,0,normal,132.74,123.47,0.515
2025-07-23T23:15:00,2,zone2,23,2,0,0,clear,29.9,58.03,680,4,0,0.053,102.09,118.03,134.62,47.0,0.807,0.1736,8,57.57,Aman,0,normal,134.13,100.65,1.86
2025-07-23T23:30:00,5,zone5,23,2,0,1,cloudy,35.25,74.56,360,2,0,0.117,83.44,85.01,123.42,75.04,0.959,0.2361,2,63.09,Aman,0,normal,95.47,76.02,1.081
2025-07-23T23:45:00,3,zone3,23,2,0,1,cloudy,27.24,66.81,430,2,0,0.064,101.97,79.78,68.11,46.53,0.796,0.1855,8,69.28,Aman,0,normal,82.2,110.93,1.596
2025-07-24T00:00:00,1,zone1,0,3,0,1,cloudy,28.62,78.27,520,3,0,0.092,98.96,105.14,118.98,65.83,1.324,0.2022,5,74.83,Aman,0,normal,107.52,94.03,0.75
2025-07-24T00:15:00,1,zone1,0,3,0,2,rain,27.9,83.22,520,3,0,0.145,139.68,127.65,135.04,83.51,1.136,0.2455,3,78.78,Aman,0,normal,136.16,126.11,0.558
2025-07-24T00:30:00,5,zone5,0,3,0,1,cloudy,31.93,79.64,360,2,0,0.039,53.83,42.74,46.74,54.72,0.972,0.1187,5,68.34,Aman,0,normal,35.8,48.42,0.701
2025-07-24T00:45:00,2,zone2,0,3,0,0,clear,31.55,63.52,680,4,0,0.093,105.27,111.94,171.65,56.81,1.213,0.1646,5,70.31,Aman,0,normal,118.64,95.93,1.262
2025-07-24T01:00:00,3,zone3,1,3,0,0,clear,33.41,74.16,430,2,0,0.114,97.2,123.97,101.33,82.9,0.881,0.2883,3,68.16,Aman,0,normal,144.12,102.7,2.302
2025-07-24T01:15:00,3,zone3,1,3,0,1,cloudy,26.68,65.81,430,2,0,0.103,8,21.77,61.16,63.74,1.488,0.0506,6,60.3,Aman,0,normal,18.93,8,0.607
2025-07-24T01:30:00,2,zone2,1,3,0,0,clear,29.46,69.97,680,4,0,0.029,88.62,113.02,153.02,91.66,1.179,0.1662,5,64.37,Aman,0,normal,109.12,88.86,1.125
2025-07-24T01:45:00,4,zone4,1,3,0,0,clear,34.96,68.05,810,5,1,0.674,59.44,84.76,135.39,108.31,1.23,0.1046,4,86.67,Aman,0,normal,68.23,55.09,0.73
2025-07-24T02:00:00,1,zone1,2,3,0,2,rain,30.56,90.01,520,3,0,0.118,131.59,118.1,121.78,74.34,1.088,0.2271,5,80.89,Aman,0,normal,115.53,130.65,0.84
2025-07-24T02:15:00,3,zone3,2,3,0,0,clear,31.82,61.77,430,2,0,0.125,30.53,53.5,53.28,31.93,1.264,0.1244,4,63.38,Aman,1,density_spike,108.85,29.32,4.418
2025-07-24T02:30:00,2,zone2,2,3,0,0,clear,32.48,62.39,680,4,0,0.17,94.3,98.42,68.68,69.16,1.255,0.1447,7,60.11,Aman,0,normal,85.41,90.07,0.258
2025-07-24T02:45:00,5,zone5,2,3,0,2,rain,29.96,81.63,360,2,1,0.941,14.81,52.56,106.31,118.64,1.117,0.146,2,85.69,Waspada,0,normal,33.76,16.07,0.983
2025-07-24T03:00:00,3,zone3,3,3,0,0,clear,35.89,62.98,430,2,0,0.168,134.68,156.67,181.88,60.55,1.073,0.3643,8,77.3,Aman,0,normal,137.46,146.78,0.518
2025-07-24T03:15:00,5,zone5,3,3,0,0,clear,32.15,64.46,360,2,0,0.113,33.81,34.35,51.34,48.77,0.315,0.0954,8,87.25,Aman,1,density_spike,-0.4,37.26,5.277
2025-07-24T03:30:00,3,zone3,3,3,0,1,cloudy,23.57,50.59,430,2,0,0.033,105.18,91.16,63.82,48.81,1.111,0.212,8,78.0,Aman,0,normal,81.81,104.17,1.242
2025-07-24T03:45:00,4,zone4,3,3,0,1,cloudy,27.45,64.14,810,5,0,0.119,104.61,98.48,124.56,60.14,1.448,0.1216,2,56.67,Aman,0,normal,84.32,106.96,1.258
2025-07-24T04:00:00,5,zone5,4,3,0,0,clear,31.1,66.37,360,2,1,0.871,95.52,178.24,209.31,151.62,0.931,0.4951,3,90.19,Bahaya,1,density_spike,212.87,97.58,6.405
2025-07-24T04:15:00,3,zone3,4,3,0,0,clear,31.14,66.56,430,2,0,0.048,70.55,67.93,64.17,23.81,1.005,0.158,7,72.59,Aman,0,normal,56.63,78.18,1.197
2025-07-24T04:30:00,2,zone2,4,3,0,2,rain,26.82,86.9,680,4,0,0.11,65.66,87.65,86.93,42.73,0.802,0.1289,7,70.92,Aman,0,normal,99.5,58.35,2.286
2025-07-24T04:45:00,3,zone3,4,3,0,0,clear,31.99,48.49,430,2,0,0.13,134.98,160.67,158.77,45.39,0.739,0.3736,7,74.65,Aman,0,normal,144.85,130.33,0.807
2025-07-24T05:00:00,2,zone2,5,3,0,0,clear,33.23,72.5,680,4,0,0.093,151.52,185.87,154.73,60.11,1.102,0.2733,8,62.97,Aman,0,normal,147.02,150.39,0.187
2025-07-24T05:15:00,3,zone3,5,3,0,2,rain,26.76,94.17,430,2,0,0.101,102.78,85.51,83.07,42.11,1.24,0.1989,7,67.62,Aman,0,normal,97.28,90.36,0.384
2025-07-24T05:30:00,3,zone3,5,3,0,0,clear,31.95,74.73,430,2,0,0.165,28.82,56.52,33.67,62.93,1.396,0.1315,8,77.88,Aman,0,normal,58.9,26.92,1.777
2025-07-24T05:45:00,4,zone4,5,3,0,0,clear,32.92,58.0,810,5,0,0.149,97.12,88.96,92.26,40.04,1.09,0.1098,8,60.86,Aman,0,normal,68.73,87.55,1.046
2025-07-24T06:00:00,1,zone1,6,3,0,2,rain,31.58,84.74,520,3,0,0.092,152.23,120.51,122.9,66.97,1.158,0.2317,4,56.01,Aman,0,normal,126.27,162.34,1.851
2025-07-24T06:15:00,2,zone2,6,3,0,2,rain,27.87,84.53,680,4,0,0.018,101.56,110.7,65.25,36.6,1.38,0.1628,4,61.09,Aman,0,normal,127.59,110.7,0.939
2025-07-24T06:30:00,1,zone1,6,3,0,0,clear,30.52,66.89,520,3,0,0.022,165.1,157.54,152.17,40.68,1.05,0.303,4,70.4,Aman,0,normal,155.29,169.37,0.693
2025-07-24T06:45:00,5,zone5,6,3,0,1,cloudy,30.28,54.6,360,2,0,0.176,88.16,128.45,101.71,71.84,0.817,0.3568,7,66.7,Aman,1,density_spike,148.82,88.58,3.346
2025-07-24T07:00:00,3,zone3,7,3,0,0,clear,30.19,64.42,430,2,0,0.07,132.83,161.95,185.56,77.13,1.022,0.3766,2,67.2,Waspada,0,normal,154.94,133.65,1.183
2025-07-24T07:15:00,4,zone4,7,3,0,1,cloudy,29.51,69.91,810,5,0,0.012,129.69,128.7,49.01,61.62,1.121,0.1589,3,70.19,Aman,0,normal,123.53,116.31,0.401
2025-07-24T07:30:00,1,zone1,7,3,0,1,cloudy,26.03,72.29,520,3,0,0.004,145.14,137.22,145.11,37.66,1.241,0.2639,7,67.02,Aman,0,normal,143.57,145.36,0.099
2025-07-24T07:45:00,4,zone4,7,3,0,0,clear,35.34,65.39,810,5,1,0.5,99.14,106.05,136.27,141.81,0.779,0.1309,7,71.56,Waspada,0,normal,95.07,96.52,0.08
2025-07-24T08:00:00,1,zone1,8,3,0,1,cloudy,28.68,81.84,520,3,0,0.092,104.63,100.14,111.87,81.68,1.306,0.1926,4,70.76,Aman,0,normal,111.73,94.5,0.957
2025-07-24T08:15:00,1,zone1,8,3,0,0,clear,31.95,53.07,520,3,1,0.741,207.43,221.13,226.56,135.14,0.644,0.4252,4,76.47,Waspada,0,normal,239.8,194.78,1.926
2025-07-24T08:30:00,5,zone5,8,3,0,0,clear,28.24,64.17,360,2,0,0.036,73.11,92.27,94.28,68.0,0.949,0.2563,5,66.47,Aman,0,normal,108.61,66.6,2.334
2025-07-24T08:45:00,1,zone1,8,3,0,0,clear,31.95,64.64,520,3,0,0.112,213.45,210.33,230.1,66.95,0.824,0.4045,7,78.63,Waspada,0,normal,209.5,212.12,0.103
2025-07-24T09:00:00,1,zone1,9,3,0,2,rain,30.32,74.65,520,3,0,0.035,181.09,141.67,143.52,24.41,1.062,0.2724,7,62.62,Aman,0,normal,136.32,161.96,1.32
2025-07-24T09:15:00,2,zone2,9,3,0,3,storm,29.97,97.78,680,4,0,0.073,72.81,68.32,82.14,67.84,1.183,0.1005,2,72.93,Aman,0,normal,23.93,75.33,2.856
2025-07-24T09:30:00,5,zone5,9,3,0,1,cloudy,32.85,66.04,360,2,0,0.074,82.55,56.04,35.68,83.09,1.114,0.1557,2,67.57,Aman,0,normal,56.66,82.52,1.437
2025-07-24T09:45:00,1,zone1,9,3,0,2,rain,26.02,77.72,520,3,0,0.038,125.3,127.79,132.82,56.26,1.457,0.2457,3,61.78,Aman,0,normal,130.85,123.89,0.386
2025-07-24T10:00:00,3,zone3,10,3,0,0,clear,30.73,75.75,430,2,0,0.109,127.16,156.31,125.69,67.46,0.852,0.3635,8,78.57,Aman,0,normal,153.19,125.81,1.521
2025-07-24T10:15:00,4,zone4,10,3,0,0,clear,30.22,79.13,810,5,0,0.141,63.39,57.55,40.77,75.59,1.098,0.0711,2,67.57,Aman,0,normal,61.01,67.91,0.384
2025-07-24T10:30:00,3,zone3,10,3,0,2,rain,27.26,76.53,430,2,0,0.036,68.69,47.31,83.79,30.91,1.264,0.11,8,68.97,Aman,0,normal,28.01,65.12,2.062
2025-07-24T10:45:00,3,zone3,10,3,0,3,storm,31.61,81.5,430,2,0,0.063,85.13,79.81,75.83,55.92,0.978,0.1856,2,61.37,Aman,0,normal,97.43,79.46,0.998
2025-07-24T11:00:00,2,zone2,11,3,0,1,cloudy,29.61,70.52,680,4,0,0.077,119.77,128.5,103.98,29.62,1.256,0.189,3,68.81,Aman,0,normal,151.34,104.57,2.599
2025-07-24T11:15:00,4,zone4,11,3,0,1,cloudy,29.41,85.27,810,5,0,0.153,64.28,74.76,61.97,65.48,1.173,0.0923,5,68.02,Aman,0,normal,81.37,59.84,1.196
2025-07-24T11:30:00,4,zone4,11,3,0,1,cloudy,27.26,62.17,810,5,0,0.168,133.49,127.65,135.73,60.89,1.248,0.1576,2,75.4,Aman,0,normal,128.36,115.02,0.741
2025-07-24T11:45:00,5,zone5,11,3,0,0,clear,30.69,59.45,360,2,0,0.035,9.84,5.23,4,66.05,1.295,0.0145,3,68.16,Aman,0,normal,-3.29,9.26,0.697
2025-07-24T12:00:00,5,zone5,12,3,0,1,cloudy,26.7,62.98,360,2,0,0.032,38.52,46.54,16.77,69.02,1.122,0.1293,7,58.05,Aman,0,normal,36.82,33.76,0.17
2025-07-24T12:15:00,4,zone4,12,3,0,0,clear,29.65,61.61,810,5,0,0.067,35.84,27.06,21.39,59.02,1.416,0.0334,8,77.69,Aman,0,normal,13.07,38.09,1.39
2025-07-24T12:30:00,2,zone2,12,3,0,3,storm,27.66,80.42,680,4,0,0.072,48.13,4,19.73,62.65,1.305,0.0059,5,62.44,Aman,1,density_spike,-22.2,53.11,4.184
2025-07-24T12:45:00,3,zone3,12,3,0,0,clear,33.2,56.81,430,2,0,0.157,110.34,116.85,103.76,48.9,0.998,0.2718,6,70.44,Aman,0,normal,121.94,103.96,0.999
2025-07-24T13:00:00,5,zone5,13,3,0,0,clear,32.62,61.49,360,2,0,0.043,92.25,127.16,126.14,107.31,0.816,0.3532,3,63.95,Waspada,0,normal,134.25,87.54,2.595
2025-07-24T13:15:00,1,zone1,13,3,0,1,cloudy,30.17,83.45,520,3,0,0.049,151.53,146.34,129.84,33.64,0.49,0.2814,5,93.73,Aman,1,density_spike,216.55,132.37,4.982
2025-07-24T13:30:00,4,zone4,13,3,0,2,rain,24.97,75.18,810,5,0,0.073,39.72,5.37,23.3,78.61,1.141,0.0066,7,67.16,Aman,0,normal,10.89,37.19,1.461
2025-07-24T13:45:00,4,zone4,13,3,0,2,rain,27.84,86.52,810,5,0,0.089,62.69,91.69,102.21,43.44,1.094,0.1132,4,65.46,Aman,0,normal,85.14,58.45,1.483
2025-07-24T14:00:00,4,zone4,14,3,0,0,clear,30.96,60.36,810,5,0,0.02,87.69,92.59,76.21,25.8,1.298,0.1143,3,68.39,Aman,0,normal,122.67,94.74,1.552
2025-07-24T14:15:00,2,zone2,14,3,0,0,clear,28.25,71.33,680,4,0,0.109,117.27,133.63,125.8,72.13,1.162,0.1965,7,64.75,Aman,0,normal,153.52,108.7,2.49
2025-07-24T14:30:00,3,zone3,14,3,0,0,clear,29.24,54.9,430,2,1,0.947,136.52,204.99,243.18,141.65,0.793,0.4767,3,90.33,Bahaya,1,density_spike,198.87,143.46,3.078
2025-07-24T14:45:00,3,zone3,14,3,0,0,clear,35.67,58.7,430,2,0,0.133,114.58,141.05,143.03,80.76,0.836,0.328,5,64.1,Aman,0,normal,149.63,123.67,1.442
2025-07-24T15:00:00,2,zone2,15,3,0,0,clear,26.23,73.82,680,4,0,0.164,137.75,125.27,139.62,40.41,0.669,0.1842,3,59.56,Aman,0,normal,115.06,140.41,1.408
2025-07-24T15:15:00,3,zone3,15,3,0,0,clear,33.27,50.21,430,2,0,0.157,92.82,99.9,112.06,70.25,0.824,0.2323,3,71.04,Aman,0,normal,93.25,86.47,0.377
2025-07-24T15:30:00,4,zone4,15,3,0,0,clear,26.19,66.81,810,5,0,0.149,74.95,92.62,57.83,60.72,1.358,0.1143,4,64.43,Aman,0,normal,89.15,80.12,0.502
2025-07-24T15:45:00,2,zone2,15,3,0,0,clear,34.39,75.41,680,4,1,0.601,166.34,224.9,229.44,131.2,0.877,0.3307,4,96.49,Waspada,1,density_spike,233.1,154.98,4.2
2025-07-24T16:00:00,1,zone1,16,3,0,0,clear,31.19,64.11,520,3,0,0.038,133.34,116.49,99.26,62.3,1.24,0.224,2,73.79,Aman,0,normal,122.43,127.44,0.278
2025-07-24T16:15:00,3,zone3,16,3,0,1,cloudy,30.22,81.84,430,2,0,0.077,145.77,179.69,174.79,87.47,0.965,0.4179,2,73.44,Waspada,0,normal,164.05,153.38,0.58
2025-07-24T16:30:00,2,zone2,16,3,0,1,cloudy,28.32,64.15,680,4,0,0.136,120.25,129.46,111.42,106.12,1.216,0.1904,4,66.46,Aman,0,normal,105.53,117.27,0.652
2025-07-24T16:45:00,4,zone4,16,3,0,0,clear,34.06,59.75,810,5,0,0.034,162.55,189.11,213.39,42.97,0.998,0.2335,5,57.53,Aman,0,normal,162.79,170.97,0.399
2025-07-24T17:00:00,4,zone4,17,3,0,1,cloudy,29.09,66.91,810,5,0,0.023,53.55,40.97,44.46,53.79,1.033,0.0506,7,65.76,Aman,0,normal,13.93,59.55,2.534
2025-07-24T17:15:00,5,zone5,17,3,0,1,cloudy,32.04,65.68,360,2,0,0.018,90.21,50.38,57.8,60.63,1.103,0.1399,6,72.11,Aman,0,normal,51.32,86.05,1.929
2025-07-24T17:30:00,2,zone2,17,3,0,0,clear,29.94,59.93,680,4,0,0.059,143.5,165.35,143.1,72.33,1.268,0.2432,4,64.95,Aman,0,normal,172.12,126.61,2.528
2025-07-24T17:45:00,5,zone5,17,3,0,1,cloudy,31.1,82.77,360,2,0,0.03,54.67,45.8,45.86,31.12,0.961,0.1272,8,63.49,Aman,0,normal,39.0,60.86,1.215
2025-07-24T18:00:00,4,zone4,18,3,0,0,clear,28.21,61.23,810,5,0,0.073,115.54,96.7,78.32,46.89,0.806,0.1194,2,62.01,Aman,0,normal,94.38,107.47,0.727
2025-07-24T18:15:00,1,zone1,18,3,0,2,rain,25.73,83.89,520,3,1,0.955,242.91,279.7,381.06,165.89,1.236,0.5379,6,100.35,Bahaya,0,normal,296.65,265.49,0.978
2025-07-24T18:30:00,5,zone5,18,3,0,1,cloudy,29.33,80.07,360,2,0,0.056,105.29,89.48,74.11,50.39,1.261,0.2486,3,68.14,Aman,0,normal,71.65,112.47,2.268
2025-07-24T18:45:00,4,zone4,18,3,0,2,rain,27.95,68.22,810,5,0,0.05,86.76,74.49,76.1,55.1,0.95,0.092,6,63.2,Aman,0,normal,48.59,93.85,2.514
2025-07-24T19:00:00,5,zone5,19,3,0,1,cloudy,32.53,65.51,360,2,1,0.848,153.47,171.66,279.73,160.01,0.943,0.4768,7,82.01,Bahaya,0,normal,191.46,150.14,2.294
2025-07-24T19:15:00,1,zone1,19,3,0,0,clear,30.5,51.54,520,3,0,0.118,183.86,186.16,253.01,81.89,1.033,0.358,7,72.4,Aman,0,normal,174.55,166.65,0.395
2025-07-24T19:30:00,3,zone3,19,3,0,2,rain,27.59,65.93,430,2,0,0.14,71.43,72.47,98.91,77.09,1.031,0.1685,3,63.21,Aman,0,normal,76.45,71.75,0.261
2025-07-24T19:45:00,2,zone2,19,3,0,0,clear,29.15,74.69,680,4,0,0.027,143.56,137.83,165.14,53.83,0.383,0.2027,3,98.36,Aman,1,density_spike,336.34,140.74,5.988
2025-07-24T20:00:00,2,zone2,20,3,0,0,clear,31.27,59.89,680,4,0,0.022,90.67,80.06,93.79,54.47,1.141,0.1177,7,60.99,Aman,0,normal,63.36,80.15,0.933
2025-07-24T20:15:00,5,zone5,20,3,0,0,clear,32.57,72.38,360,2,0,0.022,111.39,125.54,131.87,67.04,1.161,0.3487,6,67.3,Aman,1,density_spike,169.97,114.36,3.089
2025-07-24T20:30:00,3,zone3,20,3,0,0,clear,33.69,49.04,430,2,0,0.156,167.04,152.82,176.42,68.94,0.924,0.3554,3,80.12,Aman,0,normal,198.76,171.75,1.31
2025-07-24T20:45:00,4,zone4,20,3,0,0,clear,34.25,67.88,810,5,0,0.175,109.15,131.96,142.92,82.94,1.055,0.1629,6,63.15,Aman,0,normal,132.76,108.8,1.331
2025-07-24T21:00:00,5,zone5,21,3,0,1,cloudy,33.83,72.08,360,2,0,0.053,131.22,146.24,172.81,89.97,0.939,0.4062,8,77.44,Waspada,0,normal,118.46,135.77,0.962
2025-07-24T21:15:00,3,zone3,21,3,0,1,cloudy,25.83,86.28,430,2,0,0.067,130.23,140.5,144.21,62.65,0.97,0.3267,3,63.42,Aman,0,normal,174.72,121.37,2.964
2025-07-24T21:30:00,5,zone5,21,3,0,1,cloudy,27.12,75.58,360,2,0,0.101,61.18,51.3,70.28,76.98,0.476,0.1425,5,97.32,Aman,1,density_spike,152.45,62.18,3.456
2025-07-24T21:45:00,4,zone4,21,3,0,0,clear,32.72,53.59,810,5,0,0.016,159.04,171.9,214.9,39.68,1.008,0.2122,8,60.05,Aman,0,normal,202.21,174.64,1.316
2025-07-24T22:00:00,4,zone4,22,3,0,0,clear,31.02,50.91,810,5,0,0.109,138.73,139.02,153.27,90.31,1.355,0.1716,6,65.21,Aman,0,normal,83.89,120.25,2.02
2025-07-24T22:15:00,3,zone3,22,3,0,2,rain,28.72,68.01,430,2,0,0.027,68.3,69.85,65.86,48.49,0.806,0.1625,4,68.56,Aman,0,normal,91.23,61.05,1.677
2025-07-24T22:30:00,4,zone4,22,3,0,0,clear,30.15,75.59,810,5,0,0.081,48.92,63.3,76.71,22.04,1.023,0.0781,7,74.59,Aman,0,normal,57.87,52.97,0.272
2025-07-24T22:45:00,3,zone3,22,3,0,1,cloudy,30.38,67.55,430,2,1,0.492,126.16,139.29,183.51,99.41,1.268,0.3239,4,79.06,Waspada,0,normal,140.25,120.45,1.1
2025-07-24T23:00:00,4,zone4,23,3,0,3,storm,26.45,75.23,810,5,0,0.126,63.4,77.08,99.12,51.6,0.906,0.0952,6,67.04,Aman,0,normal,86.08,57.4,1.593
2025-07-24T23:15:00,4,zone4,23,3,0,0,clear,33.46,69.86,810,5,0,0.14,111.63,155.68,122.02,67.52,1.363,0.1922,6,68.63,Aman,1,density_spike,167.44,104.54,3.495
2025-07-24T23:30:00,1,zone1,23,3,0,3,storm,23.81,98,520,3,0,0.109,95.92,48.58,53.79,33.62,1.245,0.0934,7,74.04,Aman,1,density_spike,20.26,99.88,4.423
2025-07-24T23:45:00,5,zone5,23,3,0,0,clear,30.48,58.71,360,2,0,0.174,88.03,121.67,152.99,82.5,0.485,0.338,5,70.14,Aman,0,normal,108.06,81.57,1.471
2025-07-25T00:00:00,3,zone3,0,4,0,1,cloudy,27.44,82.7,430,2,0,0.177,62.47,84.79,83.9,69.8,1.276,0.1972,4,63.44,Aman,0,normal,96.68,56.79,2.216
2025-07-25T00:15:00,2,zone2,0,4,0,1,cloudy,31.38,71.7,680,4,0,0.104,37.8,44.57,82.07,49.06,0.998,0.0655,2,70.94,Aman,0,normal,31.99,32.8,0.045
2025-07-25T00:30:00,3,zone3,0,4,0,1,cloudy,27.35,66.24,430,2,0,0.102,114.54,75.85,98.74,63.38,1.158,0.1764,5,71.13,Aman,0,normal,94.47,110.29,0.879
2025-07-25T00:45:00,1,zone1,0,4,0,0,clear,28.76,65.17,520,3,0,0.024,96.51,119.34,150.88,68.16,1.422,0.2295,8,70.36,Aman,0,normal,129.08,96.95,1.785
2025-07-25T01:00:00,3,zone3,1,4,0,1,cloudy,29.05,87.21,430,2,0,0.099,72.05,66.74,46.95,47.45,1.043,0.1552,3,69.26,Aman,0,normal,68.15,79.94,0.655
2025-07-25T01:15:00,1,zone1,1,4,0,0,clear,34.78,78.47,520,3,0,0.113,118.94,153.95,141.73,73.79,0.973,0.2961,5,66.18,Aman,0,normal,136.78,126.56,0.568
2025-07-25T01:30:00,4,zone4,1,4,0,0,clear,31.64,67.02,810,5,0,0.039,101.98,116.17,120.59,46.41,0.904,0.1434,7,76.31,Aman,0,normal,117.71,102.82,0.827
2025-07-25T01:45:00,4,zone4,1,4,0,0,clear,29.88,64.66,810,5,0,0.085,128.06,134.83,120.76,80.76,1.03,0.1665,6,72.14,Aman,0,normal,109.96,132.67,1.262
2025-07-25T02:00:00,5,zone5,2,4,0,0,clear,30.62,71.86,360,2,0,0.168,11.05,32.03,79.83,16.62,1.28,0.089,3,64.58,Aman,0,normal,45.49,10.53,1.942
2025-07-25T02:15:00,1,zone1,2,4,0,1,cloudy,31.96,70.51,520,3,0,0.059,96.95,93.05,93.34,32.42,1.148,0.1789,6,68.22,Aman,0,normal,111.48,107.26,0.234
2025-07-25T02:30:00,1,zone1,2,4,0,0,clear,30.98,64.04,520,3,0,0.157,126.38,116.14,107.68,61.74,0.985,0.2234,6,73.05,Aman,0,normal,104.96,110.33,0.298
2025-07-25T02:45:00,2,zone2,2,4,0,0,clear,27.56,60.39,680,4,0,0.13,81.7,105.43,87.33,67.39,1.141,0.155,8,65.29,Aman,0,normal,98.78,75.24,1.308
2025-07-25T03:00:00,4,zone4,3,4,0,0,clear,30.7,69.53,810,5,0,0.05,120.28,157.93,95.61,88.3,1.183,0.195,6,70.49,Aman,0,normal,149.57,130.31,1.07
2025-07-25T03:15:00,5,zone5,3,4,0,0,clear,31.53,81.84,360,2,0,0.139,80.84,90.35,67.87,62.79,1.1,0.251,4,65.01,Aman,0,normal,86.97,69.89,0.949
2025-07-25T03:30:00,4,zone4,3,4,0,0,clear,28.81,68.04,810,5,0,0.096,57.71,34.1,72.63,40.65,1.116,0.0421,6,60.96,Aman,0,normal,12.51,63.58,2.837
2025-07-25T03:45:00,2,zone2,3,4,0,0,clear,31.05,58.32,680,4,0,0.029,94.45,141.22,139.01,33.01,0.978,0.2077,3,57.66,Aman,0,normal,144.0,100.94,2.392
2025-07-25T04:00:00,2,zone2,4,4,0,0,clear,32.72,75.57,680,4,0,0.013,121.56,140.57,181.08,42.18,0.821,0.2067,8,59.62,Aman,0,normal,152.89,104.96,2.663
2025-07-25T04:15:00,4,zone4,4,4,0,0,clear,35.68,60.86,810,5,0,0.174,104.78,132.46,139.1,78.55,1.016,0.1635,3,73.95,Aman,0,normal,121.4,92.2,1.622
2025-07-25T04:30:00,4,zone4,4,4,0,1,cloudy,24.63,82.94,810,5,0,0.04,67.79,56.36,27.02,59.1,1.155,0.0696,7,66.19,Aman,0,normal,71.2,62.83,0.465
2025-07-25T04:45:00,2,zone2,4,4,0,0,clear,27.62,58.22,680,4,0,0.085,80.39,77.55,96.41,49.97,1.054,0.114,4,59.55,Aman,0,normal,68.73,77.43,0.484
2025-07-25T05:00:00,5,zone5,5,4,0,0,clear,30.47,64.77,360,2,0,0.118,124.31,117.22,113.66,52.48,0.898,0.3256,5,66.31,Aman,0,normal,125.48,133.67,0.455
2025-07-25T05:15:00,5,zone5,5,4,0,0,clear,31.1,70.23,360,2,0,0.18,58.04,97.4,53.1,55.3,0.946,0.2705,8,70.77,Aman,1,density_spike,113.12,53.36,3.32
2025-07-25T05:30:00,3,zone3,5,4,0,1,cloudy,26.64,68.55,430,2,0,0.11,58.87,55.51,81.71,46.54,1.377,0.1291,5,61.88,Aman,0,normal,52.41,58.0,0.31
2025-07-25T05:45:00,1,zone1,5,4,0,1,cloudy,24.34,77.68,520,3,0,0.037,137.87,152.08,186.74,77.75,0.901,0.2925,2,61.49,Aman,0,normal,156.36,152.85,0.191
2025-07-25T06:00:00,2,zone2,6,4,0,1,cloudy,29.47,67.75,680,4,0,0.112,82.84,91.84,136.06,87.46,1.231,0.1351,8,65.48,Aman,0,normal,127.71,81.28,2.579
2025-07-25T06:15:00,3,zone3,6,4,0,1,cloudy,32.09,54.18,430,2,0,0.003,142.73,131.23,129.9,37.76,0.61,0.3052,8,83.58,Aman,1,density_spike,295.87,147.59,3.436
2025-07-25T06:30:00,2,zone2,6,4,0,0,clear,32.82,76.65,680,4,0,0.148,122.88,130.92,117.72,76.06,1.056,0.1925,8,68.17,Aman,0,normal,138.38,124.74,0.758
2025-07-25T06:45:00,2,zone2,6,4,0,0,clear,32.52,68.43,680,4,0,0.023,139.71,124.52,128.93,55.48,1.289,0.1831,5,67.58,Aman,0,normal,99.47,129.4,1.662
2025-07-25T07:00:00,3,zone3,7,4,0,1,cloudy,31.0,66.9,430,2,1,0.628,126.79,155.09,195.6,131.57,0.866,0.3607,8,83.37,Waspada,0,normal,140.15,129.06,0.616
2025-07-25T07:15:00,3,zone3,7,4,0,1,cloudy,21.76,78.42,430,2,0,0.113,186.7,171.05,122.49,79.85,0.656,0.3978,4,67.05,Waspada,0,normal,183.34,164.85,0.935
2025-07-25T07:30:00,4,zone4,7,4,0,0,clear,32.65,79.09,810,5,0,0.0,93.14,100.77,77.01,47.62,1.102,0.1244,7,72.12,Aman,0,normal,112.86,101.29,0.643
2025-07-25T07:45:00,1,zone1,7,4,0,3,storm,25.92,94.12,520,3,0,0.02,129.59,96.01,118.44,54.16,1.597,0.1846,8,66.93,Aman,0,normal,85.57,125.03,2.192
2025-07-25T08:00:00,2,zone2,8,4,0,1,cloudy,24.2,78.43,680,4,0,0.074,172.28,185.4,176.18,61.21,1.265,0.2726,5,78.58,Aman,0,normal,216.26,183.09,1.51
2025-07-25T08:15:00,3,zone3,8,4,0,1,cloudy,28.35,60.04,430,2,0,0.026,131.92,149.88,151.32,51.59,1.227,0.3486,2,67.8,Aman,0,normal,139.37,122.51,0.936
2025-07-25T08:30:00,1,zone1,8,4,0,0,clear,27.23,66.99,520,3,1,0.5,205.31,245.78,291.21,92.97,0.998,0.4726,5,81.56,Waspada,0,normal,268.76,222.16,1.748
2025-07-25T08:45:00,2,zone2,8,4,0,1,cloudy,32.21,71.61,680,4,1,0.484,133.16,134.2,153.19,101.98,1.066,0.1974,3,80.15,Aman,0,normal,160.17,114.84,2.518
2025-07-25T09:00:00,4,zone4,9,4,0,0,clear,35.15,66.61,810,5,0,0.149,102.63,117.2,156.36,48.6,0.443,0.1447,5,91.2,Aman,1,density_spike,217.85,93.45,5.463
2025-07-25T09:15:00,3,zone3,9,4,0,0,clear,30.18,48,430,2,0,0.113,114.31,130.59,101.58,62.06,1.199,0.3037,4,67.28,Aman,0,normal,104.84,107.72,0.16
2025-07-25T09:30:00,4,zone4,9,4,0,1,cloudy,29.44,83.55,810,5,1,0.478,121.94,144.32,155.16,132.46,1.515,0.1782,8,69.68,Waspada,0,normal,132.42,133.71,0.072
2025-07-25T09:45:00,1,zone1,9,4,0,0,clear,30.54,74.99,520,3,0,0.048,167.6,172.0,198.09,77.39,0.93,0.3308,7,76.12,Aman,0,normal,164.22,154.14,0.545
2025-07-25T10:00:00,4,zone4,10,4,0,1,cloudy,28.64,81.49,810,5,0,0.123,122.9,115.48,101.65,86.43,1.501,0.1426,7,77.41,Aman,0,normal,117.42,123.65,0.346
2025-07-25T10:15:00,3,zone3,10,4,0,0,clear,27.74,70.49,430,2,0,0.147,136.7,163.17,157.26,76.54,0.531,0.3795,4,72.16,Waspada,0,normal,166.67,144.34,1.24
2025-07-25T10:30:00,4,zone4,10,4,0,0,clear,29.96,69.86,810,5,0,0.028,130.72,106.22,113.77,45.19,1.25,0.1311,8,67.57,Aman,0,normal,116.56,118.79,0.124
2025-07-25T10:45:00,4,zone4,10,4,0,0,clear,29.34,56.92,810,5,0,0.082,90.02,60.0,68.16,87.23,1.102,0.0741,6,59.26,Aman,0,normal,86.78,80.69,0.338
2025-07-25T11:00:00,4,zone4,11,4,0,1,cloudy,29.45,65.82,810,5,0,0.123,71.24,40.49,40.85,64.06,1.083,0.05,4,66.63,Aman,0,normal,16.92,65.58,2.703
2025-07-25T11:15:00,1,zone1,11,4,0,1,cloudy,26.7,59.8,520,3,0,0.032,113.4,96.74,109.26,60.38,1.299,0.186,5,55.98,Aman,0,normal,101.11,113.71,0.7
2025-07-25T11:30:00,1,zone1,11,4,0,0,clear,26.55,70.19,520,3,0,0.024,185.16,153.62,137.06,57.32,1.145,0.2954,5,75.33,Aman,0,normal,146.0,191.25,1.972
2025-07-25T11:45:00,1,zone1,11,4,0,1,cloudy,22.81,58.94,520,3,0,0.063,115.14,88.1,91.25,70.38,1.281,0.1694,8,54.74,Aman,0,normal,109.38,128.15,1.043
2025-07-25T12:00:00,5,zone5,12,4,0,0,clear,32.77,62.52,360,2,1,0.64,51.15,116.43,132.98,92.09,0.794,0.3234,8,82.66,Waspada,1,density_spike,138.42,54.13,4.682
2025-07-25T12:15:00,3,zone3,12,4,0,0,clear,34.13,65.3,430,2,0,0.093,141.89,166.73,171.18,72.41,0.653,0.3877,6,69.56,Waspada,0,normal,161.34,152.68,0.473
2025-07-25T12:30:00,3,zone3,12,4,0,0,clear,33.42,59.8,430,2,1,0.583,108.35,194.05,239.29,102.12,0.863,0.4513,6,73.39,Waspada,1,density_spike,214.77,112.35,5.69
2025-07-25T12:45:00,3,zone3,12,4,0,0,clear,31.46,62.73,430,2,0,0.09,120.96,126.68,146.1,66.17,1.084,0.2946,5,67.5,Aman,0,normal,104.07,110.47,0.355
2025-07-25T13:00:00,4,zone4,13,4,0,1,cloudy,27.7,78.22,810,5,0,0.12,71.7,82.81,123.0,73.5,1.014,0.1022,5,59.83,Aman,0,normal,66.14,77.01,0.604
2025-07-25T13:15:00,1,zone1,13,4,0,0,clear,34.51,69.02,520,3,0,0.06,244.5,256.11,267.1,99.01,0.934,0.4925,6,66.51,Waspada,0,normal,270.6,237.7,1.153
2025-07-25T13:30:00,5,zone5,13,4,0,0,clear,29.34,66.99,360,2,0,0.107,94.54,83.55,76.52,65.47,0.933,0.2321,3,77.83,Aman,0,normal,81.57,94.31,0.708
2025-07-25T13:45:00,4,zone4,13,4,0,0,clear,31.5,80.95,810,5,0,0.01,115.0,102.22,93.54,44.81,1.156,0.1262,8,62.21,Aman,0,normal,125.88,103.42,1.248
2025-07-25T14:00:00,3,zone3,14,4,0,0,clear,30.71,69.41,430,2,0,0.073,95.66,105.07,48.03,55.38,1.031,0.2443,4,66.84,Aman,0,normal,114.3,86.25,1.558
2025-07-25T14:15:00,4,zone4,14,4,0,0,clear,32.45,73.97,810,5,0,0.051,157.63,204.46,210.65,64.6,0.837,0.2524,2,67.14,Aman,0,normal,182.75,153.62,1.58
2025-07-25T14:30:00,3,zone3,14,4,0,1,cloudy,29.18,91.21,430,2,0,0.032,100.1,108.77,95.38,32.95,1.449,0.253,7,65.72,Aman,1,density_spike,147.55,93.05,3.027
2025-07-25T14:45:00,4,zone4,14,4,0,1,cloudy,29.52,63.67,810,5,0,0.092,100.01,115.96,118.32,50.25,1.044,0.1432,4,63.72,Aman,0,normal,133.7,108.61,1.394
2025-07-25T15:00:00,2,zone2,15,4,0,1,cloudy,28.81,83.1,680,4,1,0.569,170.86,212.82,276.61,118.5,1.152,0.313,3,74.09,Waspada,0,normal,184.41,182.18,0.102
2025-07-25T15:15:00,2,zone2,15,4,0,2,rain,26.87,85.12,680,4,0,0.056,43.93,8.23,4,21.11,1.339,0.0121,3,70.78,Aman,0,normal,-14.66,37.82,2.916
2025-07-25T15:30:00,5,zone5,15,4,0,1,cloudy,30.27,84.35,360,2,0,0.039,14.95,28.39,65.85,37.21,1.033,0.0789,8,63.38,Aman,0,normal,20.04,13.11,0.385
2025-07-25T15:45:00,4,zone4,15,4,0,1,cloudy,29.45,77.7,810,5,0,0.103,79.15,104.61,110.14,61.75,0.401,0.1292,6,85.16,Aman,1,density_spike,17.88,77.91,3.838
2025-07-25T16:00:00,4,zone4,16,4,0,0,clear,26.04,76.97,810,5,0,0.12,47.95,37.76,39.25,73.94,1.383,0.0466,8,61.24,Aman,0,normal,37.51,45.48,0.443
2025-07-25T16:15:00,4,zone4,16,4,0,1,cloudy,31.0,76.44,810,5,0,0.148,83.74,61.23,72.69,96.62,1.16,0.0756,8,66.22,Aman,0,normal,62.7,91.96,1.625
2025-07-25T16:30:00,2,zone2,16,4,0,2,rain,25.91,75.17,680,4,0,0.154,101.8,94.42,166.23,91.21,1.038,0.1389,3,78.74,Aman,0,normal,113.95,107.17,0.377
2025-07-25T16:45:00,4,zone4,16,4,0,0,clear,31.07,64.98,810,5,0,0.121,89.32,100.12,119.68,60.18,1.133,0.1236,7,68.89,Aman,0,normal,121.46,95.81,1.425
2025-07-25T17:00:00,4,zone4,17,4,0,0,clear,32.85,56.72,810,5,1,0.487,122.84,172.89,227.2,99.24,1.079,0.2134,6,71.45,Waspada,1,density_spike,186.84,122.87,3.554
2025-07-25T17:15:00,2,zone2,17,4,0,1,cloudy,29.37,77.87,680,4,0,0.108,147.69,157.74,156.05,67.78,1.007,0.232,8,66.98,Aman,0,normal,127.39,137.32,0.552
2025-07-25T17:30:00,3,zone3,17,4,0,0,clear,30.25,65.35,430,2,0,0.017,46.26,54.03,53.23,54.03,1.408,0.1257,7,65.67,Aman,0,normal,42.35,44.97,0.146
2025-07-25T17:45:00,3,zone3,17,4,0,0,clear,27.32,66.6,430,2,0,0.154,78.26,93.43,97.2,92.46,1.074,0.2173,2,71.61,Aman,0,normal,97.49,79.35,1.007
2025-07-25T18:00:00,4,zone4,18,4,0,0,clear,28.78,70.63,810,5,0,0.051,162.3,219.3,253.78,80.72,1.4,0.2707,5,67.33,Aman,0,normal,198.14,166.16,1.604
2025-07-25T18:15:00,3,zone3,18,4,0,0,clear,28.81,70.21,430,2,0,0.14,141.48,139.89,182.5,73.28,1.109,0.3253,8,69.8,Aman,0,normal,119.13,124.32,0.288
2025-07-25T18:30:00,2,zone2,18,4,0,2,rain,28.11,87.99,680,4,0,0.121,127.02,103.8,160.14,60.61,1.07,0.1527,5,77.8,Aman,0,normal,110.77,131.69,1.162
2025-07-25T18:45:00,5,zone5,18,4,0,0,clear,34.33,50.47,360,2,0,0.063,43.84,54.7,63.73,31.78,0.952,0.1519,4,69.97,Aman,0,normal,60.36,39.46,1.161
2025-07-25T19:00:00,3,zone3,19,4,0,0,clear,30.15,70.87,430,2,0,0.095,139.44,135.38,114.15,68.49,0.983,0.3148,3,67.0,Aman,0,normal,127.31,121.47,0.324
2025-07-25T19:15:00,3,zone3,19,4,0,1,cloudy,31.47,84.34,430,2,0,0.076,127.9,121.82,110.63,67.58,0.905,0.2833,5,62.86,Aman,0,normal,103.7,112.09,0.466
2025-07-25T19:30:00,5,zone5,19,4,0,0,clear,29.06,66.97,360,2,0,0.155,114.93,114.57,126.18,54.57,0.329,0.3182,2,100.34,Aman,1,density_spike,22.52,116.08,3.191
2025-07-25T19:45:00,2,zone2,19,4,0,0,clear,34.84,74.05,680,4,0,0.111,152.9,115.48,148.8,82.84,1.203,0.1698,7,71.49,Aman,0,normal,153.64,170.75,0.835
2025-07-25T20:00:00,1,zone1,20,4,0,1,cloudy,31.42,79.03,520,3,0,0.004,188.71,169.7,183.28,50.92,0.863,0.3264,4,81.05,Aman,0,normal,160.48,209.2,1.941
2025-07-25T20:15:00,5,zone5,20,4,0,1,cloudy,29.28,83.37,360,2,1,0.597,137.42,160.66,232.35,82.31,0.749,0.4463,2,81.7,Waspada,0,normal,154.51,124.63,1.66
2025-07-25T20:30:00,5,zone5,20,4,0,1,cloudy,28.84,80.25,360,2,0,0.104,135.2,155.85,188.79,76.72,1.134,0.4329,3,67.37,Waspada,0,normal,152.75,118.71,1.892
2025-07-25T20:45:00,2,zone2,20,4,0,2,rain,28.81,88.86,680,4,1,0.46,135.63,150.35,189.17,86.4,0.949,0.2211,4,71.55,Aman,0,normal,161.74,125.09,2.036
2025-07-25T21:00:00,1,zone1,21,4,0,0,clear,30.88,63.54,520,3,1,0.609,220.02,256.23,317.61,64.65,0.635,0.4928,5,80.59,Waspada,1,density_spike,287.67,194.12,4.016
2025-07-25T21:15:00,1,zone1,21,4,0,0,clear,30.57,74.94,520,3,0,0.114,189.59,192.86,249.08,83.17,1.091,0.3709,5,75.55,Waspada,0,normal,170.94,184.08,0.595
2025-07-25T21:30:00,3,zone3,21,4,0,1,cloudy,29.55,67.51,430,2,0,0.12,126.38,160.36,188.7,36.84,0.442,0.3729,7,99.12,Aman,1,density_spike,35.96,112.35,5.499
2025-07-25T21:45:00,4,zone4,21,4,0,2,rain,26.52,84.12,810,5,0,0.151,115.9,138.63,157.97,79.82,1.27,0.1711,5,64.57,Aman,0,normal,148.09,100.09,2.667
2025-07-25T22:00:00,3,zone3,22,4,0,1,cloudy,27.52,72.72,430,2,0,0.017,122.41,132.16,127.42,68.12,1.211,0.3073,3,74.34,Aman,0,normal,132.35,118.62,0.763
2025-07-25T22:15:00,2,zone2,22,4,0,1,cloudy,29.33,81.18,680,4,0,0.133,112.57,112.94,144.2,38.87,0.552,0.1661,3,101.05,Aman,1,density_spike,248.29,112.28,3.396
2025-07-25T22:30:00,2,zone2,22,4,0,0,clear,30.5,76.19,680,4,0,0.011,111.99,124.12,150.24,74.91,1.257,0.1825,6,68.81,Aman,0,normal,111.06,106.61,0.247
2025-07-25T22:45:00,5,zone5,22,4,0,1,cloudy,27.05,70.48,360,2,0,0.172,50.16,40.96,37.04,68.17,1.059,0.1138,3,64.49,Aman,0,normal,30.9,55.39,1.361
2025-07-25T23:00:00,5,zone5,23,4,0,1,cloudy,24.75,77.07,360,2,0,0.138,106.76,120.61,122.93,31.82,1.115,0.335,3,57.42,Aman,0,normal,120.98,93.62,1.52
2025-07-25T23:15:00,5,zone5,23,4,0,0,clear,29.33,62.74,360,2,0,0.133,8,31.99,52.86,39.57,1.007,0.0889,4,58.94,Aman,0,normal,29.04,8.93,1.117
2025-07-25T23:30:00,3,zone3,23,4,0,2,rain,29.59,67.78,430,2,0,0.109,111.67,127.05,100.53,64.81,1.063,0.2955,2,64.66,Aman,0,normal,112.64,103.17,0.527
2025-07-25T23:45:00,3,zone3,23,4,0,0,clear,32.21,58.32,430,2,0,0.136,130.09,124.42,175.53,46.25,0.968,0.2894,5,62.83,Aman,0,normal,143.06,120.88,1.232
2025-07-26T00:00:00,5,zone5,0,5,1,0,clear,33.38,68.19,360,2,0,0.166,91.96,70.13,42.71,67.43,1.041,0.1948,6,73.32,Aman,0,normal,71.05,84.14,0.727
2025-07-26T00:15:00,1,zone1,0,5,1,0,clear,29.51,55.34,520,3,0,0.061,91.39,121.91,115.93,75.52,1.239,0.2344,6,62.48,Aman,0,normal,96.1,84.75,0.63
2025-07-26T00:30:00,1,zone1,0,5,1,3,storm,25.57,92.98,520,3,0,0.034,95.41,40.98,39.31,57.69,1.03,0.0788,2,66.19,Aman,1,density_spike,-23.49,96.06,6.641
2025-07-26T00:45:00,3,zone3,0,5,1,2,rain,25.37,84.0,430,2,0,0.052,66.62,38.33,4,39.73,1.176,0.0891,8,65.51,Aman,0,normal,38.37,67.35,1.61
2025-07-26T01:00:00,1,zone1,1,5,1,1,cloudy,26.57,77.04,520,3,0,0.044,113.37,132.8,117.72,49.48,0.822,0.2554,3,69.13,Aman,0,normal,168.1,124.6,2.417
2025-07-26T01:15:00,5,zone5,1,5,1,1,cloudy,33.49,80.4,360,2,0,0.18,39.82,37.06,24.09,68.52,0.451,0.103,7,102.28,Aman,1,density_spike,70.18,34.82,3.847
2025-07-26T01:30:00,3,zone3,1,5,1,0,clear,35.34,75.81,430,2,0,0.107,93.6,111.97,126.11,51.2,1.108,0.2604,3,69.08,Aman,0,normal,94.28,99.77,0.305
2025-07-26T01:45:00,5,zone5,1,5,1,0,clear,32.07,68.04,360,2,0,0.139,68.54,59.32,70.56,67.39,1.135,0.1648,5,64.45,Aman,0,normal,76.92,66.96,0.553
2025-07-26T02:00:00,1,zone1,2,5,1,0,clear,31.33,56.9,520,3,0,0.109,209.14,225.63,226.95,67.56,0.692,0.4339,2,71.13,Waspada,0,normal,225.49,227.81,0.085
2025-07-26T02:15:00,2,zone2,2,5,1,0,clear,28.31,58.32,680,4,0,0.174,139.98,188.99,206.9,62.19,1.048,0.2779,8,66.61,Aman,0,normal,161.88,155.59,0.337
2025-07-26T02:30:00,4,zone4,2,5,1,1,cloudy,25.79,59.92,810,5,0,0.072,165.18,165.97,162.54,44.06,1.484,0.2049,8,73.84,Aman,0,normal,175.31,164.28,0.56
2025-07-26T02:45:00,2,zone2,2,5,1,0,clear,36.56,71.32,680,4,0,0.035,87.49,77.93,101.99,9.43,0.467,0.1146,5,89.52,Aman,1,density_spike,140.04,78.8,4.475
2025-07-26T03:00:00,2,zone2,3,5,1,0,clear,25.82,68.99,680,4,1,0.691,137.68,185.47,192.91,116.37,1.134,0.2728,2,87.06,Waspada,1,density_spike,222.0,137.05,4.719
2025-07-26T03:15:00,4,zone4,3,5,1,0,clear,29.01,64.77,810,5,0,0.126,64.91,63.28,84.71,71.65,1.13,0.0781,5,62.03,Aman,0,normal,76.67,59.08,0.977
2025-07-26T03:30:00,1,zone1,3,5,1,0,clear,31.04,68.48,520,3,0,0.158,105.29,133.12,120.66,80.37,1.096,0.256,6,74.92,Aman,0,normal,133.82,99.02,1.933
2025-07-26T03:45:00,4,zone4,3,5,1,1,cloudy,29.43,79.97,810,5,0,0.025,74.73,85.4,67.01,48.46,1.293,0.1054,2,69.12,Aman,0,normal,111.33,81.09,1.68
2025-07-26T04:00:00,5,zone5,4,5,1,2,rain,28.68,78.47,360,2,0,0.142,106.69,111.78,131.18,50.76,0.882,0.3105,6,64.98,Aman,0,normal,93.71,110.94,0.957
2025-07-26T04:15:00,4,zone4,4,5,1,0,clear,29.6,71.64,810,5,0,0.011,82.99,69.5,98.86,52.49,1.125,0.0858,2,58.63,Aman,0,normal,94.16,82.08,0.671
2025-07-26T04:30:00,3,zone3,4,5,1,0,clear,30.44,63.2,430,2,1,0.995,117.05,170.52,233.04,175.99,1.0,0.3966,6,84.53,Bahaya,1,density_spike,207.75,104.88,5.715
2025-07-26T04:45:00,2,zone2,4,5,1,2,rain,30.56,89.15,680,4,0,0.043,95.17,65.04,102.69,33.32,1.198,0.0957,8,57.69,Aman,0,normal,69.2,91.96,1.264
2025-07-26T05:00:00,3,zone3,5,5,1,0,clear,31.31,75.63,430,2,0,0.036,106.45,82.44,82.6,69.83,0.821,0.1917,5,71.42,Aman,0,normal,66.41,114.44,2.668
2025-07-26T05:15:00,4,zone4,5,5,1,0,clear,31.42,64.43,810,5,0,0.147,47.32,63.7,29.32,64.51,1.294,0.0786,7,72.49,Aman,0,normal,71.09,51.99,1.061
2025-07-26T05:30:00,3,zone3,5,5,1,0,clear,32.35,60.16,430,2,0,0.166,52.59,51.15,75.41,43.85,1.371,0.1189,4,69.82,Aman,0,normal,53.29,55.05,0.098
2025-07-26T05:45:00,2,zone2,5,5,1,0,clear,33.64,68.62,680,4,0,0.121,173.5,193.59,216.12,92.33,0.915,0.2847,4,72.67,Aman,0,normal,204.98,173.0,1.54
2025-07-26T06:00:00,5,zone5,6,5,1,1,cloudy,28.78,71.39,360,2,0,0.154,171.03,165.36,168.3,92.93,0.773,0.4593,4,64.96,Waspada,0,normal,166.85,159.41,0.389
2025-07-26T06:15:00,2,zone2,6,5,1,0,clear,30.75,63.65,680,4,1,0.924,167.68,234.98,297.38,158.56,1.038,0.3456,8,88.84,Waspada,1,density_spike,251.07,152.26,5.408
2025-07-26T06:30:00,4,zone4,6,5,1,0,clear,28.73,63.33,810,5,0,0.089,143.12,170.41,162.17,71.41,0.791,0.2104,5,75.03,Aman,0,normal,169.17,158.48,0.562
2025-07-26T06:45:00,1,zone1,6,5,1,0,clear,27.9,62.51,520,3,0,0.048,180.33,193.69,148.64,81.27,1.223,0.3725,7,68.54,Aman,0,normal,195.27,181.88,0.614
2025-07-26T07:00:00,5,zone5,7,5,1,0,clear,32.16,76.26,360,2,0,0.103,123.62,152.72,144.45,64.11,1.001,0.4242,5,82.03,Waspada,1,density_spike,173.75,113.28,3.359
2025-07-26T07:15:00,4,zone4,7,5,1,0,clear,30.91,72.97,810,5,0,0.148,42.72,62.23,78.43,68.46,1.097,0.0768,5,63.33,Aman,0,normal,54.03,46.68,0.408
2025-07-26T07:30:00,2,zone2,7,5,1,2,rain,29.13,61.82,680,4,0,0.151,141.38,177.32,195.14,57.92,1.217,0.2608,6,68.24,Aman,1,density_spike,201.8,136.45,3.63
2025-07-26T07:45:00,4,zone4,7,5,1,0,clear,33.13,48,810,5,0,0.044,143.32,160.6,162.19,45.2,0.987,0.1983,8,71.53,Aman,0,normal,120.9,141.45,1.141
2025-07-26T08:00:00,4,zone4,8,5,1,0,clear,27.12,67.2,810,5,0,0.009,101.73,129.97,125.7,50.34,0.804,0.1605,8,75.97,Aman,0,normal,129.15,96.88,1.793
2025-07-26T08:15:00,2,zone2,8,5,1,0,clear,30.2,68.13,680,4,1,0.76,200.98,275.76,297.01,128.53,0.917,0.4055,3,96.51,Waspada,1,density_spike,296.03,185.86,4.94
2025-07-26T08:30:00,5,zone5,8,5,1,0,clear,31.76,70.64,360,2,0,0.029,81.86,59.92,64.76,56.41,1.185,0.1664,3,72.28,Aman,0,normal,35.4,77.92,2.362
2025-07-26T08:45:00,2,zone2,8,5,1,1,cloudy,30.94,68.39,680,4,0,0.107,214.19,197.17,178.66,90.39,0.822,0.29,4,66.67,Aman,0,normal,159.53,227.82,2.498
2025-07-26T09:00:00,5,zone5,9,5,1,0,clear,30.16,69.71,360,2,0,0.061,152.12,181.36,162.72,29.67,0.721,0.5038,6,77.31,Aman,0,normal,189.15,139.21,2.774
2025-07-26T09:15:00,5,zone5,9,5,1,0,clear,34.21,76.79,360,2,0,0.082,146.59,136.77,126.63,54.02,0.841,0.3799,3,69.43,Aman,0,normal,105.24,145.66,2.245
2025-07-26T09:30:00,5,zone5,9,5,1,0,clear,30.95,67.32,360,2,0,0.005,140.88,118.96,105.55,48.73,0.739,0.3304,8,67.25,Aman,0,normal,145.02,142.76,0.125
2025-07-26T09:45:00,1,zone1,9,5,1,2,rain,28.2,82.18,520,3,0,0.006,186.24,191.39,178.03,38.82,0.925,0.3681,3,79.87,Aman,0,normal,199.64,192.68,0.301
2025-07-26T10:00:00,3,zone3,10,5,1,1,cloudy,28.23,85.14,430,2,0,0.088,127.46,136.69,138.25,22.07,1.045,0.3179,8,71.91,Aman,0,normal,122.67,112.0,0.592
2025-07-26T10:15:00,2,zone2,10,5,1,0,clear,32.4,74.96,680,4,1,0.538,181.09,217.29,243.8,118.93,0.879,0.3195,8,69.97,Waspada,1,density_spike,222.72,160.41,3.237
2025-07-26T10:30:00,3,zone3,10,5,1,0,clear,31.69,69.62,430,2,0,0.045,93.95,120.73,118.02,51.85,0.732,0.2808,8,75.77,Aman,0,normal,112.77,104.0,0.487
2025-07-26T10:45:00,1,zone1,10,5,1,0,clear,31.82,76.09,520,3,0,0.07,146.51,144.83,162.31,68.85,0.999,0.2785,7,61.07,Aman,0,normal,129.86,137.22,0.409
2025-07-26T11:00:00,4,zone4,11,5,1,1,cloudy,31.91,63.85,810,5,0,0.164,166.71,144.24,149.93,48.36,1.289,0.1781,2,68.79,Aman,0,normal,162.25,168.14,0.292
2025-07-26T11:15:00,3,zone3,11,5,1,0,clear,27.08,65.7,430,2,0,0.144,105.22,86.22,108.98,69.69,1.311,0.2005,3,60.68,Aman,0,normal,89.2,114.94,1.43
2025-07-26T11:30:00,1,zone1,11,5,1,0,clear,27.89,54.93,520,3,0,0.166,216.35,231.98,236.34,70.18,0.41,0.4461,3,100.83,Waspada,1,density_spike,52.54,207.68,3.139
2025-07-26T11:45:00,4,zone4,11,5,1,1,cloudy,33.08,67.91,810,5,0,0.112,96.19,78.89,66.29,47.59,1.068,0.0974,7,72.91,Aman,0,normal,67.47,101.28,1.878
2025-07-26T12:00:00,1,zone1,12,5,1,0,clear,32.65,75.78,520,3,0,0.144,214.58,220.4,216.47,85.26,0.95,0.4238,7,70.12,Waspada,0,normal,245.25,201.52,1.808
2025-07-26T12:15:00,3,zone3,12,5,1,1,cloudy,27.92,84.78,430,2,0,0.107,110.24,102.75,87.67,97.63,1.073,0.239,8,66.76,Aman,0,normal,107.32,120.84,0.751
2025-07-26T12:30:00,2,zone2,12,5,1,0,clear,33.14,72.64,680,4,0,0.017,126.28,112.09,96.84,53.58,1.021,0.1648,8,52.97,Aman,0,normal,116.39,132.63,0.903
2025-07-26T12:45:00,4,zone4,12,5,1,1,cloudy,29.31,60.31,810,5,0,0.028,139.62,142.52,166.08,59.97,1.14,0.176,3,68.31,Aman,0,normal,132.88,155.04,1.191
2025-07-26T13:00:00,1,zone1,13,5,1,0,clear,32.44,48.28,520,3,0,0.107,108.64,126.75,112.17,71.36,1.006,0.2437,4,75.12,Aman,0,normal,118.69,110.53,0.453
2025-07-26T13:15:00,4,zone4,13,5,1,0,clear,29.8,70.21,810,5,0,0.167,152.5,194.75,178.08,70.86,1.064,0.2404,5,73.74,Aman,0,normal,190.93,148.8,2.341
2025-07-26T13:30:00,2,zone2,13,5,1,0,clear,32.73,79.19,680,4,0,0.14,151.63,132.77,146.84,27.2,1.062,0.1953,4,70.06,Aman,0,normal,124.13,140.01,0.882
2025-07-26T13:45:00,2,zone2,13,5,1,2,rain,31.13,73.05,680,4,0,0.095,121.79,130.82,130.14,93.88,1.105,0.1924,5,67.24,Aman,0,normal,134.96,109.89,1.393
2025-07-26T14:00:00,2,zone2,14,5,1,0,clear,34.58,60.48,680,4,0,0.17,189.92,179.35,210.46,87.34,1.01,0.2638,8,71.38,Aman,0,normal,159.38,206.09,1.889
2025-07-26T14:15:00,5,zone5,14,5,1,1,cloudy,28.87,77.98,360,2,0,0.055,66.1,49.16,100.05,55.9,1.304,0.1366,2,77.55,Aman,0,normal,42.74,71.67,1.607
2025-07-26T14:30:00,4,zone4,14,5,1,0,clear,31.02,63.54,810,5,0,0.099,119.34,114.24,109.05,62.6,1.501,0.141,4,72.87,Aman,0,normal,114.05,123.0,0.497
2025-07-26T14:45:00,2,zone2,14,5,1,0,clear,27.72,53.41,680,4,0,0.014,119.32,119.5,94.94,76.96,0.262,0.1757,4,88.58,Aman,1,density_spike,290.91,114.28,4.298
2025-07-26T15:00:00,1,zone1,15,5,1,2,rain,30.39,93.27,520,3,0,0.041,98.74,87.09,111.62,75.71,1.238,0.1675,2,67.06,Aman,0,normal,87.46,97.58,0.562
2025-07-26T15:15:00,3,zone3,15,5,1,1,cloudy,26.37,69.52,430,2,1,0.688,53.66,93.48,104.12,124.95,1.017,0.2174,7,79.82,Waspada,1,density_spike,105.23,49.21,3.112
2025-07-26T15:30:00,1,zone1,15,5,1,0,clear,32.9,57.72,520,3,0,0.074,168.54,182.4,155.83,94.15,1.2,0.3508,5,69.96,Waspada,0,normal,154.31,163.77,0.481
2025-07-26T15:45:00,5,zone5,15,5,1,0,clear,31.8,63.86,360,2,0,0.138,115.86,127.49,132.03,63.62,0.962,0.3541,5,74.29,Aman,0,normal,120.7,122.99,0.127
2025-07-26T16:00:00,2,zone2,16,5,1,0,clear,29.79,69.45,680,4,0,0.098,164.86,196.49,183.4,37.69,0.904,0.289,6,54.94,Aman,1,density_spike,232.22,159.4,3.807
2025-07-26T16:15:00,1,zone1,16,5,1,1,cloudy,31.47,68.17,520,3,0,0.171,174.12,186.96,146.42,61.71,0.799,0.3595,4,73.86,Aman,0,normal,187.33,161.66,1.324
2025-07-26T16:30:00,2,zone2,16,5,1,0,clear,28.09,52.44,680,4,0,0.008,125.22,139.23,139.65,65.89,1.125,0.2047,8,68.22,Aman,0,normal,130.71,113.3,0.967
2025-07-26T16:45:00,5,zone5,16,5,1,0,clear,29.62,63.12,360,2,1,0.517,123.06,133.29,161.82,83.88,1.13,0.3703,7,71.66,Waspada,0,normal,154.02,134.42,1.089
2025-07-26T17:00:00,1,zone1,17,5,1,1,cloudy,26.55,62.6,520,3,0,0.084,180.65,191.0,170.57,80.08,1.042,0.3673,3,72.65,Aman,0,normal,187.68,163.97,1.205
2025-07-26T17:15:00,1,zone1,17,5,1,1,cloudy,28.09,81.19,520,3,0,0.157,175.64,134.28,157.53,61.51,1.089,0.2582,3,73.56,Aman,1,density_spike,99.73,173.25,3.536
2025-07-26T17:30:00,2,zone2,17,5,1,0,clear,31.5,67.89,680,4,0,0.06,164.34,181.49,158.29,30.54,0.374,0.2669,8,85.24,Aman,1,density_spike,41.22,162.91,5.155
2025-07-26T17:45:00,1,zone1,17,5,1,1,cloudy,27.49,84.48,520,3,0,0.077,157.97,137.84,136.1,64.89,1.24,0.2651,8,69.64,Aman,0,normal,167.04,150.88,0.892
2025-07-26T18:00:00,5,zone5,18,5,1,2,rain,28.6,67.24,360,2,0,0.008,80.62,56.99,60.64,26.93,1.089,0.1583,3,70.81,Aman,0,normal,54.02,73.49,1.082
2025-07-26T18:15:00,5,zone5,18,5,1,1,cloudy,27.1,63.89,360,2,0,0.135,78.88,102.8,111.17,45.66,1.324,0.2856,4,70.78,Aman,0,normal,67.76,68.14,0.021
2025-07-26T18:30:00,4,zone4,18,5,1,0,clear,31.57,70.7,810,5,1,0.648,178.74,236.59,334.43,119.45,0.968,0.2921,3,80.17,Waspada,1,density_spike,224.08,155.07,3.709
2025-07-26T18:45:00,1,zone1,18,5,1,0,clear,29.1,65.67,520,3,0,0.154,250.07,273.23,342.25,72.02,0.934,0.5254,8,74.58,Waspada,0,normal,258.54,250.03,0.284
2025-07-26T19:00:00,4,zone4,19,5,1,1,cloudy,29.05,67.76,810,5,0,0.172,124.24,89.79,93.53,83.16,1.054,0.1109,7,74.97,Aman,0,normal,95.48,125.99,1.695
2025-07-26T19:15:00,2,zone2,19,5,1,2,rain,25.23,72.35,680,4,1,0.543,227.57,253.16,315.78,129.9,0.867,0.3723,4,83.68,Waspada,0,normal,231.15,246.33,0.513
2025-07-26T19:30:00,3,zone3,19,5,1,0,clear,29.45,83.61,430,2,0,0.149,171.06,191.68,180.35,77.74,0.712,0.4458,5,75.09,Waspada,0,normal,162.64,176.23,0.643
2025-07-26T19:45:00,3,zone3,19,5,1,0,clear,33.58,56.49,430,2,0,0.031,139.73,131.5,140.57,67.12,1.23,0.3058,8,65.55,Aman,0,normal,139.58,131.15,0.469
2025-07-26T20:00:00,1,zone1,20,5,1,0,clear,31.19,58.98,520,3,0,0.041,198.58,205.14,218.45,32.09,1.059,0.3945,6,57.77,Aman,0,normal,187.28,208.64,0.853
2025-07-26T20:15:00,1,zone1,20,5,1,0,clear,29.62,80.77,520,3,1,0.465,250.93,302.81,377.59,120.21,1.068,0.5823,2,74.81,Waspada,0,normal,348.31,281.04,1.995
2025-07-26T20:30:00,2,zone2,20,5,1,3,storm,27.85,91.49,680,4,0,0.062,195.55,195.02,238.59,52.48,0.487,0.2868,6,101.3,Aman,1,density_spike,416.68,200.12,5.65
2025-07-26T20:45:00,2,zone2,20,5,1,0,clear,26.01,66.64,680,4,0,0.066,249.8,283.64,374.71,53.16,0.617,0.4171,8,68.63,Aman,0,normal,333.76,264.73,2.173
2025-07-26T21:00:00,5,zone5,21,5,1,1,cloudy,26.25,61.58,360,2,0,0.081,94.39,76.75,94.75,33.88,1.154,0.2132,4,55.85,Aman,0,normal,94.36,101.13,0.376
2025-07-26T21:15:00,5,zone5,21,5,1,0,clear,32.16,53.68,360,2,0,0.078,155.12,177.51,215.4,93.41,0.458,0.4931,2,72.01,Waspada,0,normal,143.15,167.19,1.198
2025-07-26T21:30:00,4,zone4,21,5,1,0,clear,30.94,62.97,810,5,0,0.079,101.82,117.69,138.51,38.03,0.949,0.1453,2,66.61,Aman,0,normal,135.31,105.66,1.648
2025-07-26T21:45:00,2,zone2,21,5,1,1,cloudy,28.84,74.15,680,4,0,0.175,190.01,209.71,249.79,51.15,0.369,0.3084,3,83.92,Aman,1,density_spike,345.07,189.13,3.225
2025-07-26T22:00:00,4,zone4,22,5,1,2,rain,25.33,89.0,810,5,0,0.014,92.3,77.94,99.72,46.65,1.349,0.0962,6,56.61,Aman,0,normal,63.63,85.18,1.197
2025-07-26T22:15:00,5,zone5,22,5,1,0,clear,33.51,57.1,360,2,1,0.752,101.49,135.61,169.88,102.41,0.79,0.3767,2,87.72,Waspada,0,normal,108.81,102.42,0.355
2025-07-26T22:30:00,1,zone1,22,5,1,1,cloudy,26.97,84.53,520,3,0,0.019,198.32,164.24,148.43,88.22,0.815,0.3159,2,73.49,Aman,0,normal,190.55,212.7,0.868
2025-07-26T22:45:00,2,zone2,22,5,1,3,storm,28.23,89.01,680,4,0,0.044,114.88,67.93,28.27,44.42,1.287,0.0999,2,68.46,Aman,1,density_spike,40.64,123.34,4.594
2025-07-26T23:00:00,4,zone4,23,5,1,0,clear,30.09,70.14,810,5,0,0.139,141.31,162.66,146.11,93.98,0.991,0.2008,5,65.55,Aman,1,density_spike,180.27,125.53,3.041
2025-07-26T23:15:00,1,zone1,23,5,1,0,clear,29.22,62.94,520,3,0,0.149,228.66,257.68,249.26,106.35,0.766,0.4955,8,67.78,Waspada,0,normal,268.17,222.68,1.702
2025-07-26T23:30:00,1,zone1,23,5,1,1,cloudy,27.58,80.58,520,3,0,0.037,161.55,152.11,125.32,74.77,0.849,0.2925,7,61.9,Aman,0,normal,161.1,145.28,0.879
2025-07-26T23:45:00,1,zone1,23,5,1,2,rain,27.27,74.83,520,3,0,0.158,179.54,183.51,168.18,95.84,1.137,0.3529,5,69.65,Waspada,0,normal,155.11,182.96,1.269
2025-07-27T00:00:00,1,zone1,0,6,1,2,rain,28.57,84.38,520,3,0,0.036,138.18,139.33,150.16,41.99,0.946,0.268,3,58.35,Aman,0,normal,108.93,119.84,0.606
2025-07-27T00:15:00,5,zone5,0,6,1,0,clear,34.28,67.49,360,2,0,0.067,79.74,104.26,72.84,27.97,1.179,0.2896,2,68.27,Aman,0,normal,84.16,69.36,0.822
2025-07-27T00:30:00,5,zone5,0,6,1,0,clear,32.08,86.45,360,2,0,0.095,127.76,135.72,160.33,99.01,0.923,0.377,3,75.82,Waspada,0,normal,169.64,122.72,2.607
2025-07-27T00:45:00,2,zone2,0,6,1,0,clear,32.3,72.56,680,4,0,0.052,182.28,185.86,194.45,80.9,1.036,0.2733,4,70.97,Aman,0,normal,199.65,189.65,0.439
2025-07-27T01:00:00,2,zone2,1,6,1,1,cloudy,30.08,83.25,680,4,0,0.058,30.14,11.06,15.31,18.33,1.019,0.0163,5,65.8,Aman,0,normal,-1.39,30.19,1.755
2025-07-27T01:15:00,1,zone1,1,6,1,2,rain,26.82,70.77,520,3,0,0.166,99.65,95.42,102.09,66.03,1.036,0.1835,8,71.43,Aman,0,normal,83.6,105.18,1.199
2025-07-27T01:30:00,1,zone1,1,6,1,0,clear,31.1,64.89,520,3,1,0.651,189.11,242.4,244.99,126.22,0.909,0.4662,6,83.32,Waspada,1,density_spike,254.36,184.82,3.135
2025-07-27T01:45:00,4,zone4,1,6,1,0,clear,29.67,75.59,810,5,0,0.024,43.4,70.69,55.6,40.81,1.019,0.0873,4,60.92,Aman,0,normal,27.33,45.74,1.023
2025-07-27T02:00:00,4,zone4,2,6,1,2,rain,30.53,76.06,810,5,0,0.169,30.03,4,4,58.29,1.028,0.0049,6,71.6,Aman,0,normal,28.49,26.56,0.107
2025-07-27T02:15:00,3,zone3,2,6,1,0,clear,35.04,55.82,430,2,0,0.019,141.02,142.05,142.42,46.98,1.169,0.3303,8,55.82,Aman,0,normal,145.8,133.21,0.699
2025-07-27T02:30:00,4,zone4,2,6,1,1,cloudy,28.58,68.01,810,5,0,0.13,54.39,44.72,87.85,56.18,1.382,0.0552,5,77.67,Aman,0,normal,44.84,55.65,0.6
2025-07-27T02:45:00,1,zone1,2,6,1,0,clear,28.55,64.61,520,3,0,0.097,155.12,168.9,186.69,60.89,0.968,0.3248,2,63.56,Aman,0,normal,151.38,152.23,0.046
2025-07-27T03:00:00,4,zone4,3,6,1,2,rain,27.94,79.0,810,5,0,0.12,62.24,85.87,47.01,81.57,1.212,0.106,2,57.04,Aman,0,normal,97.59,59.72,2.104
2025-07-27T03:15:00,3,zone3,3,6,1,0,clear,31.91,67.23,430,2,0,0.085,95.52,126.6,130.76,41.58,0.902,0.2944,5,67.07,Aman,0,normal,118.15,105.9,0.681
2025-07-27T03:30:00,2,zone2,3,6,1,0,clear,33.7,63.31,680,4,0,0.12,133.14,125.63,111.1,53.35,1.143,0.1847,3,71.88,Aman,0,normal,96.38,122.33,1.441
2025-07-27T03:45:00,4,zone4,3,6,1,0,clear,31.47,65.44,810,5,0,0.028,109.4,105.02,114.17,65.83,1.285,0.1297,3,68.66,Aman,0,normal,95.43,110.11,0.816
2025-07-27T04:00:00,1,zone1,4,6,1,1,cloudy,27.79,77.51,520,3,1,0.637,202.5,237.32,287.65,87.58,0.996,0.4564,8,84.25,Waspada,0,normal,230.34,184.49,2.071
2025-07-27T04:15:00,2,zone2,4,6,1,0,clear,36.12,76.71,680,4,0,0.002,117.35,141.63,104.81,71.85,1.432,0.2083,2,72.27,Aman,0,normal,122.82,115.02,0.433
2025-07-27T04:30:00,5,zone5,4,6,1,2,rain,29.05,67.56,360,2,0,0.136,23.18,4,4,78.15,1.491,0.0111,8,69.96,Aman,0,normal,2.05,25.47,1.301
2025-07-27T04:45:00,2,zone2,4,6,1,0,clear,31.35,72.0,680,4,0,0.0,122.33,128.61,116.62,52.04,0.632,0.1891,6,73.28,Aman,0,normal,133.05,110.71,1.241
2025-07-27T05:00:00,5,zone5,5,6,1,2,rain,28.05,84.59,360,2,0,0.02,77.99,64.63,72.07,55.31,1.296,0.1795,7,68.51,Aman,0,normal,52.06,83.98,1.774
2025-07-27T05:15:00,2,zone2,5,6,1,0,clear,29.02,65.43,680,4,0,0.049,86.74,89.29,63.3,54.35,1.268,0.1313,7,60.4,Aman,0,normal,81.44,94.54,0.728
2025-07-27T05:30:00,1,zone1,5,6,1,0,clear,31.11,54.17,520,3,0,0.084,155.65,174.85,168.93,82.72,1.138,0.3362,2,82.43,Aman,0,normal,171.43,160.05,0.592
2025-07-27T05:45:00,2,zone2,5,6,1,0,clear,32.21,66.79,680,4,0,0.137,121.47,129.93,179.99,82.73,1.17,0.1911,8,68.44,Aman,0,normal,143.81,116.63,1.51
2025-07-27T06:00:00,1,zone1,6,6,1,0,clear,28.76,77.71,520,3,0,0.145,183.58,191.31,195.26,80.56,1.227,0.3679,4,65.41,Waspada,0,normal,187.37,186.99,0.017
2025-07-27T06:15:00,1,zone1,6,6,1,3,storm,20.83,98,520,3,0,0.094,125.72,98.55,82.62,49.66,1.392,0.1895,2,77.59,Aman,0,normal,95.86,119.92,1.337
2025-07-27T06:30:00,4,zone4,6,6,1,2,rain,28.07,82.65,810,5,0,0.055,103.4,85.91,71.7,39.87,1.349,0.1061,5,68.59,Aman,0,normal,101.31,99.9,0.079
2025-07-27T06:45:00,5,zone5,6,6,1,2,rain,27.06,81.39,360,2,0,0.112,144.62,127.3,158.51,61.89,0.832,0.3536,8,70.69,Aman,0,normal,127.31,147.4,1.116
2025-07-27T07:00:00,5,zone5,7,6,1,0,clear,32.24,65.05,360,2,0,0.163,51.98,68.09,70.07,75.19,1.201,0.1891,2,70.78,Aman,0,normal,61.68,48.99,0.705
2025-07-27T07:15:00,1,zone1,7,6,1,1,cloudy,31.47,84.44,520,3,1,0.888,244.57,338.12,354.83,134.64,0.742,0.6502,2,92.8,Bahaya,0,normal,336.7,269.0,2.097
2025-07-27T07:30:00,2,zone2,7,6,1,2,rain,28.18,73.51,680,4,0,0.174,132.58,147.7,146.96,66.36,1.048,0.2172,2,75.15,Aman,0,normal,149.9,138.67,0.624
2025-07-27T07:45:00,1,zone1,7,6,1,0,clear,31.98,59.82,520,3,0,0.158,174.66,184.3,173.69,48.67,0.829,0.3544,4,74.73,Aman,0,normal,183.34,178.29,0.236
2025-07-27T08:00:00,1,zone1,8,6,1,2,rain,28.66,96.63,520,3,0,0.071,200.44,204.36,192.18,68.69,0.82,0.393,6,82.8,Aman,0,normal,200.74,215.06,0.555
2025-07-27T08:15:00,3,zone3,8,6,1,1,cloudy,26.38,83.1,430,2,0,0.006,167.74,178.13,192.79,49.83,0.921,0.4143,7,70.0,Aman,1,density_spike,216.89,147.24,3.87
2025-07-27T08:30:00,1,zone1,8,6,1,1,cloudy,30.95,67.53,520,3,0,0.162,143.45,138.31,157.71,54.05,1.03,0.266,8,67.88,Aman,0,normal,143.2,145.72,0.14
2025-07-27T08:45:00,4,zone4,8,6,1,0,clear,29.94,62.63,810,5,0,0.154,162.09,164.28,156.64,88.94,1.185,0.2028,3,62.91,Aman,0,normal,158.53,150.94,0.419
2025-07-27T09:00:00,3,zone3,9,6,1,0,clear,33.37,58.27,430,2,1,0.566,164.91,181.49,162.43,122.25,1.13,0.4221,6,83.37,Waspada,0,normal,194.15,175.58,0.881
2025-07-27T09:15:00,2,zone2,9,6,1,2,rain,26.75,79.91,680,4,0,0.077,169.49,178.16,175.62,64.58,1.228,0.262,5,64.67,Aman,0,normal,200.12,179.06,0.98
2025-07-27T09:30:00,2,zone2,9,6,1,0,clear,32.88,74.7,680,4,0,0.035,141.14,151.18,142.68,44.04,1.218,0.2223,8,77.1,Aman,0,normal,147.88,125.04,1.269
2025-07-27T09:45:00,3,zone3,9,6,1,2,rain,28.98,94.19,430,2,1,0.801,111.24,162.25,224.57,150.13,0.912,0.3773,6,84.48,Waspada,1,density_spike,179.37,108.26,3.95
2025-07-27T10:00:00,2,zone2,10,6,1,1,cloudy,29.13,78.12,680,4,1,0.471,191.34,225.78,313.56,104.71,1.065,0.332,5,73.13,Waspada,0,normal,229.99,193.17,1.589
2025-07-27T10:15:00,2,zone2,10,6,1,0,clear,32.0,70.38,680,4,1,0.483,261.91,270.36,326.63,119.78,1.303,0.3976,5,73.04,Waspada,0,normal,259.84,226.43,1.229
2025-07-27T10:30:00,1,zone1,10,6,1,0,clear,33.84,71.04,520,3,0,0.154,167.63,166.13,153.49,91.88,1.265,0.3195,2,78.61,Aman,0,normal,167.39,176.61,0.435
2025-07-27T10:45:00,1,zone1,10,6,1,0,clear,28.58,72.03,520,3,0,0.101,178.91,198.57,175.69,52.49,1.285,0.3819,5,65.09,Aman,0,normal,202.73,168.43,1.697
2025-07-27T11:00:00,4,zone4,11,6,1,2,rain,28.48,93.71,810,5,0,0.084,123.59,110.17,103.51,58.42,1.016,0.136,4,76.12,Aman,0,normal,139.16,110.2,1.609
2025-07-27T11:15:00,3,zone3,11,6,1,1,cloudy,29.98,83.54,430,2,0,0.026,205.12,190.88,151.56,10.67,0.929,0.4439,5,67.32,Aman,0,normal,214.71,179.92,1.611
2025-07-27T11:30:00,4,zone4,11,6,1,1,cloudy,32.24,88.46,810,5,1,0.583,102.02,133.5,137.88,130.0,1.441,0.1648,7,81.14,Waspada,0,normal,141.55,98.65,2.383
2025-07-27T11:45:00,2,zone2,11,6,1,1,cloudy,30.73,74.91,680,4,0,0.16,126.03,124.51,119.41,35.21,1.206,0.1831,4,76.91,Aman,0,normal,101.82,117.74,0.884
2025-07-27T12:00:00,5,zone5,12,6,1,0,clear,28.2,64.37,360,2,0,0.024,127.3,118.0,147.07,47.08,1.003,0.3278,8,71.58,Aman,0,normal,118.84,117.91,0.052
2025-07-27T12:15:00,5,zone5,12,6,1,0,clear,29.58,66.46,360,2,0,0.014,108.01,106.81,135.85,40.4,0.727,0.2967,6,54.82,Aman,0,normal,103.22,110.54,0.407
2025-07-27T12:30:00,5,zone5,12,6,1,0,clear,28.64,76.67,360,2,0,0.113,134.62,131.75,151.44,63.19,1.106,0.366,6,74.16,Aman,0,normal,118.75,140.13,1.188
2025-07-27T12:45:00,2,zone2,12,6,1,1,cloudy,29.46,71.06,680,4,1,0.625,194.59,225.47,213.68,123.91,1.11,0.3316,3,82.67,Waspada,0,normal,203.13,217.5,0.55
2025-07-27T13:00:00,3,zone3,13,6,1,2,rain,30.16,78.21,430,2,1,0.993,83.01,128.31,177.7,178.52,1.14,0.2984,7,89.4,Bahaya,0,normal,138.12,87.63,2.805
2025-07-27T13:15:00,5,zone5,13,6,1,0,clear,31.75,63.48,360,2,0,0.055,86.18,79.07,67.57,43.52,0.868,0.2196,5,68.06,Aman,0,normal,88.71,86.06,0.147
2025-07-27T13:30:00,5,zone5,13,6,1,2,rain,26.36,89.43,360,2,0,0.021,37.04,11.72,4,33.85,1.076,0.0326,4,67.84,Aman,0,normal,27.42,33.84,0.357
2025-07-27T13:45:00,1,zone1,13,6,1,2,rain,25.2,71.42,520,3,0,0.144,149.21,117.33,131.81,58.98,1.128,0.2256,3,83.37,Aman,0,normal,108.78,143.88,1.95
2025-07-27T14:00:00,4,zone4,14,6,1,2,rain,24.5,69.19,810,5,1,0.942,116.65,150.55,208.89,143.43,1.125,0.1859,4,89.5,Waspada,0,normal,135.4,125.55,0.547
2025-07-27T14:15:00,2,zone2,14,6,1,0,clear,30.77,68.24,680,4,0,0.094,141.04,148.45,151.57,51.9,0.804,0.2183,8,66.19,Aman,0,normal,138.9,128.34,0.587
2025-07-27T14:30:00,3,zone3,14,6,1,0,clear,29.99,76.03,430,2,0,0.027,158.87,146.69,166.62,44.65,0.743,0.3411,2,76.23,Aman,0,normal,148.97,136.95,0.668
2025-07-27T14:45:00,2,zone2,14,6,1,0,clear,32.46,60.41,680,4,1,0.601,207.14,244.47,243.83,114.33,1.135,0.3595,7,96.62,Waspada,0,normal,244.99,204.83,1.634
2025-07-27T15:00:00,1,zone1,15,6,1,0,clear,33.02,87.3,520,3,0,0.132,185.27,201.09,197.82,49.52,1.323,0.3867,5,75.47,Aman,0,normal,192.14,159.69,1.693
2025-07-27T15:15:00,2,zone2,15,6,1,1,cloudy,25.89,73.47,680,4,0,0.034,184.41,170.17,146.51,61.59,0.878,0.2503,2,64.95,Aman,0,normal,184.67,204.09,0.793
2025-07-27T15:30:00,2,zone2,15,6,1,1,cloudy,29.21,80.33,680,4,0,0.021,121.69,128.22,122.28,66.43,0.851,0.1886,5,65.43,Aman,0,normal,150.44,119.39,1.725
2025-07-27T15:45:00,5,zone5,15,6,1,0,clear,31.56,66.64,360,2,1,0.833,119.39,184.43,205.16,159.6,0.821,0.5123,5,88.41,Bahaya,1,density_spike,194.93,129.38,3.642
2025-07-27T16:00:00,1,zone1,16,6,1,1,cloudy,27.1,88.3,520,3,0,0.142,209.31,192.22,227.72,85.35,1.139,0.3697,6,68.26,Waspada,0,normal,158.62,197.73,1.649
2025-07-27T16:15:00,3,zone3,16,6,1,3,storm,24.99,81.62,430,2,0,0.106,94.84,102.2,112.58,81.25,1.243,0.2377,4,68.03,Aman,0,normal,82.51,87.32,0.267
2025-07-27T16:30:00,3,zone3,16,6,1,0,clear,35.58,68.73,430,2,1,0.898,200.6,278.53,322.12,140.49,0.33,0.6477,4,86.23,Bahaya,1,density_spike,286.54,195.19,3.9
2025-07-27T16:45:00,3,zone3,16,6,1,0,clear,32.05,73.68,430,2,1,0.995,209.18,270.94,314.06,163.23,0.858,0.6301,7,98.07,Bahaya,0,normal,253.22,201.85,2.121
2025-07-27T17:00:00,2,zone2,17,6,1,0,clear,33.41,78.72,680,4,0,0.103,134.85,175.12,165.29,59.21,1.321,0.2575,3,64.63,Aman,0,normal,162.4,118.2,2.456
2025-07-27T17:15:00,4,zone4,17,6,1,1,cloudy,31.17,78.57,810,5,1,0.565,126.49,155.14,192.45,125.11,0.925,0.1915,3,77.13,Waspada,0,normal,121.92,137.79,0.882
2025-07-27T17:30:00,5,zone5,17,6,1,0,clear,29.04,69.75,360,2,0,0.175,159.92,160.34,151.41,51.84,0.958,0.4454,7,72.48,Waspada,0,normal,162.5,152.34,0.556
2025-07-27T17:45:00,5,zone5,17,6,1,0,clear,31.22,63.83,360,2,0,0.151,145.45,182.44,198.77,81.1,0.774,0.5068,5,70.16,Waspada,1,density_spike,190.22,135.88,3.019
2025-07-27T18:00:00,5,zone5,18,6,1,0,clear,31.74,67.96,360,2,0,0.153,95.08,98.96,143.3,91.23,0.88,0.2749,6,76.15,Aman,0,normal,87.21,99.23,0.667
2025-07-27T18:15:00,5,zone5,18,6,1,0,clear,36.48,76.17,360,2,0,0.006,78.5,66.67,79.85,92.39,1.131,0.1852,8,60.62,Aman,0,normal,107.33,72.92,1.912
2025-07-27T18:30:00,5,zone5,18,6,1,0,clear,33.68,60.92,360,2,1,0.94,143.5,214.24,321.49,164.39,0.838,0.5951,8,94.64,Bahaya,1,density_spike,190.3,127.93,3.465
2025-07-27T18:45:00,1,zone1,18,6,1,0,clear,34.33,62.8,520,3,0,0.094,219.73,211.59,240.01,92.4,0.542,0.4069,4,96.08,Waspada,1,density_spike,335.22,242.74,3.602
2025-07-27T19:00:00,5,zone5,19,6,1,0,clear,30.72,69.94,360,2,1,0.715,164.66,224.13,320.98,170.15,0.879,0.6226,7,94.86,Bahaya,1,density_spike,229.66,168.85,3.001
2025-07-27T19:15:00,2,zone2,19,6,1,0,clear,31.71,81.26,680,4,0,0.024,170.04,174.6,217.82,64.47,1.18,0.2568,7,66.96,Aman,0,normal,164.03,179.67,0.725
2025-07-27T19:30:00,5,zone5,19,6,1,0,clear,32.64,62.2,360,2,0,0.01,127.97,140.0,169.49,34.11,0.302,0.3889,3,91.84,Aman,1,density_spike,201.44,119.88,5.583
2025-07-27T19:45:00,3,zone3,19,6,1,3,storm,22.97,90.07,430,2,0,0.095,123.74,105.26,150.47,58.78,0.465,0.2448,4,91.04,Aman,1,density_spike,222.68,115.89,4.432
2025-07-27T20:00:00,3,zone3,20,6,1,0,clear,24.18,70.6,430,2,0,0.157,144.14,156.41,211.02,53.67,0.882,0.3637,5,73.96,Aman,1,density_spike,212.05,128.49,4.642
2025-07-27T20:15:00,5,zone5,20,6,1,0,clear,31.64,61.72,360,2,0,0.028,127.3,133.94,164.76,35.07,0.727,0.3721,3,73.71,Aman,0,normal,134.11,137.89,0.21
2025-07-27T20:30:00,2,zone2,20,6,1,0,clear,24.09,66.35,680,4,0,0.08,260.62,272.58,330.85,110.06,1.026,0.4009,6,74.18,Waspada,0,normal,274.7,257.95,0.541
2025-07-27T20:45:00,5,zone5,20,6,1,2,rain,25.55,78.78,360,2,1,0.576,56.48,97.69,143.0,108.71,0.832,0.2714,6,81.94,Waspada,0,normal,114.83,61.7,2.952
2025-07-27T21:00:00,1,zone1,21,6,1,1,cloudy,29.86,68.14,520,3,1,0.722,250.05,277.72,370.63,151.89,0.575,0.5341,7,79.74,Bahaya,0,normal,277.73,263.6,0.447
2025-07-27T21:15:00,2,zone2,21,6,1,0,clear,31.2,75.76,680,4,0,0.114,115.41,114.31,116.76,74.12,0.867,0.1681,5,78.95,Aman,0,normal,108.79,106.37,0.134
2025-07-27T21:30:00,2,zone2,21,6,1,0,clear,28.74,68.39,680,4,0,0.06,149.19,149.68,184.97,45.21,1.486,0.2201,2,60.47,Aman,0,normal,115.62,147.16,1.752
2025-07-27T21:45:00,5,zone5,21,6,1,1,cloudy,28.36,63.47,360,2,0,0.007,63.0,72.21,38.73,57.98,1.09,0.2006,4,61.51,Aman,0,normal,29.82,56.29,1.47
2025-07-27T22:00:00,2,zone2,22,6,1,0,clear,29.0,66.86,680,4,0,0.108,110.99,140.61,139.12,69.08,1.533,0.2068,6,69.23,Aman,1,density_spike,197.52,102.89,5.257
2025-07-27T22:15:00,3,zone3,22,6,1,2,rain,28.59,86.87,430,2,0,0.088,53.83,21.36,27.61,61.31,0.53,0.0497,5,87.78,Aman,1,density_spike,2.91,55.87,5.225
2025-07-27T22:30:00,2,zone2,22,6,1,0,clear,29.54,67.56,680,4,0,0.139,146.81,149.02,127.05,46.85,1.003,0.2191,3,72.96,Aman,0,normal,132.23,149.99,0.987
2025-07-27T22:45:00,4,zone4,22,6,1,1,cloudy,32.85,70.38,810,5,0,0.135,121.87,136.84,129.65,62.42,1.547,0.1689,4,68.82,Aman,0,normal,120.57,120.87,0.017
2025-07-27T23:00:00,4,zone4,23,6,1,0,clear,27.85,69.22,810,5,0,0.035,86.57,93.72,78.28,29.37,1.264,0.1157,5,64.56,Aman,0,normal,112.24,89.2,1.28
2025-07-27T23:15:00,4,zone4,23,6,1,0,clear,30.5,56.5,810,5,1,0.952,176.59,246.32,281.88,163.37,1.272,0.3041,3,92.36,Waspada,0,normal,236.15,177.95,2.725
2025-07-27T23:30:00,1,zone1,23,6,1,0,clear,31.35,61.99,520,3,1,0.696,304.24,339.88,368.96,132.8,0.931,0.6536,6,84.33,Bahaya,0,normal,348.33,315.86,0.857
2025-07-27T23:45:00,5,zone5,23,6,1,0,clear,30.18,78.56,360,2,0,0.009,97.06,138.71,166.42,22.1,0.873,0.3853,3,77.96,Aman,0,normal,141.93,99.88,2.336
2025-07-28T00:00:00,5,zone5,0,0,0,1,cloudy,30.11,80.09,360,2,0,0.079,83.12,48.15,34.03,57.33,1.262,0.1338,7,73.4,Aman,0,normal,55.89,91.08,1.955
2025-07-28T00:15:00,1,zone1,0,0,0,1,cloudy,26.4,80.19,520,3,0,0.029,142.7,123.21,115.14,82.22,0.464,0.2369,2,82.18,Aman,1,density_spike,224.79,145.53,3.819
2025-07-28T00:30:00,4,zone4,0,0,0,0,clear,26.36,66.03,810,5,0,0.039,44.58,48.05,29.93,61.17,1.558,0.0593,8,81.97,Aman,0,normal,61.68,39.74,1.219
2025-07-28T00:45:00,2,zone2,0,0,0,3,storm,26.46,98,680,4,0,0.054,34.66,31.31,5.37,60.08,1.387,0.046,4,71.2,Aman,0,normal,15.68,36.58,1.161
2025-07-28T01:00:00,3,zone3,1,0,0,1,cloudy,31.79,63.74,430,2,0,0.032,79.91,73.02,71.68,38.6,0.914,0.1698,8,70.7,Aman,0,normal,73.11,70.83,0.127
2025-07-28T01:15:00,2,zone2,1,0,0,1,cloudy,29.15,78.25,680,4,0,0.023,152.74,163.5,181.4,72.12,1.376,0.2404,8,65.03,Aman,0,normal,143.72,135.68,0.447
2025-07-28T01:30:00,3,zone3,1,0,0,2,rain,26.95,69.51,430,2,0,0.131,41.86,31.28,44.94,48.06,1.086,0.0727,2,77.17,Aman,0,normal,26.14,44.35,1.012
2025-07-28T01:45:00,5,zone5,1,0,0,0,clear,28.99,66.93,360,2,1,0.971,103.83,161.17,178.29,165.28,0.972,0.4477,3,96.4,Bahaya,1,density_spike,163.19,94.19,3.834
2025-07-28T02:00:00,2,zone2,2,0,0,0,clear,34.74,76.29,680,4,0,0.168,75.12,75.65,39.02,51.05,1.166,0.1112,6,65.47,Aman,0,normal,75.42,78.63,0.178
2025-07-28T02:15:00,4,zone4,2,0,0,2,rain,27.2,71.81,810,5,0,0.009,59.31,73.61,65.31,26.06,0.846,0.0909,4,62.71,Aman,0,normal,69.08,66.39,0.149
2025-07-28T02:30:00,1,zone1,2,0,0,0,clear,29.36,75.7,520,3,0,0.177,134.32,150.43,153.19,73.0,1.318,0.2893,3,68.65,Aman,0,normal,141.1,132.16,0.496
2025-07-28T02:45:00,4,zone4,2,0,0,0,clear,34.65,65.41,810,5,0,0.124,90.91,89.1,76.2,80.23,1.123,0.11,5,70.62,Aman,0,normal,93.75,87.61,0.342
2025-07-28T03:00:00,3,zone3,3,0,0,0,clear,29.59,69.96,430,2,1,0.961,94.54,154.54,205.66,138.0,0.935,0.3594,7,84.98,Waspada,0,normal,146.68,103.66,2.39
2025-07-28T03:15:00,4,zone4,3,0,0,1,cloudy,29.41,64.51,810,5,0,0.072,70.32,68.4,45.74,5.71,1.279,0.0844,2,73.69,Aman,0,normal,52.73,76.52,1.322
2025-07-28T03:30:00,3,zone3,3,0,0,1,cloudy,28.16,75.51,430,2,0,0.067,102.25,111.79,131.87,72.21,1.015,0.26,8,78.56,Aman,0,normal,135.89,90.71,2.51
2025-07-28T03:45:00,1,zone1,3,0,0,0,clear,29.61,48,520,3,1,0.473,118.81,142.76,130.81,81.38,0.833,0.2745,3,69.67,Waspada,0,normal,156.62,123.32,1.85
2025-07-28T04:00:00,4,zone4,4,0,0,2,rain,30.32,83.44,810,5,0,0.167,61.49,65.88,42.89,35.29,1.287,0.0813,4,67.46,Aman,0,normal,97.26,63.45,1.879
2025-07-28T04:15:00,1,zone1,4,0,0,1,cloudy,30.74,67.81,520,3,0,0.021,104.89,137.03,113.83,38.4,0.973,0.2635,3,67.28,Aman,0,normal,138.2,110.57,1.535
2025-07-28T04:30:00,5,zone5,4,0,0,0,clear,29.77,73.98,360,2,0,0.05,70.04,62.14,72.85,37.91,0.279,0.1726,7,90.04,Aman,1,density_spike,118.32,71.47,4.843
2025-07-28T04:45:00,1,zone1,4,0,0,0,clear,29.74,70.24,520,3,0,0.116,134.26,128.69,138.95,23.77,1.318,0.2475,5,66.74,Aman,0,normal,106.26,121.18,0.829
2025-07-28T05:00:00,2,zone2,5,0,0,0,clear,28.96,66.38,680,4,0,0.07,86.46,91.24,113.79,73.92,1.173,0.1342,5,73.16,Aman,0,normal,58.06,90.05,1.777
2025-07-28T05:15:00,1,zone1,5,0,0,0,clear,29.05,62.13,520,3,0,0.171,193.65,230.93,241.33,79.72,0.78,0.4441,5,61.43,Waspada,0,normal,249.81,195.31,2.325
2025-07-28T05:30:00,2,zone2,5,0,0,2,rain,25.67,71.32,680,4,1,0.552,138.65,137.23,167.09,89.12,0.541,0.2018,5,104.31,Aman,1,density_spike,249.17,149.74,4.875
2025-07-28T05:45:00,5,zone5,5,0,0,0,clear,30.27,70.27,360,2,0,0.153,106.6,101.87,78.79,90.34,1.261,0.283,3,67.05,Aman,0,normal,59.77,98.0,2.124
2025-07-28T06:00:00,4,zone4,6,0,0,0,clear,30.51,76.13,810,5,0,0.179,33.79,29.14,35.83,75.76,1.446,0.036,2,62.49,Aman,0,normal,16.83,36.59,1.098
2025-07-28T06:15:00,3,zone3,6,0,0,0,clear,35.27,70.09,430,2,0,0.109,107.23,69.35,97.18,25.89,1.047,0.1613,2,73.16,Aman,0,normal,82.37,113.77,1.745
2025-07-28T06:30:00,2,zone2,6,0,0,0,clear,31.98,66.07,680,4,0,0.176,136.37,184.81,166.77,94.31,1.095,0.2718,7,64.85,Aman,0,normal,183.02,152.63,1.659
2025-07-28T06:45:00,1,zone1,6,0,0,1,cloudy,29.49,73.24,520,3,0,0.044,177.73,195.67,201.17,52.99,1.004,0.3763,4,65.96,Aman,0,normal,199.46,157.41,2.226
2025-07-28T07:00:00,5,zone5,7,0,0,0,clear,33.19,71.31,360,2,0,0.029,44.33,53.06,6.95,24.46,1.334,0.1474,8,75.66,Aman,0,normal,0.1,47.97,2.659
2025-07-28T07:15:00,2,zone2,7,0,0,0,clear,31.48,73.39,680,4,0,0.006,124.45,131.75,148.96,41.0,1.257,0.1938,2,66.63,Aman,0,normal,114.23,111.97,0.126
2025-07-28T07:30:00,3,zone3,7,0,0,1,cloudy,30.27,77.99,430,2,0,0.126,162.09,162.91,177.78,52.22,0.945,0.3789,3,68.22,Aman,0,normal,199.03,151.17,2.638
2025-07-28T07:45:00,1,zone1,7,0,0,0,clear,31.47,65.27,520,3,0,0.022,132.38,145.55,113.19,79.19,0.936,0.2799,4,63.48,Aman,0,normal,140.53,117.73,1.267
2025-07-28T08:00:00,1,zone1,8,0,0,1,cloudy,30.91,75.07,520,3,0,0.001,174.59,180.21,187.42,38.54,1.2,0.3466,5,68.6,Aman,0,normal,161.02,168.84,0.386
2025-07-28T08:15:00,1,zone1,8,0,0,0,clear,28.52,70.4,520,3,0,0.095,219.65,211.02,169.35,57.45,0.848,0.4058,2,72.8,Aman,0,normal,216.63,190.51,1.143
2025-07-28T08:30:00,2,zone2,8,0,0,0,clear,32.88,84.2,680,4,0,0.043,151.23,203.54,218.93,79.72,0.688,0.2993,2,72.4,Aman,0,normal,203.87,150.1,2.985
2025-07-28T08:45:00,5,zone5,8,0,0,1,cloudy,26.88,79.46,360,2,0,0.164,56.72,69.46,77.88,80.75,0.963,0.1929,3,68.17,Aman,0,normal,103.27,55.86,2.634
2025-07-28T09:00:00,5,zone5,9,0,0,0,clear,32.71,71.41,360,2,0,0.079,90.28,86.75,61.12,50.69,0.748,0.241,2,71.2,Aman,0,normal,104.96,96.93,0.446
2025-07-28T09:15:00,5,zone5,9,0,0,1,cloudy,27.02,60.57,360,2,1,0.96,53.64,142.92,210.46,134.11,1.043,0.397,6,82.12,Waspada,0,normal,89.53,46.54,2.388
2025-07-28T09:30:00,4,zone4,9,0,0,1,cloudy,28.2,75.21,810,5,0,0.168,69.89,47.52,79.39,57.14,0.605,0.0587,4,85.73,Aman,1,density_spike,10.97,71.15,3.746
2025-07-28T09:45:00,2,zone2,9,0,0,1,cloudy,28.22,72.08,680,4,0,0.064,134.66,109.81,115.17,72.11,1.136,0.1615,8,61.2,Aman,0,normal,132.87,127.09,0.321
2025-07-28T10:00:00,1,zone1,10,0,0,2,rain,25.72,82.2,520,3,0,0.139,131.11,123.17,96.1,23.3,1.248,0.2369,8,65.55,Aman,0,normal,75.45,112.95,2.084
2025-07-28T10:15:00,2,zone2,10,0,0,0,clear,27.22,70.74,680,4,0,0.034,188.68,186.67,196.05,85.78,0.831,0.2745,6,70.19,Aman,0,normal,206.69,164.28,2.151
2025-07-28T10:30:00,4,zone4,10,0,0,0,clear,28.69,78.97,810,5,0,0.077,162.32,187.06,178.97,88.81,1.135,0.2309,2,65.82,Aman,0,normal,175.22,151.42,1.31
2025-07-28T10:45:00,4,zone4,10,0,0,2,rain,26.88,78.25,810,5,0,0.046,91.4,81.87,68.77,59.16,0.92,0.1011,2,71.24,Aman,0,normal,54.01,81.19,1.51
2025-07-28T11:00:00,5,zone5,11,0,0,0,clear,28.87,77.96,360,2,0,0.025,63.66,45.76,69.23,34.38,1.192,0.1271,7,58.94,Aman,0,normal,66.26,56.32,0.552
2025-07-28T11:15:00,3,zone3,11,0,0,1,cloudy,28.12,86.5,430,2,0,0.124,148.13,143.32,112.23,69.86,1.172,0.3333,5,73.56,Aman,0,normal,130.67,155.06,1.311
2025-07-28T11:30:00,5,zone5,11,0,0,0,clear,29.67,58.72,360,2,0,0.12,77.06,89.18,61.54,67.79,1.104,0.2477,6,71.55,Aman,1,density_spike,127.12,68.62,3.25
2025-07-28T11:45:00,1,zone1,11,0,0,0,clear,32.14,68.15,520,3,0,0.019,188.12,184.08,170.15,75.9,0.823,0.354,6,63.23,Aman,0,normal,190.49,182.49,0.365
2025-07-28T12:00:00,2,zone2,12,0,0,0,clear,32.49,69.86,680,4,0,0.016,138.48,110.08,98.56,51.6,1.128,0.1619,2,61.48,Aman,0,normal,118.59,139.47,1.16
2025-07-28T12:15:00,3,zone3,12,0,0,0,clear,28.56,69.22,430,2,0,0.122,111.13,144.39,166.24,86.52,1.071,0.3358,8,69.24,Aman,1,density_spike,163.44,97.97,3.637
2025-07-28T12:30:00,3,zone3,12,0,0,1,cloudy,26.09,83.7,430,2,0,0.016,118.47,84.55,83.07,69.25,1.174,0.1966,2,73.14,Aman,0,normal,100.49,107.97,0.416
2025-07-28T12:45:00,4,zone4,12,0,0,2,rain,28.61,77.35,810,5,0,0.18,59.32,44.73,62.22,72.75,1.493,0.0552,6,73.15,Aman,0,normal,27.95,65.34,2.077
2025-07-28T13:00:00,4,zone4,13,0,0,0,clear,27.96,70.8,810,5,0,0.164,148.7,162.81,155.56,98.49,1.062,0.201,7,72.1,Aman,0,normal,177.5,141.95,1.975
2025-07-28T13:15:00,2,zone2,13,0,0,0,clear,29.89,66.02,680,4,0,0.153,169.2,177.44,185.84,87.08,1.042,0.2609,5,62.13,Aman,1,density_spike,213.8,149.47,3.573
2025-07-28T13:30:00,4,zone4,13,0,0,0,clear,30.92,67.91,810,5,0,0.013,80.29,64.68,125.88,51.29,1.378,0.0798,4,63.76,Aman,0,normal,92.65,86.65,0.333
2025-07-28T13:45:00,4,zone4,13,0,0,1,cloudy,28.06,62.24,810,5,0,0.055,107.2,84.45,66.47,33.9,1.187,0.1043,2,65.63,Aman,0,normal,73.62,101.22,1.533
2025-07-28T14:00:00,5,zone5,14,0,0,0,clear,29.97,73.36,360,2,0,0.031,24.79,16.99,4,37.63,1.472,0.0472,3,60.6,Aman,0,normal,21.89,26.77,0.271
2025-07-28T14:15:00,4,zone4,14,0,0,0,clear,29.56,63.96,810,5,0,0.098,85.21,87.55,96.04,50.11,1.249,0.1081,4,74.76,Aman,0,normal,100.15,79.58,1.143
2025-07-28T14:30:00,1,zone1,14,0,0,1,cloudy,31.92,80.44,520,3,0,0.085,177.23,159.57,174.22,69.64,0.865,0.3069,8,67.63,Aman,0,normal,125.88,176.11,2.377
2025-07-28T14:45:00,4,zone4,14,0,0,0,clear,29.66,76.33,810,5,0,0.147,85.98,129.1,116.14,55.1,1.06,0.1594,6,68.49,Aman,0,normal,114.0,77.09,2.05
2025-07-28T15:00:00,3,zone3,15,0,0,1,cloudy,25.43,70.17,430,2,1,0.965,194.04,288.92,289.45,158.31,0.705,0.6719,3,93.68,Bahaya,1,density_spike,301.28,187.38,5.065
2025-07-28T15:15:00,3,zone3,15,0,0,1,cloudy,28.56,54.7,430,2,0,0.156,94.62,82.41,124.71,61.72,1.151,0.1917,3,71.09,Aman,0,normal,87.21,91.86,0.258
2025-07-28T15:30:00,2,zone2,15,0,0,0,clear,25.93,66.59,680,4,0,0.072,139.38,163.05,146.77,54.26,1.295,0.2398,4,71.75,Aman,0,normal,164.35,128.27,2.004
2025-07-28T15:45:00,5,zone5,15,0,0,2,rain,30.18,86.56,360,2,1,0.626,185.04,247.25,281.6,107.16,0.529,0.6868,7,71.79,Bahaya,1,density_spike,253.88,185.48,3.073
2025-07-28T16:00:00,1,zone1,16,0,0,0,clear,28.44,72.1,520,3,0,0.062,149.91,154.18,170.34,56.89,1.24,0.2965,3,69.62,Aman,0,normal,180.24,149.73,1.695
2025-07-28T16:15:00,5,zone5,16,0,0,0,clear,29.17,73.17,360,2,0,0.068,100.07,84.56,89.56,74.12,1.298,0.2349,8,57.55,Aman,0,normal,109.96,106.89,0.17
2025-07-28T16:30:00,3,zone3,16,0,0,3,storm,23.99,81.89,430,2,0,0.16,46.98,31.09,67.57,70.94,0.546,0.0723,8,64.96,Aman,0,normal,20.61,50.73,1.673
2025-07-28T16:45:00,1,zone1,16,0,0,0,clear,34.21,80.08,520,3,0,0.099,187.42,193.56,210.63,48.86,1.142,0.3722,8,75.83,Aman,0,normal,197.82,173.09,1.19
2025-07-28T17:00:00,3,zone3,17,0,0,0,clear,28.62,62.97,430,2,1,0.887,191.56,242.58,273.96,148.64,0.397,0.5641,4,83.16,Bahaya,0,normal,217.98,200.31,0.735
2025-07-28T17:15:00,2,zone2,17,0,0,2,rain,29.9,74.83,680,4,0,0.105,119.77,104.91,107.32,66.31,1.008,0.1543,2,57.14,Aman,0,normal,116.26,103.79,0.692
2025-07-28T17:30:00,3,zone3,17,0,0,1,cloudy,28.19,74.99,430,2,0,0.069,91.94,58.6,64.43,84.03,0.283,0.1363,5,91.33,Aman,1,density_spike,15.15,80.35,5.354
2025-07-28T17:45:00,5,zone5,17,0,0,0,clear,30.09,71.51,360,2,0,0.072,70.41,80.09,93.76,16.16,1.487,0.2225,2,73.05,Aman,0,normal,56.18,73.25,0.948
2025-07-28T18:00:00,2,zone2,18,0,0,0,clear,29.96,71.13,680,4,0,0.088,153.26,149.12,196.82,57.2,1.122,0.2193,5,49.67,Aman,0,normal,159.94,169.51,0.47
2025-07-28T18:15:00,3,zone3,18,0,0,0,clear,35.57,63.74,430,2,0,0.052,150.34,169.95,176.25,74.46,0.901,0.3952,2,77.1,Waspada,0,normal,159.49,133.41,1.449
2025-07-28T18:30:00,3,zone3,18,0,0,2,rain,25.84,79.82,430,2,1,0.855,98.07,163.94,257.26,91.61,0.913,0.3813,8,85.68,Waspada,1,density_spike,201.95,94.5,5.97
2025-07-28T18:45:00,1,zone1,18,0,0,0,clear,28.94,77.31,520,3,0,0.017,173.5,151.16,172.21,100.58,0.916,0.2907,7,61.36,Aman,0,normal,168.63,188.03,0.86
2025-07-28T19:00:00,5,zone5,19,0,0,0,clear,31.68,60.16,360,2,0,0.162,101.12,140.36,157.44,73.59,1.082,0.3899,7,74.47,Waspada,0,normal,148.33,106.27,2.337
2025-07-28T19:15:00,1,zone1,19,0,0,0,clear,29.06,64.45,520,3,1,0.908,283.06,357.25,463.81,169.27,0.741,0.687,7,94.42,Bahaya,0,normal,353.8,277.79,2.28
2025-07-28T19:30:00,3,zone3,19,0,0,0,clear,31.11,82.36,430,2,0,0.04,106.42,113.7,126.09,56.85,1.161,0.2644,8,71.37,Aman,0,normal,133.2,111.75,1.191
2025-07-28T19:45:00,5,zone5,19,0,0,1,cloudy,30.01,87.1,360,2,0,0.145,89.3,77.4,94.71,85.47,1.316,0.215,4,64.39,Aman,0,normal,59.16,91.66,1.805
2025-07-28T20:00:00,4,zone4,20,0,0,2,rain,24.19,94.25,810,5,0,0.051,92.93,69.33,109.42,91.54,1.457,0.0856,2,68.65,Aman,0,normal,51.59,83.5,1.773
2025-07-28T20:15:00,5,zone5,20,0,0,0,clear,33.63,76.33,360,2,0,0.093,128.54,159.26,188.12,78.33,0.66,0.4424,6,71.42,Waspada,0,normal,151.8,119.19,1.812
2025-07-28T20:30:00,5,zone5,20,0,0,0,clear,32.23,61.35,360,2,0,0.137,79.59,92.01,125.06,58.48,1.289,0.2556,7,70.49,Aman,0,normal,112.19,74.79,2.078
2025-07-28T20:45:00,2,zone2,20,0,0,0,clear,24.47,68.6,680,4,0,0.122,140.4,145.15,192.44,76.13,0.897,0.2135,2,62.16,Aman,0,normal,137.6,153.08,0.843
2025-07-28T21:00:00,1,zone1,21,0,0,0,clear,32.89,60.67,520,3,0,0.002,187.95,196.44,208.76,63.01,1.294,0.3778,7,71.84,Aman,0,normal,168.84,180.25,0.528
2025-07-28T21:15:00,2,zone2,21,0,0,0,clear,32.74,70.41,680,4,0,0.139,157.08,173.29,219.05,101.23,1.485,0.2548,4,69.2,Aman,0,normal,188.97,172.66,0.787
2025-07-28T21:30:00,2,zone2,21,0,0,0,clear,28.14,76.15,680,4,0,0.011,116.59,86.19,106.77,88.67,1.176,0.1267,4,64.75,Aman,0,normal,68.86,102.3,1.857
2025-07-28T21:45:00,1,zone1,21,0,0,0,clear,32.45,71.84,520,3,0,0.159,247.57,228.01,306.41,110.4,0.345,0.4385,7,97.47,Waspada,1,density_spike,60.69,243.99,3.421
2025-07-28T22:00:00,2,zone2,22,0,0,1,cloudy,25.15,75.71,680,4,0,0.016,110.13,122.1,119.28,35.78,1.058,0.1796,4,68.83,Aman,0,normal,128.74,102.5,1.457
2025-07-28T22:15:00,5,zone5,22,0,0,2,rain,28.72,94.51,360,2,0,0.088,90.35,68.49,73.48,49.76,0.91,0.1902,4,77.45,Aman,0,normal,69.53,100.53,1.722
2025-07-28T22:30:00,3,zone3,22,0,0,1,cloudy,28.15,75.91,430,2,0,0.147,135.53,117.85,115.42,58.52,1.284,0.2741,3,71.4,Aman,0,normal,121.07,146.0,1.385
2025-07-28T22:45:00,5,zone5,22,0,0,0,clear,32.37,74.3,360,2,0,0.064,74.41,74.17,72.22,64.24,1.476,0.206,8,68.98,Aman,0,normal,52.76,71.92,1.064
2025-07-28T23:00:00,2,zone2,23,0,0,1,cloudy,30.5,71.53,680,4,0,0.017,78.07,56.83,64.48,35.56,0.886,0.0836,2,65.54,Aman,0,normal,35.11,74.54,2.19
2025-07-28T23:15:00,5,zone5,23,0,0,1,cloudy,29.38,62.35,360,2,0,0.071,73.35,65.0,66.97,49.8,1.158,0.1805,4,68.83,Aman,0,normal,82.71,66.54,0.898
2025-07-28T23:30:00,1,zone1,23,0,0,0,clear,32.93,72.01,520,3,0,0.162,168.39,176.67,179.59,103.92,1.207,0.3398,3,72.58,Waspada,0,normal,180.53,153.88,1.443
2025-07-28T23:45:00,5,zone5,23,0,0,2,rain,25.63,85.84,360,2,0,0.164,55.11,58.46,89.97,33.46,1.436,0.1624,7,61.68,Aman,0,normal,60.41,57.2,0.178
2025-07-29T00:00:00,2,zone2,0,1,0,2,rain,24.38,77.91,680,4,0,0.106,8,4,37.32,45.9,1.245,0.0059,4,66.59,Aman,0,normal,-17.24,8,1.402
2025-07-29T00:15:00,4,zone4,0,1,0,2,rain,22.71,81.24,810,5,0,0.17,37.11,33.61,20.71,64.08,0.75,0.0415,2,68.83,Aman,0,normal,80.48,34.09,2.577
2025-07-29T00:30:00,5,zone5,0,1,0,2,rain,28.25,73.13,360,2,1,0.744,50.71,75.56,117.24,88.45,0.632,0.2099,3,108.36,Waspada,1,density_spike,147.7,46.41,5.809
2025-07-29T00:45:00,3,zone3,0,1,0,0,clear,33.96,70.91,430,2,0,0.034,86.63,114.14,138.88,74.56,0.926,0.2654,6,58.66,Aman,0,normal,97.74,96.59,0.064
2025-07-29T01:00:00,1,zone1,1,1,0,2,rain,28.74,88.2,520,3,0,0.098,41.45,20.12,56.84,52.46,1.097,0.0387,6,63.7,Aman,0,normal,17.89,45.36,1.526
2025-07-29T01:15:00,3,zone3,1,1,0,0,clear,28.66,65.01,430,2,1,0.609,118.66,155.11,164.73,171.97,0.851,0.3607,7,84.28,Waspada,0,normal,145.2,132.59,0.7
2025-07-29T01:30:00,2,zone2,1,1,0,0,clear,28.28,67.83,680,4,0,0.031,124.0,121.43,146.59,58.79,1.074,0.1786,3,63.66,Aman,0,normal,170.81,134.0,2.045
2025-07-29T01:45:00,1,zone1,1,1,0,0,clear,29.46,69.95,520,3,0,0.009,94.94,89.17,75.83,64.66,0.894,0.1715,6,69.42,Aman,0,normal,101.9,105.37,0.193
2025-07-29T02:00:00,3,zone3,2,1,0,0,clear,32.73,65.38,430,2,0,0.095,42.96,34.35,31.29,60.0,1.27,0.0799,6,64.99,Aman,0,normal,43.26,40.22,0.169
2025-07-29T02:15:00,3,zone3,2,1,0,0,clear,26.7,81.58,430,2,0,0.151,105.19,110.85,104.23,120.42,1.064,0.2578,8,65.78,Waspada,0,normal,109.42,105.12,0.239
2025-07-29T02:30:00,2,zone2,2,1,0,0,clear,32.59,68.96,680,4,0,0.017,78.86,72.65,82.6,58.96,1.24,0.1068,5,71.44,Aman,0,normal,68.57,75.97,0.411
2025-07-29T02:45:00,4,zone4,2,1,0,1,cloudy,27.48,80.98,810,5,0,0.062,74.23,48.97,18.56,47.91,1.451,0.0605,2,65.42,Aman,0,normal,29.71,80.71,2.834
2025-07-29T03:00:00,3,zone3,3,1,0,2,rain,32.96,85.34,430,2,0,0.019,73.34,36.21,4,40.16,1.142,0.0842,8,70.26,Aman,0,normal,40.07,70.7,1.702
2025-07-29T03:15:00,3,zone3,3,1,0,0,clear,29.29,59.42,430,2,0,0.034,47.34,34.41,71.38,44.24,1.292,0.08,4,68.08,Aman,0,normal,52.37,47.29,0.282
2025-07-29T03:30:00,3,zone3,3,1,0,0,clear,31.9,60.93,430,2,0,0.09,97.44,95.16,46.06,25.87,1.276,0.2213,5,74.58,Aman,0,normal,115.1,106.9,0.456
2025-07-29T03:45:00,2,zone2,3,1,0,0,clear,31.48,68.26,680,4,0,0.054,112.3,154.5,161.39,72.12,0.889,0.2272,6,68.1,Aman,0,normal,152.95,119.41,1.863
2025-07-29T04:00:00,4,zone4,4,1,0,0,clear,27.99,56.59,810,5,0,0.096,88.63,96.21,84.09,58.57,1.404,0.1188,8,69.49,Aman,0,normal,68.4,81.34,0.719
2025-07-29T04:15:00,3,zone3,4,1,0,2,rain,28.66,79.7,430,2,0,0.047,8,4,27.78,15.8,1.09,0.0093,2,68.65,Aman,0,normal,-17.9,8.47,1.465
2025-07-29T04:30:00,3,zone3,4,1,0,1,cloudy,31.26,60.86,430,2,1,0.949,177.77,221.63,251.44,144.84,0.602,0.5154,5,94.36,Bahaya,1,density_spike,223.87,163.83,3.054
2025-07-29T04:45:00,5,zone5,4,1,0,0,clear,31.2,71.32,360,2,0,0.13,62.85,91.49,90.41,68.79,1.114,0.2541,5,72.15,Aman,0,normal,102.4,54.96,2.636
2025-07-29T05:00:00,3,zone3,5,1,0,0,clear,30.47,65.27,430,2,0,0.144,121.43,145.61,126.47,76.95,1.019,0.3386,3,70.08,Aman,1,density_spike,186.85,121.92,3.607
2025-07-29T05:15:00,1,zone1,5,1,0,0,clear,33.38,64.47,520,3,0,0.055,183.04,217.89,221.17,53.2,0.771,0.419,3,69.4,Aman,0,normal,222.31,203.47,0.771
2025-07-29T05:30:00,1,zone1,5,1,0,0,clear,32.05,59.46,520,3,0,0.036,133.16,155.06,154.75,50.26,1.012,0.2982,6,75.83,Aman,0,normal,168.38,148.4,1.11
2025-07-29T05:45:00,3,zone3,5,1,0,0,clear,32.2,60.75,430,2,0,0.027,123.78,88.81,81.62,75.28,0.959,0.2065,5,69.65,Aman,1,density_spike,54.94,115.08,3.341
2025-07-29T06:00:00,2,zone2,6,1,0,3,storm,25.67,98,680,4,0,0.089,83.05,70.41,76.12,77.57,1.066,0.1035,8,64.78,Aman,1,density_spike,144.6,87.78,3.157
2025-07-29T06:15:00,2,zone2,6,1,0,2,rain,25.19,81.3,680,4,0,0.014,58.84,29.49,12.03,33.66,1.437,0.0434,2,60.35,Aman,0,normal,7.11,51.66,2.475
2025-07-29T06:30:00,3,zone3,6,1,0,0,clear,31.44,48,430,2,0,0.077,127.84,128.18,162.52,45.68,0.953,0.2981,5,64.77,Aman,0,normal,126.23,125.75,0.026
2025-07-29T06:45:00,3,zone3,6,1,0,2,rain,27.84,74.05,430,2,0,0.101,117.68,107.03,76.88,63.11,1.338,0.2489,4,72.95,Aman,0,normal,110.51,117.35,0.38
2025-07-29T07:00:00,4,zone4,7,1,0,0,clear,35.41,63.83,810,5,0,0.178,131.26,119.93,132.47,66.88,0.383,0.1481,5,97.7,Aman,1,density_spike,286.57,141.64,5.73
2025-07-29T07:15:00,3,zone3,7,1,0,1,cloudy,30.28,58.93,430,2,0,0.178,86.24,99.85,108.8,61.8,0.969,0.2322,8,68.23,Aman,0,normal,72.93,75.47,0.141
2025-07-29T07:30:00,2,zone2,7,1,0,3,storm,23.99,94.7,680,4,0,0.17,83.02,86.81,44.71,63.62,1.214,0.1277,4,72.61,Aman,0,normal,94.45,82.18,0.682
2025-07-29T07:45:00,4,zone4,7,1,0,0,clear,34.27,60.49,810,5,0,0.096,131.63,133.67,107.84,78.13,1.0,0.165,6,77.26,Aman,0,normal,124.59,119.54,0.281
2025-07-29T08:00:00,2,zone2,8,1,0,0,clear,31.3,69.81,680,4,0,0.033,80.76,101.04,110.08,46.85,0.954,0.1486,5,69.35,Aman,0,normal,122.42,87.28,1.953
2025-07-29T08:15:00,4,zone4,8,1,0,0,clear,30.62,73.16,810,5,0,0.095,52.26,52.49,52.52,30.57,1.486,0.0648,5,60.74,Aman,0,normal,69.58,46.31,1.293
2025-07-29T08:30:00,1,zone1,8,1,0,0,clear,34.72,67.7,520,3,0,0.014,112.05,106.28,131.03,49.3,1.332,0.2044,4,66.92,Aman,0,normal,69.39,114.49,2.505
2025-07-29T08:45:00,1,zone1,8,1,0,0,clear,32.44,68.41,520,3,0,0.124,156.42,172.35,165.46,87.52,1.336,0.3315,2,76.08,Aman,0,normal,183.52,148.8,1.929
2025-07-29T09:00:00,2,zone2,9,1,0,0,clear,32.92,57.18,680,4,0,0.129,134.12,145.89,164.12,75.82,0.974,0.2145,2,70.62,Aman,0,normal,119.22,135.15,0.885
2025-07-29T09:15:00,2,zone2,9,1,0,0,clear,27.93,77.3,680,4,0,0.159,133.58,131.26,143.34,73.07,1.042,0.193,5,68.63,Aman,0,normal,112.75,128.49,0.874
2025-07-29T09:30:00,5,zone5,9,1,0,3,storm,21.95,97.55,360,2,0,0.066,81.68,67.14,76.73,65.35,1.227,0.1865,6,74.07,Aman,0,normal,73.04,89.54,0.917
2025-07-29T09:45:00,5,zone5,9,1,0,2,rain,24.66,85.8,360,2,0,0.01,25.4,5.97,15.88,9.92,1.132,0.0166,5,60.19,Aman,0,normal,26.08,23.28,0.156
2025-07-29T10:00:00,1,zone1,10,1,0,0,clear,26.63,82.52,520,3,0,0.092,144.4,120.21,138.93,94.09,0.548,0.2312,3,89.87,Aman,1,density_spike,232.47,146.85,4.914
2025-07-29T10:15:00,5,zone5,10,1,0,0,clear,32.9,75.66,360,2,1,0.599,111.72,159.05,147.02,124.6,0.813,0.4418,6,75.35,Waspada,1,density_spike,170.35,107.81,3.474
2025-07-29T10:30:00,2,zone2,10,1,0,2,rain,27.36,81.21,680,4,0,0.092,90.47,64.02,56.54,72.51,0.98,0.0941,7,72.53,Aman,0,normal,90.99,97.24,0.347
2025-07-29T10:45:00,5,zone5,10,1,0,0,clear,27.35,59.74,360,2,0,0.056,78.0,76.22,93.62,55.7,0.927,0.2117,6,71.28,Aman,0,normal,56.04,86.01,1.665
2025-07-29T11:00:00,2,zone2,11,1,0,0,clear,30.37,59.69,680,4,0,0.161,113.1,108.96,98.22,60.63,0.993,0.1602,4,69.06,Aman,0,normal,115.96,103.44,0.696
2025-07-29T11:15:00,3,zone3,11,1,0,1,cloudy,31.68,63.74,430,2,0,0.131,138.51,147.26,123.05,85.9,0.852,0.3425,2,65.1,Waspada,0,normal,156.78,147.19,0.533
2025-07-29T11:30:00,4,zone4,11,1,0,0,clear,27.86,74.63,810,5,0,0.067,135.06,128.24,111.01,75.57,0.947,0.1583,4,75.71,Aman,0,normal,141.23,145.94,0.262
2025-07-29T11:45:00,4,zone4,11,1,0,0,clear,27.43,65.68,810,5,0,0.016,84.23,90.92,76.02,49.96,1.128,0.1123,2,70.1,Aman,0,normal,87.28,79.32,0.442
2025-07-29T12:00:00,3,zone3,12,1,0,0,clear,30.87,72.04,430,2,0,0.064,76.57,61.86,59.66,29.81,1.231,0.1439,6,68.57,Aman,0,normal,75.05,78.91,0.214
2025-07-29T12:15:00,3,zone3,12,1,0,0,clear,35.02,61.5,430,2,0,0.063,49.81,67.34,65.25,76.67,1.285,0.1566,7,74.91,Aman,0,normal,54.12,51.32,0.155
2025-07-29T12:30:00,2,zone2,12,1,0,1,cloudy,28.14,73.07,680,4,0,0.141,108.21,106.55,133.19,51.82,1.235,0.1567,2,74.12,Aman,0,normal,114.45,93.14,1.184
2025-07-29T12:45:00,2,zone2,12,1,0,3,storm,25.06,86.5,680,4,0,0.155,117.65,62.71,60.94,85.3,0.295,0.0922,4,99.55,Aman,1,density_spike,14.87,121.76,3.558
2025-07-29T13:00:00,4,zone4,13,1,0,1,cloudy,31.39,76.84,810,5,0,0.139,141.25,164.3,169.46,40.17,1.019,0.2028,5,72.68,Aman,0,normal,133.79,140.96,0.398
2025-07-29T13:15:00,4,zone4,13,1,0,0,clear,29.04,65.37,810,5,0,0.154,44.06,67.39,61.29,55.56,1.12,0.0832,3,67.84,Aman,1,density_spike,108.54,41.39,3.73
2025-07-29T13:30:00,4,zone4,13,1,0,1,cloudy,27.56,74.6,810,5,0,0.016,77.14,86.41,94.53,68.8,1.279,0.1067,3,61.91,Aman,0,normal,28.44,68.14,2.206
2025-07-29T13:45:00,3,zone3,13,1,0,2,rain,27.93,74.74,430,2,0,0.151,101.38,80.88,81.91,81.38,1.177,0.1881,7,68.77,Aman,0,normal,94.27,107.86,0.755
2025-07-29T14:00:00,1,zone1,14,1,0,0,clear,28.49,69.56,520,3,0,0.009,177.75,174.27,187.95,64.46,0.488,0.3351,5,83.92,Aman,1,density_spike,39.78,182.42,4.374
2025-07-29T14:15:00,5,zone5,14,1,0,1,cloudy,29.17,68.91,360,2,0,0.07,95.22,113.72,141.37,48.78,0.995,0.3159,7,66.08,Aman,1,density_spike,141.2,86.65,3.03
2025-07-29T14:30:00,2,zone2,14,1,0,0,clear,30.49,71.93,680,4,0,0.082,118.34,139.72,125.16,67.8,0.921,0.2055,2,69.75,Aman,0,normal,116.41,124.36,0.442
2025-07-29T14:45:00,5,zone5,14,1,0,0,clear,29.93,76.63,360,2,0,0.076,88.48,126.52,126.11,56.14,1.126,0.3514,2,69.54,Aman,0,normal,103.16,97.5,0.314
2025-07-29T15:00:00,4,zone4,15,1,0,2,rain,28.98,81.07,810,5,0,0.131,125.51,106.96,103.02,61.18,1.088,0.132,6,68.81,Aman,0,normal,130.63,114.88,0.875
2025-07-29T15:15:00,1,zone1,15,1,0,0,clear,27.16,64.89,520,3,0,0.02,123.85,102.9,88.02,57.18,1.485,0.1979,7,74.41,Aman,0,normal,82.07,124.57,2.361
2025-07-29T15:30:00,3,zone3,15,1,0,1,cloudy,30.75,73.34,430,2,0,0.081,140.98,135.98,130.22,27.01,1.181,0.3162,4,68.43,Aman,0,normal,135.08,137.0,0.107
2025-07-29T15:45:00,2,zone2,15,1,0,0,clear,29.87,67.72,680,4,0,0.028,125.89,137.3,144.11,32.11,0.769,0.2019,8,57.42,Aman,0,normal,129.11,112.03,0.949
2025-07-29T16:00:00,1,zone1,16,1,0,2,rain,25.83,75.17,520,3,0,0.163,150.35,170.96,179.31,74.73,1.093,0.3288,8,66.2,Aman,0,normal,182.31,156.05,1.403
2025-07-29T16:15:00,3,zone3,16,1,0,2,rain,29.04,86.52,430,2,0,0.085,24.41,4,6.03,52.11,1.25,0.0093,8,67.86,Aman,0,normal,-0.64,26.14,1.488
2025-07-29T16:30:00,4,zone4,16,1,0,1,cloudy,31.1,62.5,810,5,0,0.02,129.3,151.68,130.03,51.86,1.064,0.1873,2,74.66,Aman,1,density_spike,194.75,137.78,3.165
2025-07-29T16:45:00,5,zone5,16,1,0,2,rain,28.18,75.9,360,2,0,0.093,88.91,61.12,93.88,45.75,1.266,0.1698,6,69.78,Aman,0,normal,50.42,79.76,1.63
2025-07-29T17:00:00,5,zone5,17,1,0,3,storm,29.7,98,360,2,0,0.158,70.0,91.1,100.18,72.61,1.023,0.2531,6,69.29,Aman,0,normal,111.9,60.56,2.852
2025-07-29T17:15:00,2,zone2,17,1,0,0,clear,32.98,81.63,680,4,0,0.073,162.67,190.7,202.63,61.82,1.142,0.2804,3,75.26,Aman,0,normal,210.75,171.3,1.919
2025-07-29T17:30:00,2,zone2,17,1,0,2,rain,25.19,93.29,680,4,0,0.119,170.44,162.18,168.55,38.0,1.033,0.2385,4,66.83,Aman,0,normal,196.36,161.88,1.775
2025-07-29T17:45:00,4,zone4,17,1,0,1,cloudy,27.53,76.17,810,5,0,0.039,144.69,147.92,146.25,58.64,1.085,0.1826,7,61.27,Aman,0,normal,119.29,136.77,0.971
2025-07-29T18:00:00,3,zone3,18,1,0,2,rain,29.31,74.54,430,2,0,0.145,131.01,158.31,226.32,71.46,0.77,0.3682,6,79.81,Waspada,0,normal,115.14,121.03,0.327
2025-07-29T18:15:00,5,zone5,18,1,0,2,rain,27.87,93.05,360,2,0,0.13,72.85,65.42,88.37,51.81,1.103,0.1817,2,68.93,Aman,0,normal,67.63,76.39,0.487
2025-07-29T18:30:00,4,zone4,18,1,0,0,clear,27.54,61.55,810,5,0,0.027,89.63,65.55,104.18,42.39,1.262,0.0809,4,70.93,Aman,1,density_spike,35.73,98.94,3.512
2025-07-29T18:45:00,1,zone1,18,1,0,0,clear,26.08,58.59,520,3,0,0.135,211.83,217.08,254.41,88.9,0.324,0.4175,7,98.57,Waspada,1,density_spike,46.42,226.86,5.885
2025-07-29T19:00:00,1,zone1,19,1,0,2,rain,27.75,98,520,3,0,0.147,151.48,151.34,205.19,51.84,1.009,0.291,6,58.63,Aman,0,normal,140.47,142.27,0.1
2025-07-29T19:15:00,2,zone2,19,1,0,1,cloudy,31.5,73.53,680,4,0,0.048,139.43,125.86,143.89,48.85,1.235,0.1851,4,72.36,Aman,0,normal,157.97,148.79,0.51
2025-07-29T19:30:00,4,zone4,19,1,0,0,clear,32.2,71.49,810,5,0,0.134,145.47,184.26,195.06,78.03,0.987,0.2275,3,58.81,Aman,0,normal,172.13,136.94,1.955
2025-07-29T19:45:00,4,zone4,19,1,0,0,clear,31.32,56.72,810,5,0,0.072,107.94,115.21,97.68,41.06,1.243,0.1422,5,63.43,Aman,0,normal,123.13,110.51,0.701
2025-07-29T20:00:00,4,zone4,20,1,0,1,cloudy,31.1,84.68,810,5,0,0.083,169.76,201.21,263.29,90.14,1.09,0.2484,2,73.3,Aman,1,density_spike,258.01,147.45,6.142
2025-07-29T20:15:00,3,zone3,20,1,0,0,clear,27.85,71.99,430,2,1,0.514,148.38,174.66,228.99,92.06,1.215,0.4062,7,79.21,Waspada,0,normal,197.69,165.35,1.63
2025-07-29T20:30:00,3,zone3,20,1,0,0,clear,27.93,76.27,430,2,0,0.146,82.86,82.84,116.68,46.17,0.904,0.1927,8,71.61,Aman,0,normal,110.8,78.32,1.804
2025-07-29T20:45:00,5,zone5,20,1,0,2,rain,25.02,75.53,360,2,0,0.048,85.02,46.98,25.66,72.14,1.13,0.1305,5,72.35,Aman,0,normal,78.49,76.44,0.114
2025-07-29T21:00:00,1,zone1,21,1,0,0,clear,32.09,62.8,520,3,0,0.023,167.86,172.75,229.66,51.08,1.27,0.3322,8,78.75,Aman,0,normal,134.97,158.3,1.228
2025-07-29T21:15:00,4,zone4,21,1,0,0,clear,27.7,62.01,810,5,0,0.032,181.95,193.66,217.51,68.98,1.411,0.2391,2,57.99,Aman,0,normal,216.65,186.43,1.351
2025-07-29T21:30:00,4,zone4,21,1,0,3,storm,22.93,92.63,810,5,0,0.15,73.26,63.53,47.6,74.8,1.305,0.0784,6,60.07,Aman,0,normal,90.41,74.33,0.893
2025-07-29T21:45:00,2,zone2,21,1,0,0,clear,29.33,80.11,680,4,0,0.158,163.79,167.01,198.0,79.81,0.683,0.2456,2,68.64,Aman,0,normal,161.34,144.57,0.932
2025-07-29T22:00:00,4,zone4,22,1,0,0,clear,32.04,73.5,810,5,0,0.059,111.92,104.86,98.84,44.82,1.184,0.1295,2,77.5,Aman,0,normal,98.98,102.09,0.173
2025-07-29T22:15:00,2,zone2,22,1,0,0,clear,33.29,67.15,680,4,0,0.01,111.05,108.25,96.48,62.74,0.849,0.1592,8,61.58,Aman,0,normal,93.74,118.7,1.386
2025-07-29T22:30:00,5,zone5,22,1,0,0,clear,30.54,53.93,360,2,0,0.168,41.04,56.54,91.07,109.61,1.01,0.1571,3,55.5,Aman,0,normal,56.57,45.51,0.615
2025-07-29T22:45:00,2,zone2,22,1,0,0,clear,28.43,66.2,680,4,0,0.081,176.06,177.01,169.04,56.37,1.229,0.2603,3,73.61,Aman,0,normal,160.53,193.63,1.425
2025-07-29T23:00:00,2,zone2,23,1,0,1,cloudy,31.88,73.82,680,4,0,0.132,132.75,144.25,151.89,51.2,1.081,0.2121,8,67.96,Aman,0,normal,168.52,132.33,2.011
2025-07-29T23:15:00,1,zone1,23,1,0,2,rain,29.5,77.87,520,3,0,0.075,146.97,113.69,85.99,51.27,1.16,0.2186,8,73.16,Aman,0,normal,155.26,154.98,0.015
2025-07-29T23:30:00,5,zone5,23,1,0,0,clear,32.01,72.23,360,2,0,0.083,39.78,30.19,13.58,32.28,1.07,0.0839,8,63.19,Aman,0,normal,36.91,43.71,0.377
2025-07-29T23:45:00,4,zone4,23,1,0,1,cloudy,31.73,78.79,810,5,0,0.048,43.96,82.18,39.54,32.01,1.216,0.1015,8,60.73,Aman,0,normal,84.26,38.15,2.561
2025-07-30T00:00:00,1,zone1,0,2,0,1,cloudy,31.5,77.5,520,3,0,0.142,137.52,153.13,151.4,75.96,0.664,0.2945,4,103.4,Aman,1,density_spike,30.35,144.76,3.259
2025-07-30T00:15:00,5,zone5,0,2,0,0,clear,34.36,62.24,360,2,0,0.069,91.15,113.57,144.41,38.58,0.854,0.3155,5,71.16,Aman,0,normal,79.96,78.89,0.06
2025-07-30T00:30:00,2,zone2,0,2,0,3,storm,28.16,94.17,680,4,0,0.011,19.6,4,20.24,8.09,1.322,0.0059,8,62.45,Aman,0,normal,3.55,20.01,0.915
2025-07-30T00:45:00,2,zone2,0,2,0,1,cloudy,30.8,86.71,680,4,0,0.158,87.1,78.43,78.19,43.12,0.977,0.1153,2,60.56,Aman,0,normal,64.28,87.8,1.307
2025-07-30T01:00:00,4,zone4,1,2,0,0,clear,32.68,58.45,810,5,0,0.172,132.49,149.22,158.46,53.51,1.3,0.1842,7,62.21,Aman,0,normal,115.71,115.1,0.034
2025-07-30T01:15:00,5,zone5,1,2,0,0,clear,30.03,69.03,360,2,0,0.058,53.87,60.56,21.9,62.95,0.812,0.1682,7,78.34,Aman,0,normal,68.31,53.8,0.806
2025-07-30T01:30:00,1,zone1,1,2,0,0,clear,33.68,62.78,520,3,1,0.631,118.73,157.49,223.25,142.7,0.892,0.3029,7,83.86,Waspada,0,normal,155.59,127.73,1.548
2025-07-30T01:45:00,5,zone5,1,2,0,2,rain,29.85,81.48,360,2,0,0.099,55.47,24.29,11.89,49.17,1.426,0.0675,4,59.99,Aman,0,normal,11.0,60.03,2.724
2025-07-30T02:00:00,4,zone4,2,2,0,0,clear,27.68,56.85,810,5,0,0.171,46.18,65.39,52.01,39.06,1.04,0.0807,2,73.43,Aman,0,normal,87.49,43.49,2.444
2025-07-30T02:15:00,4,zone4,2,2,0,2,rain,26.13,80.92,810,5,0,0.07,114.15,90.79,150.22,61.38,0.952,0.1121,3,65.25,Aman,0,normal,121.09,116.99,0.227
2025-07-30T02:30:00,1,zone1,2,2,0,0,clear,30.5,81.85,520,3,0,0.139,121.15,125.33,169.79,38.54,1.009,0.241,6,69.13,Aman,0,normal,133.73,115.69,1.002
2025-07-30T02:45:00,1,zone1,2,2,0,1,cloudy,34.6,72.98,520,3,0,0.123,146.53,153.68,168.17,32.31,0.891,0.2955,3,62.5,Aman,0,normal,165.7,150.96,0.814
2025-07-30T03:00:00,1,zone1,3,2,0,0,clear,34.05,64.35,520,3,0,0.176,118.08,128.66,140.8,57.0,1.109,0.2474,7,66.1,Aman,0,normal,123.63,130.49,0.381
2025-07-30T03:15:00,5,zone5,3,2,0,1,cloudy,33.84,77.45,360,2,0,0.166,58.15,82.2,53.28,35.85,1.422,0.2283,6,67.31,Aman,0,normal,88.2,57.5,1.706
2025-07-30T03:30:00,1,zone1,3,2,0,0,clear,30.6,67.67,520,3,0,0.117,111.48,89.56,108.64,67.86,1.098,0.1722,2,65.86,Aman,0,normal,78.8,121.21,2.356
2025-07-30T03:45:00,2,zone2,3,2,0,3,storm,28.0,92.72,680,4,0,0.013,86.53,87.57,69.92,44.12,0.939,0.1288,4,69.63,Aman,0,normal,89.85,92.43,0.143
2025-07-30T04:00:00,5,zone5,4,2,0,0,clear,32.38,69.56,360,2,0,0.07,68.68,90.74,82.03,26.51,0.523,0.2521,3,85.08,Aman,1,density_spike,22.72,63.09,5.224
2025-07-30T04:15:00,1,zone1,4,2,0,0,clear,36.01,69.3,520,3,0,0.178,133.48,161.64,162.29,60.33,0.875,0.3108,3,74.18,Aman,0,normal,146.83,130.53,0.905
2025-07-30T04:30:00,2,zone2,4,2,0,2,rain,29.5,71.27,680,4,0,0.004,89.53,43.16,58.42,55.54,1.323,0.0635,6,72.77,Aman,0,normal,46.66,84.73,2.115
2025-07-30T04:45:00,2,zone2,4,2,0,0,clear,30.24,71.04,680,4,0,0.136,115.26,113.46,120.0,39.29,1.014,0.1669,8,73.58,Aman,0,normal,102.9,102.32,0.032
2025-07-30T05:00:00,4,zone4,5,2,0,0,clear,33.23,65.19,810,5,0,0.115,38.1,12.05,21.01,58.32,1.31,0.0149,4,68.22,Aman,0,normal,3.04,34.47,1.746
2025-07-30T05:15:00,2,zone2,5,2,0,0,clear,29.64,74.18,680,4,0,0.027,202.16,192.64,173.6,42.28,0.979,0.2833,6,61.78,Aman,0,normal,211.56,197.13,0.61
2025-07-30T05:30:00,3,zone3,5,2,0,1,cloudy,25.98,66.59,430,2,0,0.075,225.58,233.86,186.34,52.05,0.72,0.5439,4,82.33,Waspada,0,normal,249.61,230.98,0.672
2025-07-30T05:45:00,4,zone4,5,2,0,0,clear,27.6,68.53,810,5,0,0.025,62.7,70.19,94.27,47.56,1.284,0.0867,4,53.72,Aman,0,normal,90.18,58.98,1.733
2025-07-30T06:00:00,5,zone5,6,2,0,0,clear,29.49,56.65,360,2,0,0.073,66.61,58.7,50.19,34.68,0.839,0.163,2,70.16,Aman,0,normal,95.78,67.93,1.547
2025-07-30T06:15:00,5,zone5,6,2,0,0,clear,33.1,73.17,360,2,0,0.162,74.0,81.93,73.91,86.14,1.177,0.2276,6,57.56,Aman,0,normal,88.89,71.47,0.968
2025-07-30T06:30:00,3,zone3,6,2,0,1,cloudy,25.98,69.69,430,2,0,0.129,79.66,90.69,79.01,39.16,1.045,0.2109,2,63.15,Aman,0,normal,46.32,79.67,1.852
2025-07-30T06:45:00,3,zone3,6,2,0,0,clear,30.27,63.57,430,2,0,0.12,134.28,140.1,120.2,42.37,0.73,0.3258,6,63.17,Aman,0,normal,164.64,126.4,2.125
2025-07-30T07:00:00,2,zone2,7,2,0,0,clear,29.56,55.68,680,4,0,0.021,141.4,129.43,123.57,61.97,0.968,0.1903,6,65.61,Aman,0,normal,133.67,143.88,0.567
2025-07-30T07:15:00,2,zone2,7,2,0,0,clear,32.48,64.0,680,4,1,0.643,268.92,315.89,367.47,132.06,0.772,0.4645,2,92.17,Waspada,0,normal,278.4,239.51,1.353
2025-07-30T07:30:00,4,zone4,7,2,0,2,rain,26.46,84.97,810,5,1,0.918,67.56,106.1,184.74,139.13,1.152,0.131,6,88.21,Waspada,0,normal,90.53,67.16,1.298
2025-07-30T07:45:00,5,zone5,7,2,0,1,cloudy,29.87,81.71,360,2,0,0.004,81.82,83.01,92.45,19.41,1.213,0.2306,7,71.87,Aman,0,normal,72.28,89.83,0.975
2025-07-30T08:00:00,4,zone4,8,2,0,0,clear,32.02,70.06,810,5,0,0.002,78.28,60.74,47.15,20.07,1.29,0.075,4,54.92,Aman,0,normal,58.63,71.46,0.713
2025-07-30T08:15:00,1,zone1,8,2,0,0,clear,26.44,57.53,520,3,0,0.176,189.16,190.99,215.24,106.78,0.267,0.3673,4,94.19,Waspada,1,density_spike,41.5,185.94,4.641
2025-07-30T08:30:00,1,zone1,8,2,0,1,cloudy,26.15,78.23,520,3,1,0.813,181.21,221.9,277.79,98.48,1.564,0.4267,7,92.26,Waspada,0,normal,224.71,170.6,2.643
2025-07-30T08:45:00,2,zone2,8,2,0,0,clear,28.98,68.91,680,4,1,0.743,173.61,234.05,254.24,103.04,1.041,0.3442,2,87.62,Waspada,0,normal,214.92,172.66,2.04
2025-07-30T09:00:00,1,zone1,9,2,0,1,cloudy,29.87,90.42,520,3,0,0.012,121.87,88.94,100.92,24.51,0.923,0.171,3,68.22,Aman,0,normal,96.09,127.26,1.731
2025-07-30T09:15:00,2,zone2,9,2,0,0,clear,34.8,70.19,680,4,0,0.119,146.71,139.38,106.84,51.41,1.349,0.205,5,73.04,Aman,0,normal,146.73,141.14,0.311
2025-07-30T09:30:00,3,zone3,9,2,0,2,rain,26.08,77.47,430,2,0,0.086,38.96,33.72,51.53,59.62,1.099,0.0784,5,68.53,Aman,0,normal,35.61,34.01,0.089
2025-07-30T09:45:00,1,zone1,9,2,0,0,clear,31.96,68.96,520,3,0,0.091,133.89,114.16,111.81,57.08,1.33,0.2195,3,70.02,Aman,0,normal,117.63,139.17,1.196
2025-07-30T10:00:00,2,zone2,10,2,0,1,cloudy,27.35,68.67,680,4,0,0.134,179.81,163.99,179.87,37.53,0.916,0.2412,4,58.78,Aman,0,normal,159.8,185.36,1.149
2025-07-30T10:15:00,2,zone2,10,2,0,0,clear,32.81,74.96,680,4,0,0.137,240.88,231.03,239.41,83.44,0.999,0.3397,6,74.98,Aman,0,normal,223.27,261.84,1.227
2025-07-30T10:30:00,3,zone3,10,2,0,1,cloudy,31.76,65.0,430,2,0,0.007,74.24,83.9,72.35,53.84,1.278,0.1951,3,62.46,Aman,0,normal,96.08,79.99,0.894
2025-07-30T10:45:00,5,zone5,10,2,0,2,rain,25.2,58.91,360,2,0,0.049,66.0,36.16,34.49,62.07,1.036,0.1004,7,61.56,Aman,0,normal,10.41,57.89,2.638
2025-07-30T11:00:00,1,zone1,11,2,0,1,cloudy,26.76,66.58,520,3,1,0.672,224.8,280.93,269.39,112.73,0.875,0.5402,6,84.93,Waspada,1,density_spike,305.2,216.75,3.401
2025-07-30T11:15:00,2,zone2,11,2,0,3,storm,27.25,75.4,680,4,0,0.022,106.56,85.05,61.48,53.11,1.077,0.1251,6,61.73,Aman,0,normal,57.79,99.59,2.322
2025-07-30T11:30:00,4,zone4,11,2,0,2,rain,27.6,78.91,810,5,0,0.143,103.55,96.76,118.34,58.44,1.096,0.1195,5,59.85,Aman,0,normal,114.06,90.4,1.314
2025-07-30T11:45:00,1,zone1,11,2,0,1,cloudy,29.88,77.93,520,3,0,0.129,209.7,187.37,175.71,86.69,1.143,0.3603,3,73.51,Waspada,0,normal,182.73,183.07,0.016
2025-07-30T12:00:00,1,zone1,12,2,0,2,rain,26.17,67.49,520,3,0,0.169,115.59,102.4,153.45,70.9,1.545,0.1969,4,67.14,Aman,0,normal,95.02,122.28,1.514
2025-07-30T12:15:00,4,zone4,12,2,0,0,clear,27.49,77.14,810,5,0,0.081,77.6,81.64,146.43,31.65,1.479,0.1008,8,69.65,Aman,0,normal,70.74,76.72,0.332
2025-07-30T12:30:00,2,zone2,12,2,0,2,rain,25.84,87.25,680,4,0,0.142,145.26,113.44,91.84,82.82,1.483,0.1668,6,65.43,Aman,0,normal,128.09,134.66,0.365
2025-07-30T12:45:00,1,zone1,12,2,0,2,rain,31.56,78.67,520,3,0,0.134,174.87,178.94,179.94,73.83,1.014,0.3441,6,67.11,Aman,0,normal,176.03,168.78,0.358
2025-07-30T13:00:00,3,zone3,13,2,0,0,clear,30.7,78.73,430,2,0,0.133,38.96,41.38,24.84,30.57,0.233,0.0962,8,90.99,Aman,1,density_spike,7.95,39.43,5.815
2025-07-30T13:15:00,4,zone4,13,2,0,0,clear,31.89,62.09,810,5,0,0.178,54.78,41.47,43.69,32.47,1.231,0.0512,6,58.26,Aman,0,normal,44.12,49.7,0.31
2025-07-30T13:30:00,3,zone3,13,2,0,0,clear,31.61,73.79,430,2,0,0.111,90.52,122.66,121.32,73.08,0.814,0.2853,8,62.36,Aman,0,normal,137.41,95.86,2.308
2025-07-30T13:45:00,5,zone5,13,2,0,0,clear,31.8,60.25,360,2,1,0.894,127.76,177.06,212.63,120.49,0.665,0.4918,6,95.8,Bahaya,0,normal,164.66,117.48,2.621
2025-07-30T14:00:00,4,zone4,14,2,0,0,clear,29.93,71.93,810,5,0,0.113,92.08,83.82,58.24,31.44,0.957,0.1035,7,69.6,Aman,0,normal,80.38,85.74,0.297
2025-07-30T14:15:00,4,zone4,14,2,0,2,rain,25.65,81.04,810,5,0,0.045,99.24,104.12,123.07,32.35,0.997,0.1285,5,56.23,Aman,0,normal,73.46,93.22,1.098
2025-07-30T14:30:00,2,zone2,14,2,0,1,cloudy,27.1,74.01,680,4,0,0.16,155.6,138.36,146.52,80.23,1.309,0.2035,5,53.14,Aman,0,normal,147.77,134.11,0.759
2025-07-30T14:45:00,5,zone5,14,2,0,0,clear,31.62,69.06,360,2,1,0.819,114.29,160.63,162.11,124.99,1.196,0.4462,3,90.04,Waspada,0,normal,172.24,123.28,2.72
2025-07-30T15:00:00,1,zone1,15,2,0,3,storm,29.25,83.43,520,3,0,0.177,52.83,61.93,80.08,74.24,1.474,0.1191,4,61.84,Aman,0,normal,42.77,53.57,0.6
2025-07-30T15:15:00,5,zone5,15,2,0,2,rain,31.16,90.53,360,2,0,0.011,27.91,38.93,52.71,35.2,1.251,0.1081,8,63.86,Aman,0,normal,10.21,27.36,0.952
2025-07-30T15:30:00,4,zone4,15,2,0,1,cloudy,32.34,76.66,810,5,1,0.831,175.26,242.76,270.17,153.08,1.129,0.2997,2,81.89,Waspada,1,density_spike,241.91,152.14,4.917
2025-07-30T15:45:00,3,zone3,15,2,0,1,cloudy,25.86,78.22,430,2,0,0.032,127.65,120.42,111.93,81.13,1.235,0.28,3,74.19,Aman,0,normal,125.57,135.92,0.575
2025-07-30T16:00:00,1,zone1,16,2,0,0,clear,30.35,76.18,520,3,0,0.022,185.04,176.19,150.48,48.09,0.883,0.3388,7,68.41,Aman,0,normal,194.87,177.6,0.81
2025-07-30T16:15:00,5,zone5,16,2,0,0,clear,28.4,53.03,360,2,0,0.096,111.45,96.21,82.07,74.81,1.183,0.2673,2,72.05,Aman,0,normal,128.35,123.62,0.263
2025-07-30T16:30:00,5,zone5,16,2,0,0,clear,31.41,61.38,360,2,0,0.106,48.06,48.25,75.0,69.63,1.187,0.134,5,64.22,Aman,0,normal,64.83,52.51,0.685
2025-07-30T16:45:00,5,zone5,16,2,0,0,clear,31.55,72.29,360,2,0,0.104,141.6,126.8,112.69,69.16,0.36,0.3522,6,105.72,Aman,1,density_spike,269.25,130.04,5.962
2025-07-30T17:00:00,1,zone1,17,2,0,0,clear,26.86,70.18,520,3,0,0.091,152.27,166.01,150.31,82.39,1.043,0.3192,5,72.82,Aman,0,normal,162.28,169.44,0.352
2025-07-30T17:15:00,2,zone2,17,2,0,0,clear,36.67,70.95,680,4,0,0.105,126.18,135.8,147.22,74.2,0.563,0.1997,4,78.08,Aman,0,normal,128.47,113.22,0.847
2025-07-30T17:30:00,1,zone1,17,2,0,0,clear,31.2,68.17,520,3,0,0.059,163.9,190.2,201.14,52.82,1.01,0.3658,6,71.18,Aman,0,normal,171.39,162.73,0.443
2025-07-30T17:45:00,5,zone5,17,2,0,0,clear,30.35,65.76,360,2,0,0.002,48.93,65.34,92.77,45.01,1.207,0.1815,6,70.04,Aman,0,normal,51.27,51.31,0.002
2025-07-30T18:00:00,4,zone4,18,2,0,0,clear,31.98,61.47,810,5,0,0.155,130.01,182.25,253.45,70.31,1.145,0.225,8,70.0,Aman,1,density_spike,206.14,138.28,3.77
2025-07-30T18:15:00,1,zone1,18,2,0,0,clear,29.75,54.74,520,3,1,0.923,212.74,281.7,377.01,172.25,0.923,0.5417,7,87.11,Bahaya,1,density_spike,315.91,213.57,3.993
2025-07-30T18:30:00,5,zone5,18,2,0,0,clear,32.37,49.5,360,2,0,0.015,90.61,80.5,98.6,64.67,1.01,0.2236,2,55.68,Aman,0,normal,57.69,99.3,2.311
2025-07-30T18:45:00,1,zone1,18,2,0,1,cloudy,26.49,78.85,520,3,0,0.066,198.5,171.46,203.59,67.53,1.0,0.3297,2,75.65,Aman,0,normal,166.14,202.08,1.482
2025-07-30T19:00:00,2,zone2,19,2,0,0,clear,30.84,68.11,680,4,0,0.097,210.77,211.25,261.75,49.03,1.067,0.3107,5,62.22,Aman,0,normal,194.95,208.81,0.553
2025-07-30T19:15:00,4,zone4,19,2,0,0,clear,28.68,65.06,810,5,0,0.014,90.36,97.32,126.67,36.07,1.204,0.1202,4,71.0,Aman,0,normal,115.34,100.24,0.839
2025-07-30T19:30:00,1,zone1,19,2,0,0,clear,32.82,70.39,520,3,0,0.018,227.85,220.15,293.3,65.99,1.083,0.4234,2,72.83,Aman,0,normal,235.75,243.12,0.253
2025-07-30T19:45:00,5,zone5,19,2,0,2,rain,27.95,66.3,360,2,0,0.16,81.77,77.85,66.22,67.35,1.058,0.2163,4,72.5,Aman,0,normal,88.06,80.81,0.403
2025-07-30T20:00:00,2,zone2,20,2,0,0,clear,31.92,68.63,680,4,0,0.073,128.13,86.87,94.94,50.71,1.135,0.1277,7,57.35,Aman,1,density_spike,66.74,127.81,3.393
2025-07-30T20:15:00,5,zone5,20,2,0,1,cloudy,28.42,73.84,360,2,0,0.177,132.16,158.3,165.25,80.09,0.643,0.4397,5,73.96,Waspada,0,normal,155.12,115.0,2.229
2025-07-30T20:30:00,2,zone2,20,2,0,1,cloudy,31.94,80.4,680,4,0,0.172,128.23,143.38,199.35,44.65,0.933,0.2109,2,70.59,Aman,0,normal,150.91,111.8,2.173
2025-07-30T20:45:00,1,zone1,20,2,0,0,clear,30.19,75.18,520,3,0,0.049,145.57,153.77,223.17,30.22,0.953,0.2957,3,78.43,Aman,0,normal,165.62,159.33,0.329
2025-07-30T21:00:00,3,zone3,21,2,0,0,clear,28.03,73.08,430,2,0,0.146,149.31,163.47,159.78,96.84,0.921,0.3802,2,72.09,Waspada,0,normal,176.54,153.26,1.266
2025-07-30T21:15:00,2,zone2,21,2,0,1,cloudy,33.45,84.18,680,4,0,0.023,88.37,90.1,69.72,68.67,1.221,0.1325,6,68.9,Aman,0,normal,64.93,80.99,0.893
2025-07-30T21:30:00,1,zone1,21,2,0,2,rain,25.35,70.9,520,3,0,0.02,122.99,110.8,96.23,54.19,1.177,0.2131,7,68.76,Aman,0,normal,116.73,136.22,1.082
2025-07-30T21:45:00,3,zone3,21,2,0,0,clear,29.24,63.1,430,2,0,0.026,107.96,69.5,81.01,53.08,0.888,0.1616,2,69.31,Aman,0,normal,61.98,100.02,2.113
2025-07-30T22:00:00,4,zone4,22,2,0,0,clear,28.24,69.88,810,5,0,0.078,76.7,89.11,69.57,46.24,0.752,0.11,4,66.16,Aman,0,normal,96.93,70.18,1.486
2025-07-30T22:15:00,4,zone4,22,2,0,0,clear,32.75,69.6,810,5,0,0.043,136.77,146.39,169.38,59.27,1.101,0.1807,3,68.23,Aman,0,normal,148.76,133.23,0.863
2025-07-30T22:30:00,5,zone5,22,2,0,0,clear,30.86,83.53,360,2,0,0.177,71.72,71.06,76.53,55.24,1.133,0.1974,6,70.49,Aman,0,normal,79.69,70.0,0.538
2025-07-30T22:45:00,1,zone1,22,2,0,0,clear,32.48,65.6,520,3,0,0.035,127.35,127.36,152.69,52.22,0.272,0.2449,4,94.93,Aman,1,density_spike,291.96,126.1,4.466
2025-07-30T23:00:00,3,zone3,23,2,0,2,rain,28.16,81.88,430,2,0,0.089,93.1,61.76,110.21,56.53,1.217,0.1436,5,72.0,Aman,0,normal,92.11,96.25,0.23
2025-07-30T23:15:00,2,zone2,23,2,0,1,cloudy,29.67,75.65,680,4,0,0.101,140.13,172.52,182.18,40.58,0.967,0.2537,8,68.43,Aman,0,normal,175.79,133.36,2.357
2025-07-30T23:30:00,1,zone1,23,2,0,0,clear,31.98,57.3,520,3,0,0.122,144.4,142.29,146.49,71.83,1.105,0.2736,8,68.7,Aman,0,normal,125.13,160.16,1.823
2025-07-30T23:45:00,2,zone2,23,2,0,1,cloudy,29.27,80.43,680,4,1,0.7,150.56,183.67,248.98,133.04,0.993,0.2701,4,83.83,Waspada,0,normal,203.53,162.78,2.086
2025-07-31T00:00:00,3,zone3,0,3,0,0,clear,27.18,82.83,430,2,0,0.072,89.11,127.37,96.66,30.3,1.034,0.2962,4,72.51,Aman,0,normal,124.67,87.42,2.07
2025-07-31T00:15:00,5,zone5,0,3,0,2,rain,27.74,76.56,360,2,0,0.096,28.8,24.06,29.28,61.72,1.176,0.0668,3,70.11,Aman,0,normal,2.8,28.52,1.429
2025-07-31T00:30:00,2,zone2,0,3,0,1,cloudy,31.23,71.82,680,4,0,0.127,102.53,110.68,107.13,93.27,0.934,0.1628,6,62.51,Aman,0,normal,103.9,107.15,0.18
2025-07-31T00:45:00,1,zone1,0,3,0,2,rain,26.45,86.64,520,3,0,0.001,118.74,102.94,120.99,38.53,0.841,0.198,2,62.58,Aman,0,normal,96.72,118.63,1.217
2025-07-31T01:00:00,2,zone2,1,3,0,0,clear,27.64,73.05,680,4,0,0.179,76.69,69.49,4,79.55,1.057,0.1022,5,74.1,Aman,0,normal,64.83,66.24,0.078
2025-07-31T01:15:00,4,zone4,1,3,0,0,clear,29.31,74.13,810,5,0,0.144,143.29,154.83,148.69,38.63,0.888,0.1912,3,72.33,Aman,0,normal,170.09,147.83,1.237
2025-07-31T01:30:00,1,zone1,1,3,0,0,clear,33.33,62.18,520,3,0,0.021,103.81,103.99,121.92,51.44,1.186,0.2,3,61.66,Aman,0,normal,108.12,110.31,0.122
2025-07-31T01:45:00,4,zone4,1,3,0,0,clear,28.54,65.01,810,5,0,0.118,25.18,36.43,54.14,37.76,1.425,0.045,3,66.72,Aman,0,normal,17.18,24.6,0.412
2025-07-31T02:00:00,2,zone2,2,3,0,0,clear,26.95,73.03,680,4,0,0.151,75.96,81.41,98.7,39.76,1.052,0.1197,4,79.44,Aman,0,normal,96.69,83.33,0.742
2025-07-31T02:15:00,5,zone5,2,3,0,2,rain,23.11,91.98,360,2,0,0.163,18.98,28.85,41.61,33.18,1.052,0.0801,2,68.59,Aman,0,normal,35.53,19.52,0.89
2025-07-31T02:30:00,5,zone5,2,3,0,2,rain,32.25,92.27,360,2,1,0.524,117.03,122.35,126.45,86.02,1.106,0.3399,8,87.52,Waspada,0,normal,110.21,105.16,0.28
2025-07-31T02:45:00,5,zone5,2,3,0,1,cloudy,30.24,77.39,360,2,0,0.159,53.39,38.42,27.67,83.97,1.331,0.1067,3,67.62,Aman,1,density_spike,2.86,58.42,3.087
2025-07-31T03:00:00,3,zone3,3,3,0,0,clear,27.19,57.47,430,2,0,0.051,60.55,54.9,64.79,27.79,1.101,0.1277,3,74.71,Aman,0,normal,65.01,60.1,0.273
2025-07-31T03:15:00,1,zone1,3,3,0,0,clear,31.42,74.3,520,3,0,0.02,76.41,94.6,92.12,70.76,0.889,0.1819,8,75.9,Aman,0,normal,101.94,78.57,1.298
2025-07-31T03:30:00,3,zone3,3,3,0,3,storm,22.36,81.97,430,2,0,0.127,62.92,34.78,44.06,42.81,1.372,0.0809,3,71.17,Aman,0,normal,55.27,59.55,0.238
2025-07-31T03:45:00,3,zone3,3,3,0,0,clear,29.09,75.55,430,2,1,0.5,55.23,60.32,98.85,94.53,1.09,0.1403,4,76.1,Aman,0,normal,35.22,51.45,0.902
2025-07-31T04:00:00,4,zone4,4,3,0,2,rain,31.05,80.02,810,5,0,0.074,71.34,82.99,65.5,57.22,1.414,0.1025,4,58.85,Aman,0,normal,110.28,70.8,2.193
2025-07-31T04:15:00,5,zone5,4,3,0,1,cloudy,30.18,68.61,360,2,0,0.097,32.97,56.99,53.63,57.38,0.995,0.1583,5,62.0,Aman,0,normal,17.3,30.89,0.755
2025-07-31T04:30:00,5,zone5,4,3,0,1,cloudy,29.46,66.39,360,2,0,0.117,137.95,125.51,132.09,55.02,1.055,0.3486,4,61.48,Aman,0,normal,143.59,126.55,0.947
2025-07-31T04:45:00,2,zone2,4,3,0,0,clear,32.52,51.09,680,4,0,0.145,100.13,135.55,125.83,45.07,1.184,0.1993,2,80.44,Aman,0,normal,127.69,99.42,1.57
2025-07-31T05:00:00,1,zone1,5,3,0,0,clear,30.06,67.17,520,3,0,0.123,180.14,152.15,140.25,81.15,0.964,0.2926,7,70.68,Aman,0,normal,152.57,172.01,0.942
2025-07-31T05:15:00,2,zone2,5,3,0,0,clear,33.79,69.43,680,4,1,0.72,141.97,185.6,201.83,118.54,1.1,0.2729,3,86.1,Waspada,0,normal,141.76,141.21,0.031
2025-07-31T05:30:00,5,zone5,5,3,0,0,clear,32.21,67.53,360,2,1,0.5,34.6,51.12,57.66,79.4,1.228,0.142,4,68.82,Aman,0,normal,55.27,33.07,1.233
2025-07-31T05:45:00,4,zone4,5,3,0,0,clear,30.79,68.95,810,5,0,0.117,115.96,136.46,140.9,84.98,0.917,0.1685,3,74.09,Aman,0,normal,147.07,100.67,2.578
2025-07-31T06:00:00,4,zone4,6,3,0,0,clear,32.45,81.19,810,5,0,0.008,99.21,117.62,114.17,54.29,0.291,0.1452,8,97.7,Aman,1,density_spike,243.2,95.98,4.12
2025-07-31T06:15:00,2,zone2,6,3,0,0,clear,27.31,49.25,680,4,0,0.138,128.23,121.43,137.06,53.46,1.049,0.1786,6,75.02,Aman,0,normal,99.51,132.51,1.833
2025-07-31T06:30:00,4,zone4,6,3,0,0,clear,35.36,67.11,810,5,0,0.012,110.38,102.46,115.26,42.55,0.95,0.1265,5,77.58,Aman,0,normal,113.68,115.2,0.084
2025-07-31T06:45:00,4,zone4,6,3,0,0,clear,31.43,53.73,810,5,0,0.014,45.7,22.06,33.46,50.48,1.342,0.0272,5,63.89,Aman,1,density_spike,-12.76,49.04,3.433
2025-07-31T07:00:00,2,zone2,7,3,0,1,cloudy,26.19,59.98,680,4,0,0.039,132.41,82.4,73.93,58.31,1.226,0.1212,6,64.87,Aman,0,normal,86.79,117.92,1.73
2025-07-31T07:15:00,5,zone5,7,3,0,0,clear,31.24,67.01,360,2,0,0.037,90.12,92.28,100.94,92.23,0.776,0.2563,8,59.25,Aman,0,normal,96.02,80.05,0.887
2025-07-31T07:30:00,1,zone1,7,3,0,0,clear,30.85,63.52,520,3,0,0.087,157.07,171.71,172.04,65.53,0.935,0.3302,5,67.94,Aman,0,normal,188.23,143.17,2.503
2025-07-31T07:45:00,2,zone2,7,3,0,1,cloudy,25.47,73.46,680,4,0,0.136,111.29,124.27,106.22,70.5,1.087,0.1828,7,72.3,Aman,0,normal,123.23,101.87,1.186
2025-07-31T08:00:00,1,zone1,8,3,0,1,cloudy,31.16,66.24,520,3,0,0.026,94.06,69.9,127.96,73.36,1.251,0.1344,8,69.43,Aman,0,normal,61.21,92.7,1.75
2025-07-31T08:15:00,5,zone5,8,3,0,0,clear,29.95,67.89,360,2,1,0.802,130.29,228.35,278.37,136.0,0.499,0.6343,3,93.39,Bahaya,1,density_spike,234.83,120.31,6.362
2025-07-31T08:30:00,2,zone2,8,3,0,0,clear,31.25,51.87,680,4,0,0.176,138.8,151.48,165.19,64.05,1.503,0.2228,8,64.13,Aman,0,normal,157.01,123.31,1.872
2025-07-31T08:45:00,4,zone4,8,3,0,0,clear,34.05,84.13,810,5,0,0.001,120.41,139.11,114.7,51.17,1.298,0.1717,5,60.0,Aman,0,normal,134.26,105.97,1.572
2025-07-31T09:00:00,4,zone4,9,3,0,2,rain,26.09,97.35,810,5,0,0.092,79.08,64.73,94.36,44.93,1.204,0.0799,8,70.18,Aman,0,normal,55.27,80.56,1.405
2025-07-31T09:15:00,3,zone3,9,3,0,1,cloudy,29.6,70.29,430,2,1,0.804,100.1,196.43,270.08,106.63,0.804,0.4568,2,80.64,Waspada,1,density_spike,173.6,97.51,4.227
2025-07-31T09:30:00,5,zone5,9,3,0,0,clear,29.25,81.16,360,2,0,0.094,85.44,89.32,98.41,79.45,0.871,0.2481,7,74.37,Aman,0,normal,79.96,94.84,0.827
2025-07-31T09:45:00,2,zone2,9,3,0,0,clear,28.76,60.13,680,4,0,0.178,175.31,200.66,202.52,83.64,0.992,0.2951,7,62.87,Aman,0,normal,202.4,178.72,1.104
2025-07-31T10:00:00,1,zone1,10,3,0,1,cloudy,29.52,69.53,520,3,0,0.017,199.7,195.48,187.12,67.23,0.947,0.3759,7,61.15,Aman,0,normal,192.17,192.6,0.019
2025-07-31T10:15:00,5,zone5,10,3,0,0,clear,30.17,56.52,360,2,0,0.049,113.43,96.13,104.79,27.26,0.985,0.267,7,72.34,Aman,0,normal,51.65,102.14,2.805
2025-07-31T10:30:00,5,zone5,10,3,0,2,rain,27.56,85.8,360,2,0,0.077,86.82,96.79,82.36,50.22,1.41,0.2688,2,74.22,Aman,0,normal,86.66,92.91,0.347
2025-07-31T10:45:00,5,zone5,10,3,0,0,clear,29.03,77.61,360,2,0,0.124,102.85,138.17,135.13,57.22,0.956,0.3838,8,72.81,Aman,0,normal,126.41,91.15,1.959
2025-07-31T11:00:00,1,zone1,11,3,0,0,clear,29.52,53.89,520,3,0,0.061,180.31,184.95,167.03,39.57,0.918,0.3557,8,75.73,Aman,0,normal,237.14,181.77,2.539
2025-07-31T11:15:00,4,zone4,11,3,0,1,cloudy,31.24,58.64,810,5,0,0.031,116.64,88.08,116.54,70.48,0.929,0.1087,8,65.28,Aman,0,normal,103.75,115.45,0.65
2025-07-31T11:30:00,2,zone2,11,3,0,2,rain,27.89,78.77,680,4,0,0.174,85.27,59.13,104.75,50.28,1.151,0.087,2,65.24,Aman,0,normal,50.96,84.22,1.848
2025-07-31T11:45:00,5,zone5,11,3,0,0,clear,27.66,66.77,360,2,0,0.088,67.94,82.95,80.73,45.84,0.669,0.2304,7,68.25,Aman,0,normal,94.21,74.46,1.097
2025-07-31T12:00:00,4,zone4,12,3,0,0,clear,34.16,75.01,810,5,0,0.075,98.3,97.89,91.95,67.15,1.212,0.1209,3,67.3,Aman,0,normal,79.85,99.89,1.113
2025-07-31T12:15:00,4,zone4,12,3,0,0,clear,31.71,61.7,810,5,1,0.768,156.78,211.99,219.38,118.97,1.452,0.2617,2,83.8,Waspada,0,normal,201.79,151.87,2.739
2025-07-31T12:30:00,1,zone1,12,3,0,1,cloudy,31.77,73.01,520,3,0,0.132,153.54,125.6,134.37,77.97,1.258,0.2415,8,64.11,Aman,0,normal,123.71,142.11,1.022
2025-07-31T12:45:00,1,zone1,12,3,0,0,clear,34.15,73.27,520,3,0,0.149,115.41,126.76,154.12,71.31,0.855,0.2438,8,69.26,Aman,0,normal,133.26,115.2,1.003
2025-07-31T13:00:00,1,zone1,13,3,0,0,clear,30.33,73.49,520,3,0,0.173,181.27,186.34,185.92,84.19,0.817,0.3583,8,65.75,Waspada,0,normal,161.28,162.74,0.075
2025-07-31T13:15:00,2,zone2,13,3,0,0,clear,31.97,64.84,680,4,0,0.02,173.85,177.94,159.35,38.93,0.558,0.2617,3,67.76,Aman,0,normal,198.78,182.2,0.758
2025-07-31T13:30:00,4,zone4,13,3,0,0,clear,26.78,58.5,810,5,1,0.569,117.13,175.94,156.89,84.23,1.007,0.2172,3,75.31,Aman,1,density_spike,172.39,107.98,3.578
2025-07-31T13:45:00,3,zone3,13,3,0,0,clear,28.36,68.68,430,2,0,0.088,115.33,122.4,133.67,75.2,1.518,0.2846,2,67.78,Aman,0,normal,103.02,102.12,0.05
2025-07-31T14:00:00,4,zone4,14,3,0,1,cloudy,29.83,75.54,810,5,0,0.019,75.55,115.64,133.91,54.3,1.301,0.1428,8,61.78,Aman,0,normal,122.94,83.21,2.207
2025-07-31T14:15:00,2,zone2,14,3,0,2,rain,28.98,77.7,680,4,0,0.019,133.96,126.1,123.33,64.89,0.975,0.1854,7,79.83,Aman,0,normal,116.26,140.19,1.329
2025-07-31T14:30:00,2,zone2,14,3,0,0,clear,26.29,79.53,680,4,0,0.056,152.55,132.26,91.73,79.81,0.899,0.1945,3,65.54,Aman,0,normal,124.96,162.85,1.939
2025-07-31T14:45:00,4,zone4,14,3,0,2,rain,30.87,72.58,810,5,0,0.037,86.1,101.29,130.73,59.38,1.068,0.125,7,67.14,Aman,0,normal,113.33,91.92,1.19
2025-07-31T15:00:00,4,zone4,15,3,0,0,clear,32.59,62.71,810,5,0,0.007,93.13,91.18,76.56,57.15,0.949,0.1126,6,63.78,Aman,0,normal,88.79,95.02,0.346
2025-07-31T15:15:00,5,zone5,15,3,0,0,clear,30.83,72.0,360,2,0,0.123,128.64,104.74,78.18,76.55,0.861,0.291,6,67.61,Aman,0,normal,111.04,134.99,1.331
2025-07-31T15:30:00,2,zone2,15,3,0,1,cloudy,30.25,61.33,680,4,0,0.0,87.53,80.25,74.62,87.29,0.362,0.118,7,83.81,Aman,1,density_spike,139.62,76.54,5.478
2025-07-31T15:45:00,1,zone1,15,3,0,1,cloudy,27.6,61.83,520,3,0,0.035,163.88,146.52,106.05,62.87,1.052,0.2818,8,72.3,Aman,1,density_spike,105.8,179.71,3.427
2025-07-31T16:00:00,3,zone3,16,3,0,0,clear,31.79,61.12,430,2,0,0.173,76.73,71.96,44.11,43.04,1.463,0.1674,7,58.06,Aman,0,normal,80.12,68.16,0.664
2025-07-31T16:15:00,4,zone4,16,3,0,1,cloudy,29.41,72.09,810,5,0,0.035,120.25,75.71,80.94,63.24,1.248,0.0935,6,69.19,Aman,1,density_spike,62.46,134.43,3.998
2025-07-31T16:30:00,5,zone5,16,3,0,0,clear,30.37,53.66,360,2,0,0.101,64.54,53.22,30.42,76.06,0.941,0.1478,2,62.62,Aman,0,normal,76.47,66.52,0.553
2025-07-31T16:45:00,5,zone5,16,3,0,2,rain,27.5,91.22,360,2,0,0.004,56.04,42.64,71.83,64.74,0.922,0.1184,3,65.83,Aman,0,normal,52.35,51.1,0.07
2025-07-31T17:00:00,1,zone1,17,3,0,2,rain,34.02,90.63,520,3,0,0.042,95.57,118.77,84.47,25.8,0.942,0.2284,2,69.26,Aman,0,normal,140.05,97.14,2.384
2025-07-31T17:15:00,5,zone5,17,3,0,2,rain,23.47,92.45,360,2,0,0.036,101.24,77.37,57.95,89.56,0.832,0.2149,2,70.34,Aman,0,normal,71.99,99.67,1.538
2025-07-31T17:30:00,3,zone3,17,3,0,0,clear,30.12,72.77,430,2,1,0.954,81.71,150.32,207.8,121.94,0.83,0.3496,7,74.18,Waspada,1,density_spike,166.14,84.01,4.563
2025-07-31T17:45:00,5,zone5,17,3,0,0,clear,29.21,70.86,360,2,0,0.127,119.47,92.27,108.5,83.22,0.866,0.2563,8,74.45,Aman,0,normal,98.21,128.68,1.693
2025-07-31T18:00:00,5,zone5,18,3,0,1,cloudy,29.11,74.8,360,2,0,0.025,177.05,169.68,195.78,64.67,0.824,0.4713,7,72.3,Waspada,0,normal,171.08,163.28,0.398
2025-07-31T18:15:00,1,zone1,18,3,0,1,cloudy,33.86,68.96,520,3,1,0.697,186.45,219.86,315.47,102.72,1.222,0.4228,2,84.6,Waspada,0,normal,244.27,184.2,2.717
2025-07-31T18:30:00,4,zone4,18,3,0,0,clear,29.8,54.68,810,5,1,0.556,114.04,186.73,223.9,143.03,1.016,0.2305,8,82.58,Waspada,1,density_spike,179.88,99.73,4.453
2025-07-31T18:45:00,2,zone2,18,3,0,0,clear,31.71,58.4,680,4,0,0.153,134.76,148.73,187.98,69.08,1.139,0.2187,6,66.36,Aman,0,normal,131.49,150.85,1.069
2025-07-31T19:00:00,3,zone3,19,3,0,1,cloudy,31.58,70.9,430,2,0,0.148,105.65,104.33,129.63,9.77,0.923,0.2426,3,81.57,Aman,0,normal,102.81,111.38,0.476
2025-07-31T19:15:00,1,zone1,19,3,0,0,clear,32.8,73.21,520,3,0,0.127,242.36,238.04,303.74,88.75,0.858,0.4578,6,73.69,Waspada,0,normal,244.83,225.13,0.729
2025-07-31T19:30:00,4,zone4,19,3,0,0,clear,32.39,63.73,810,5,0,0.143,77.33,107.08,116.56,37.08,1.233,0.1322,6,67.83,Aman,0,normal,107.13,79.31,1.545
2025-07-31T19:45:00,1,zone1,19,3,0,0,clear,32.57,81.8,520,3,0,0.006,179.47,176.22,213.2,52.05,0.904,0.3389,5,66.4,Aman,0,normal,142.92,187.56,1.984
2025-07-31T20:00:00,2,zone2,20,3,0,0,clear,29.96,70.67,680,4,0,0.08,164.16,175.19,231.11,56.84,1.241,0.2576,3,59.96,Aman,0,normal,153.01,180.58,1.272
2025-07-31T20:15:00,5,zone5,20,3,0,2,rain,29.78,76.51,360,2,0,0.119,87.57,88.73,123.01,40.7,1.069,0.2465,4,73.12,Aman,0,normal,94.19,78.99,0.845
2025-07-31T20:30:00,3,zone3,20,3,0,0,clear,30.01,54.75,430,2,0,0.081,154.31,138.59,157.03,70.2,1.127,0.3223,3,69.93,Aman,0,normal,162.44,154.93,0.404
2025-07-31T20:45:00,5,zone5,20,3,0,0,clear,28.97,62.38,360,2,0,0.161,140.21,162.03,226.88,45.59,1.003,0.4501,7,81.43,Waspada,0,normal,182.69,149.95,1.819
2025-07-31T21:00:00,1,zone1,21,3,0,0,clear,33.72,80.32,520,3,0,0.035,200.95,216.58,268.17,90.96,0.383,0.4165,2,75.72,Waspada,1,density_spike,356.66,182.25,5.335
2025-07-31T21:15:00,3,zone3,21,3,0,1,cloudy,26.26,71.5,430,2,0,0.119,119.37,107.19,124.7,53.53,0.807,0.2493,3,71.68,Aman,0,normal,114.64,107.08,0.42
2025-07-31T21:30:00,4,zone4,21,3,0,1,cloudy,31.31,63.66,810,5,0,0.029,131.44,119.52,138.91,46.64,1.41,0.1476,3,70.34,Aman,0,normal,130.95,125.5,0.303
2025-07-31T21:45:00,4,zone4,21,3,0,0,clear,32.38,65.17,810,5,0,0.046,132.77,100.88,84.1,36.98,0.988,0.1245,8,77.72,Aman,0,normal,74.48,116.11,2.313
2025-07-31T22:00:00,4,zone4,22,3,0,1,cloudy,23.99,70.9,810,5,0,0.08,132.19,129.17,136.68,44.01,1.144,0.1595,3,59.06,Aman,0,normal,131.67,147.18,0.862
2025-07-31T22:15:00,1,zone1,22,3,0,0,clear,32.65,76.19,520,3,0,0.113,190.89,172.48,147.17,72.99,0.844,0.3317,3,62.78,Aman,0,normal,186.87,201.98,0.623
2025-07-31T22:30:00,1,zone1,22,3,0,1,cloudy,33.44,78.16,520,3,0,0.072,194.08,212.34,240.0,53.41,0.917,0.4084,4,51.47,Aman,0,normal,207.98,195.66,0.524
2025-07-31T22:45:00,5,zone5,22,3,0,1,cloudy,29.78,81.58,360,2,0,0.165,80.19,95.42,95.89,62.92,0.301,0.2651,5,95.5,Aman,1,density_spike,188.94,87.09,6.074
2025-07-31T23:00:00,3,zone3,23,3,0,0,clear,32.04,60.71,430,2,0,0.007,57.82,49.4,73.39,38.15,1.091,0.1149,6,61.5,Aman,0,normal,79.45,50.42,1.612
2025-07-31T23:15:00,5,zone5,23,3,0,1,cloudy,26.58,69.95,360,2,0,0.094,109.54,119.48,95.46,75.95,0.92,0.3319,4,64.51,Aman,0,normal,93.72,116.1,1.243
2025-07-31T23:30:00,4,zone4,23,3,0,0,clear,30.45,58.92,810,5,0,0.039,98.39,123.43,115.4,29.46,1.1,0.1524,3,68.79,Aman,0,normal,144.94,100.94,2.444
2025-07-31T23:45:00,3,zone3,23,3,0,2,rain,27.59,84.73,430,2,0,0.036,91.72,90.85,88.84,62.08,0.895,0.2113,2,62.7,Aman,0,normal,115.96,96.92,1.058
2025-08-01T00:00:00,3,zone3,0,4,0,2,rain,28.91,92.02,430,2,0,0.131,75.44,38.91,51.88,84.98,1.16,0.0905,8,71.25,Aman,0,normal,40.7,79.92,2.179
2025-08-01T00:15:00,1,zone1,0,4,0,0,clear,35.69,77.13,520,3,0,0.114,102.99,113.66,154.66,62.71,1.385,0.2186,7,70.02,Aman,0,normal,120.89,95.12,1.432
2025-08-01T00:30:00,1,zone1,0,4,0,2,rain,29.8,76.92,520,3,0,0.137,84.99,57.2,46.81,45.2,1.309,0.11,5,68.23,Aman,0,normal,44.95,91.8,2.603
2025-08-01T00:45:00,5,zone5,0,4,0,0,clear,33.75,73.54,360,2,0,0.159,95.53,117.27,120.98,64.86,0.953,0.3257,3,68.56,Aman,0,normal,109.89,105.03,0.27
2025-08-01T01:00:00,2,zone2,1,4,0,1,cloudy,29.96,71.6,680,4,0,0.153,61.63,62.8,59.74,35.21,1.118,0.0924,5,61.23,Aman,0,normal,84.42,55.61,1.601
2025-08-01T01:15:00,2,zone2,1,4,0,1,cloudy,25.04,79.6,680,4,0,0.127,84.75,81.67,46.04,79.23,0.36,0.1201,7,81.82,Aman,1,density_spike,82.91,93.03,4.111
2025-08-01T01:30:00,1,zone1,1,4,0,0,clear,33.13,71.4,520,3,0,0.098,126.96,138.92,125.38,52.21,1.113,0.2672,2,70.65,Aman,0,normal,161.16,112.08,2.727
2025-08-01T01:45:00,5,zone5,1,4,0,3,storm,24.14,81.24,360,2,0,0.146,39.72,4.88,13.98,50.76,0.949,0.0135,8,72.86,Aman,0,normal,12.06,39.83,1.543
2025-08-01T02:00:00,3,zone3,2,4,0,1,cloudy,29.31,76.2,430,2,0,0.11,131.83,106.82,110.67,40.42,1.143,0.2484,7,69.2,Aman,0,normal,125.36,143.5,1.008
2025-08-01T02:15:00,5,zone5,2,4,0,3,storm,20.45,95.51,360,2,0,0.138,79.91,53.84,69.14,49.31,1.226,0.1496,4,63.13,Aman,0,normal,81.48,80.48,0.056
2025-08-01T02:30:00,1,zone1,2,4,0,0,clear,33.43,68.81,520,3,0,0.145,165.25,186.82,186.8,59.71,0.942,0.3593,7,70.1,Aman,0,normal,180.88,151.95,1.587
2025-08-01T02:45:00,2,zone2,2,4,0,1,cloudy,29.28,85.83,680,4,1,0.69,106.83,139.0,154.21,112.91,1.067,0.2044,3,80.09,Waspada,1,density_spike,172.94,98.82,4.118
2025-08-01T03:00:00,3,zone3,3,4,0,1,cloudy,28.12,76.68,430,2,0,0.039,102.25,128.84,137.39,76.45,1.185,0.2996,2,57.64,Aman,0,normal,114.88,102.18,0.705
2025-08-01T03:15:00,3,zone3,3,4,0,2,rain,27.65,95.15,430,2,0,0.047,55.42,32.42,59.33,32.81,1.141,0.0754,7,75.49,Aman,0,normal,44.43,52.8,0.465
2025-08-01T03:30:00,1,zone1,3,4,0,0,clear,34.49,60.38,520,3,0,0.016,130.43,112.67,101.22,18.51,0.913,0.2167,4,71.7,Aman,0,normal,112.58,128.27,0.872
2025-08-01T03:45:00,1,zone1,3,4,0,1,cloudy,27.73,79.96,520,3,0,0.111,131.27,121.62,110.25,75.47,0.805,0.2339,2,64.91,Aman,0,normal,92.28,133.91,2.313
2025-08-01T04:00:00,1,zone1,4,4,0,2,rain,27.15,78.11,520,3,0,0.161,127.44,119.18,120.38,62.06,0.469,0.2292,4,90.22,Aman,1,density_spike,30.65,131.42,4.275
2025-08-01T04:15:00,5,zone5,4,4,0,1,cloudy,30.43,75.69,360,2,0,0.162,34.49,48.14,47.85,55.62,1.424,0.1337,7,67.72,Aman,0,normal,40.41,30.32,0.56
2025-08-01T04:30:00,5,zone5,4,4,0,1,cloudy,28.4,78.4,360,2,0,0.054,25.44,23.59,56.3,40.01,1.031,0.0655,3,62.01,Aman,0,normal,29.55,25.42,0.229
2025-08-01T04:45:00,5,zone5,4,4,0,1,cloudy,29.23,58.47,360,2,0,0.085,41.22,63.17,68.76,41.11,1.197,0.1755,8,66.2,Aman,0,normal,54.25,42.87,0.632
2025-08-01T05:00:00,2,zone2,5,4,0,1,cloudy,29.22,63.21,680,4,0,0.178,134.84,118.22,141.51,93.97,1.543,0.1739,7,80.57,Aman,0,normal,114.82,144.01,1.621
2025-08-01T05:15:00,3,zone3,5,4,0,0,clear,32.3,61.06,430,2,1,0.45,99.8,126.67,96.93,104.96,0.888,0.2946,3,69.64,Waspada,0,normal,117.7,96.29,1.189
2025-08-01T05:30:00,2,zone2,5,4,0,0,clear,34.53,69.71,680,4,0,0.143,147.69,165.97,149.23,61.69,0.901,0.2441,5,70.64,Aman,0,normal,168.7,129.09,2.201
2025-08-01T05:45:00,2,zone2,5,4,0,0,clear,28.67,59.79,680,4,0,0.157,177.4,198.82,181.97,123.54,1.286,0.2924,3,66.22,Waspada,0,normal,192.54,164.69,1.409
2025-08-01T06:00:00,4,zone4,6,4,0,1,cloudy,27.63,65.71,810,5,0,0.047,89.09,51.07,85.91,48.6,1.074,0.063,2,66.55,Aman,0,normal,67.07,94.23,1.508
2025-08-01T06:15:00,2,zone2,6,4,0,2,rain,26.26,80.82,680,4,0,0.038,97.18,64.16,42.19,39.51,0.372,0.0944,3,88.29,Aman,1,density_spike,164.41,91.39,4.714
2025-08-01T06:30:00,1,zone1,6,4,0,0,clear,29.09,53.84,520,3,0,0.136,173.34,162.01,188.17,58.26,0.944,0.3116,4,75.66,Aman,0,normal,162.88,171.38,0.413
2025-08-01T06:45:00,1,zone1,6,4,0,0,clear,30.32,74.49,520,3,0,0.089,204.0,219.42,233.13,59.87,1.079,0.422,2,78.31,Aman,0,normal,235.5,223.35,0.453
2025-08-01T07:00:00,3,zone3,7,4,0,1,cloudy,27.56,76.21,430,2,0,0.001,86.19,74.72,64.65,40.22,1.222,0.1738,3,60.43,Aman,0,normal,94.99,81.02,0.776
2025-08-01T07:15:00,3,zone3,7,4,0,0,clear,31.65,67.08,430,2,0,0.047,79.44,76.14,50.75,45.3,0.91,0.1771,8,60.38,Aman,0,normal,57.69,73.96,0.904
2025-08-01T07:30:00,3,zone3,7,4,0,2,rain,24.36,87.76,430,2,0,0.179,83.08,67.87,54.51,73.57,1.083,0.1578,6,61.5,Aman,0,normal,81.97,92.02,0.558
2025-08-01T07:45:00,4,zone4,7,4,0,0,clear,31.32,71.39,810,5,0,0.084,92.49,63.64,98.99,48.76,0.934,0.0786,6,67.54,Aman,0,normal,89.9,82.94,0.387
2025-08-01T08:00:00,5,zone5,8,4,0,3,storm,24.52,98,360,2,0,0.026,124.97,123.98,110.23,34.64,0.471,0.3444,4,89.2,Aman,1,density_spike,310.56,118.44,4.511
2025-08-01T08:15:00,5,zone5,8,4,0,0,clear,33.3,54.23,360,2,0,0.171,52.02,63.84,63.24,26.83,1.262,0.1773,6,62.74,Aman,0,normal,54.82,55.38,0.031
2025-08-01T08:30:00,2,zone2,8,4,0,0,clear,32.87,70.77,680,4,0,0.018,172.81,159.96,161.68,68.85,0.996,0.2352,7,67.85,Aman,0,normal,160.14,190.3,1.32
2025-08-01T08:45:00,1,zone1,8,4,0,0,clear,31.8,73.53,520,3,0,0.008,263.46,275.23,237.94,78.64,1.155,0.5293,8,82.67,Waspada,0,normal,301.47,250.14,1.71
2025-08-01T09:00:00,2,zone2,9,4,0,2,rain,26.2,77.06,680,4,0,0.09,111.11,97.6,106.41,79.76,1.394,0.1435,4,60.44,Aman,0,normal,89.0,104.53,0.863
2025-08-01T09:15:00,4,zone4,9,4,0,0,clear,29.95,71.12,810,5,1,0.808,100.45,173.68,216.53,122.25,1.197,0.2144,3,88.76,Waspada,1,density_spike,201.64,108.31,5.185
2025-08-01T09:30:00,5,zone5,9,4,0,0,clear,32.61,75.66,360,2,0,0.015,136.02,138.9,113.73,35.09,1.029,0.3858,6,70.71,Aman,0,normal,144.08,126.44,0.98
2025-08-01T09:45:00,5,zone5,9,4,0,0,clear,34.55,72.25,360,2,0,0.116,138.37,154.78,180.99,57.22,0.869,0.4299,2,80.47,Waspada,0,normal,164.5,121.96,2.364
2025-08-01T10:00:00,3,zone3,10,4,0,0,clear,25.12,60.27,430,2,0,0.098,98.39,101.3,112.3,27.68,1.186,0.2356,4,66.14,Aman,0,normal,88.86,105.69,0.935
2025-08-01T10:15:00,2,zone2,10,4,0,2,rain,30.89,81.72,680,4,0,0.139,101.23,118.85,147.09,34.69,1.322,0.1748,4,63.55,Aman,0,normal,104.48,97.83,0.369
2025-08-01T10:30:00,1,zone1,10,4,0,3,storm,25.76,80.25,520,3,0,0.118,122.8,136.05,111.63,62.0,0.983,0.2616,4,73.65,Aman,0,normal,143.02,133.95,0.504
2025-08-01T10:45:00,5,zone5,10,4,0,1,cloudy,26.31,81.24,360,2,0,0.117,69.79,92.89,109.84,65.34,1.079,0.258,8,65.59,Aman,0,normal,112.58,72.37,2.234
2025-08-01T11:00:00,3,zone3,11,4,0,2,rain,28.27,76.16,430,2,0,0.069,97.25,74.02,87.5,72.2,1.239,0.1721,2,74.82,Aman,0,normal,62.56,84.29,1.207
2025-08-01T11:15:00,4,zone4,11,4,0,0,clear,30.72,68.72,810,5,0,0.053,95.99,71.25,82.15,47.88,1.191,0.088,7,62.98,Aman,0,normal,51.63,95.52,2.439
2025-08-01T11:30:00,1,zone1,11,4,0,1,cloudy,25.64,82.5,520,3,0,0.106,170.93,183.44,225.11,46.67,0.903,0.3528,8,85.68,Aman,0,normal,190.85,172.63,0.879
2025-08-01T11:45:00,2,zone2,11,4,0,0,clear,29.31,70.6,680,4,0,0.094,151.15,169.4,137.89,83.78,1.352,0.2491,4,72.58,Aman,0,normal,163.03,150.84,0.673
2025-08-01T12:00:00,1,zone1,12,4,0,1,cloudy,28.43,78.83,520,3,0,0.071,103.17,84.95,100.2,65.27,1.332,0.1634,5,55.68,Aman,0,normal,76.77,109.28,1.806
2025-08-01T12:15:00,3,zone3,12,4,0,0,clear,31.48,75.31,430,2,0,0.113,134.3,148.57,159.18,61.36,0.911,0.3455,5,72.28,Aman,0,normal,161.22,136.41,1.378
2025-08-01T12:30:00,2,zone2,12,4,0,0,clear,28.91,63.55,680,4,0,0.085,142.27,153.92,204.98,79.93,0.945,0.2264,7,68.67,Aman,0,normal,135.73,123.23,0.694
2025-08-01T12:45:00,2,zone2,12,4,0,1,cloudy,25.8,75.28,680,4,0,0.137,128.62,124.7,93.84,47.69,1.004,0.1834,6,59.06,Aman,0,normal,130.8,134.43,0.202
2025-08-01T13:00:00,4,zone4,13,4,0,0,clear,35.28,68.81,810,5,0,0.109,69.88,78.57,86.49,68.78,0.962,0.097,4,72.03,Aman,0,normal,108.04,68.42,2.201
2025-08-01T13:15:00,4,zone4,13,4,0,1,cloudy,34.36,70.18,810,5,1,0.806,162.63,212.13,302.41,137.91,1.383,0.2619,3,78.88,Waspada,1,density_spike,259.49,148.54,6.164
2025-08-01T13:30:00,5,zone5,13,4,0,2,rain,31.25,76.97,360,2,0,0.029,24.87,17.63,9.01,38.79,1.121,0.049,5,67.23,Aman,0,normal,12.46,27.14,0.816
2025-08-01T13:45:00,4,zone4,13,4,0,1,cloudy,26.84,56.83,810,5,0,0.042,72.16,43.6,45.19,43.21,1.211,0.0538,3,65.32,Aman,0,normal,61.6,77.37,0.876
2025-08-01T14:00:00,5,zone5,14,4,0,2,rain,25.8,86.6,360,2,0,0.076,37.89,11.61,30.34,44.83,1.344,0.0323,5,73.32,Aman,0,normal,2.9,39.42,2.029
2025-08-01T14:15:00,1,zone1,14,4,0,1,cloudy,28.52,79.11,520,3,1,0.451,165.95,214.66,186.58,102.02,1.072,0.4128,8,86.74,Waspada,0,normal,214.42,165.19,2.484
2025-08-01T14:30:00,2,zone2,14,4,0,0,clear,29.75,66.83,680,4,0,0.101,116.75,117.67,118.51,82.83,1.494,0.173,4,62.1,Aman,0,normal,147.08,101.06,2.556
2025-08-01T14:45:00,1,zone1,14,4,0,0,clear,30.78,83.16,520,3,0,0.068,184.78,179.1,177.95,55.47,0.862,0.3444,4,67.48,Aman,0,normal,167.6,194.83,1.165
2025-08-01T15:00:00,5,zone5,15,4,0,2,rain,25.99,84.34,360,2,0,0.028,80.34,57.25,51.72,57.0,1.315,0.159,4,68.94,Aman,0,normal,78.17,81.81,0.202
2025-08-01T15:15:00,5,zone5,15,4,0,1,cloudy,27.63,62.84,360,2,0,0.167,87.88,91.83,109.09,58.1,0.414,0.2551,3,95.3,Aman,1,density_spike,132.5,87.22,5.038
2025-08-01T15:30:00,1,zone1,15,4,0,1,cloudy,32.56,90.25,520,3,0,0.075,174.08,158.37,140.05,67.31,1.069,0.3046,8,64.38,Aman,0,normal,165.78,186.45,0.924
2025-08-01T15:45:00,4,zone4,15,4,0,2,rain,26.73,90.43,810,5,0,0.143,30.85,4,4,41.9,1.15,0.0049,7,59.27,Aman,0,normal,11.31,27.75,0.913
2025-08-01T16:00:00,1,zone1,16,4,0,0,clear,32.83,70.48,520,3,0,0.011,147.91,171.37,149.46,62.55,0.91,0.3296,5,71.28,Aman,0,normal,177.11,147.5,1.645
2025-08-01T16:15:00,1,zone1,16,4,0,0,clear,27.37,62.47,520,3,0,0.049,164.9,183.03,171.14,55.12,0.767,0.352,5,68.62,Aman,0,normal,162.75,172.67,0.479
2025-08-01T16:30:00,5,zone5,16,4,0,0,clear,34.25,59.95,360,2,0,0.058,128.64,136.09,183.75,40.64,0.985,0.378,2,66.51,Aman,0,normal,100.8,124.6,1.322
2025-08-01T16:45:00,5,zone5,16,4,0,1,cloudy,30.85,72.95,360,2,0,0.055,100.25,72.05,90.92,65.52,0.878,0.2001,7,57.55,Aman,0,normal,93.53,88.89,0.258
2025-08-01T17:00:00,2,zone2,17,4,0,1,cloudy,31.93,80.57,680,4,0,0.123,103.14,77.91,85.72,25.07,0.858,0.1146,2,65.42,Aman,0,normal,81.8,100.6,1.044
2025-08-01T17:15:00,1,zone1,17,4,0,1,cloudy,28.58,78.09,520,3,0,0.014,205.78,185.22,185.09,71.69,0.969,0.3562,4,78.02,Aman,0,normal,195.26,199.51,0.178
2025-08-01T17:30:00,2,zone2,17,4,0,1,cloudy,26.01,76.75,680,4,0,0.126,208.98,190.04,163.86,55.38,1.339,0.2795,6,57.18,Aman,0,normal,186.16,216.43,1.166
2025-08-01T17:45:00,5,zone5,17,4,0,0,clear,30.62,66.41,360,2,0,0.02,105.04,123.11,118.4,35.69,1.18,0.342,3,69.56,Aman,0,normal,110.08,95.97,0.784
2025-08-01T18:00:00,2,zone2,18,4,0,0,clear,33.21,65.26,680,4,0,0.151,191.51,179.28,207.06,89.73,1.084,0.2637,3,63.75,Aman,0,normal,124.29,180.87,2.607
2025-08-01T18:15:00,1,zone1,18,4,0,2,rain,24.75,83.6,520,3,0,0.084,173.74,151.81,178.05,73.87,0.582,0.2919,2,66.18,Aman,0,normal,162.97,168.17,0.258
2025-08-01T18:30:00,3,zone3,18,4,0,0,clear,26.89,67.59,430,2,0,0.145,94.87,98.06,139.41,44.11,0.925,0.2281,4,70.14,Aman,0,normal,120.83,97.66,1.288
2025-08-01T18:45:00,1,zone1,18,4,0,1,cloudy,31.28,68.39,520,3,0,0.04,153.13,170.71,180.01,85.61,1.222,0.3283,5,64.19,Aman,0,normal,153.12,143.3,0.546
2025-08-01T19:00:00,2,zone2,19,4,0,0,clear,31.35,65.27,680,4,0,0.024,150.28,167.52,210.16,51.39,0.908,0.2463,4,65.26,Aman,0,normal,184.92,144.5,2.245
2025-08-01T19:15:00,1,zone1,19,4,0,3,storm,24.76,92.14,520,3,0,0.137,126.44,86.45,103.41,52.71,1.113,0.1662,6,73.34,Aman,0,normal,103.34,128.21,1.382
2025-08-01T19:30:00,1,zone1,19,4,0,1,cloudy,31.19,79.28,520,3,0,0.076,195.38,195.83,240.29,68.11,0.73,0.3766,7,76.2,Aman,0,normal,179.57,185.61,0.271
2025-08-01T19:45:00,1,zone1,19,4,0,0,clear,29.19,69.69,520,3,0,0.077,189.44,214.2,291.72,74.73,0.912,0.4119,5,64.64,Waspada,0,normal,218.16,176.29,1.979
2025-08-01T20:00:00,5,zone5,20,4,0,0,clear,31.64,63.64,360,2,0,0.165,59.39,93.29,116.48,74.31,1.416,0.2591,7,73.4,Aman,0,normal,91.74,56.02,1.984
2025-08-01T20:15:00,3,zone3,20,4,0,1,cloudy,28.5,69.7,430,2,0,0.09,135.61,143.81,188.01,60.0,0.988,0.3344,5,75.85,Aman,0,normal,103.22,128.28,1.392
2025-08-01T20:30:00,1,zone1,20,4,0,2,rain,23.9,71.55,520,3,0,0.037,119.37,112.93,127.2,73.66,1.202,0.2172,5,63.94,Aman,0,normal,131.2,107.89,1.295
2025-08-01T20:45:00,4,zone4,20,4,0,1,cloudy,32.22,60.31,810,5,0,0.084,83.24,83.62,111.57,71.17,1.14,0.1032,8,69.33,Aman,0,normal,82.65,82.3,0.019
2025-08-01T21:00:00,4,zone4,21,4,0,0,clear,26.25,66.9,810,5,0,0.029,126.97,132.74,159.29,47.52,1.282,0.1639,8,64.59,Aman,0,normal,142.83,124.8,1.002
2025-08-01T21:15:00,1,zone1,21,4,0,0,clear,32.28,66.67,520,3,0,0.138,207.74,197.75,247.01,110.98,1.177,0.3803,3,74.82,Waspada,0,normal,201.62,202.52,0.037
2025-08-01T21:30:00,4,zone4,21,4,0,2,rain,32.15,87.17,810,5,0,0.174,83.16,83.27,94.01,76.25,1.413,0.1028,6,65.18,Aman,0,normal,113.65,73.25,2.244
2025-08-01T21:45:00,2,zone2,21,4,0,0,clear,32.56,72.33,680,4,0,0.016,110.87,114.5,115.5,44.41,1.161,0.1684,8,60.1,Aman,0,normal,135.32,97.02,2.128
2025-08-01T22:00:00,1,zone1,22,4,0,0,clear,32.47,55.4,520,3,0,0.091,212.83,211.65,216.03,31.38,1.489,0.407,3,79.97,Aman,0,normal,199.94,188.95,0.484
2025-08-01T22:15:00,3,zone3,22,4,0,1,cloudy,33.29,61.08,430,2,0,0.059,96.64,77.05,69.44,69.54,1.109,0.1792,8,60.93,Aman,0,normal,86.61,90.49,0.216
2025-08-01T22:30:00,1,zone1,22,4,0,0,clear,30.27,57.82,520,3,1,0.705,226.14,256.96,285.27,125.24,0.875,0.4942,2,96.87,Waspada,0,normal,219.05,222.61,0.133
2025-08-01T22:45:00,3,zone3,22,4,0,3,storm,27.46,82.06,430,2,0,0.06,60.13,38.31,44.42,36.78,1.129,0.0891,3,65.27,Aman,0,normal,41.11,52.23,0.618
2025-08-01T23:00:00,3,zone3,23,4,0,0,clear,27.72,71.88,430,2,0,0.014,135.16,144.53,120.64,5,1.01,0.3361,3,67.65,Aman,0,normal,99.69,121.8,1.229
2025-08-01T23:15:00,5,zone5,23,4,0,1,cloudy,24.87,74.95,360,2,0,0.046,49.14,34.92,50.91,39.65,1.202,0.097,8,67.39,Aman,0,normal,37.89,42.59,0.261
2025-08-01T23:30:00,3,zone3,23,4,0,0,clear,34.37,72.39,430,2,0,0.163,142.5,121.5,149.16,57.05,1.143,0.2826,7,73.82,Aman,0,normal,129.52,140.37,0.603
2025-08-01T23:45:00,4,zone4,23,4,0,0,clear,29.88,67.58,810,5,0,0.02,74.12,72.54,60.92,42.63,0.989,0.0896,5,57.71,Aman,0,normal,103.48,72.82,1.703
2025-08-02T00:00:00,5,zone5,0,5,1,0,clear,30.37,60.47,360,2,0,0.026,11.9,6.99,31.41,35.54,1.082,0.0194,4,61.66,Aman,0,normal,-3.26,12.98,0.902
2025-08-02T00:15:00,5,zone5,0,5,1,0,clear,31.9,74.27,360,2,0,0.085,63.54,47.53,46.96,67.49,1.291,0.132,2,55.02,Aman,0,normal,68.84,55.93,0.717
2025-08-02T00:30:00,4,zone4,0,5,1,3,storm,26.71,97.16,810,5,0,0.018,68.12,10.18,30.01,38.9,0.407,0.0126,3,86.1,Aman,1,density_spike,0.8,75.91,4.033
2025-08-02T00:45:00,2,zone2,0,5,1,0,clear,31.31,67.57,680,4,0,0.169,91.16,136.28,157.87,64.14,1.2,0.2004,3,66.52,Aman,0,normal,100.58,89.5,0.616
2025-08-02T01:00:00,1,zone1,1,5,1,0,clear,31.39,76.24,520,3,0,0.172,109.09,111.8,117.81,78.63,1.17,0.215,2,76.5,Aman,0,normal,109.27,97.91,0.631
2025-08-02T01:15:00,5,zone5,1,5,1,0,clear,28.74,69.44,360,2,0,0.124,76.13,106.37,100.02,94.87,1.292,0.2955,8,82.65,Aman,0,normal,71.09,76.78,0.316
2025-08-02T01:30:00,2,zone2,1,5,1,0,clear,33.52,62.47,680,4,0,0.062,131.37,119.73,127.55,47.21,1.165,0.1761,7,56.96,Aman,0,normal,110.81,143.07,1.793
2025-08-02T01:45:00,2,zone2,1,5,1,0,clear,28.75,56.99,680,4,0,0.163,76.68,92.93,103.32,39.58,1.347,0.1367,2,73.43,Aman,0,normal,81.39,75.08,0.351
2025-08-02T02:00:00,5,zone5,2,5,1,0,clear,31.09,76.05,360,2,0,0.085,56.1,81.3,88.85,31.77,1.066,0.2258,8,63.1,Aman,0,normal,90.84,53.31,2.085
2025-08-02T02:15:00,4,zone4,2,5,1,1,cloudy,27.36,76.13,810,5,0,0.132,134.45,143.16,171.02,33.84,0.846,0.1767,2,73.37,Aman,0,normal,143.51,123.4,1.117
2025-08-02T02:30:00,1,zone1,2,5,1,0,clear,35.51,62.5,520,3,0,0.178,164.39,175.56,203.55,49.45,1.177,0.3376,2,77.24,Aman,0,normal,195.41,176.6,0.888
2025-08-02T02:45:00,1,zone1,2,5,1,1,cloudy,30.68,92.24,520,3,0,0.066,161.53,163.35,200.2,56.51,0.788,0.3141,6,70.42,Aman,0,normal,165.35,155.0,0.556
2025-08-02T03:00:00,2,zone2,3,5,1,2,rain,26.47,82.18,680,4,1,0.781,101.14,108.74,143.34,107.98,1.198,0.1599,3,75.4,Waspada,0,normal,143.9,112.43,1.748
2025-08-02T03:15:00,5,zone5,3,5,1,1,cloudy,28.78,80.21,360,2,0,0.166,17.19,23.93,21.27,23.01,1.212,0.0665,7,72.16,Aman,0,normal,-0.91,17.04,0.997
2025-08-02T03:30:00,3,zone3,3,5,1,0,clear,29.44,71.36,430,2,0,0.072,75.31,32.71,4,55.87,1.383,0.0761,2,61.92,Aman,0,normal,31.57,75.57,2.444
2025-08-02T03:45:00,4,zone4,3,5,1,0,clear,35.73,66.22,810,5,0,0.057,91.89,105.14,105.39,48.11,1.011,0.1298,3,72.83,Aman,0,normal,92.38,98.81,0.358
2025-08-02T04:00:00,4,zone4,4,5,1,3,storm,27.22,88.4,810,5,0,0.106,101.82,89.86,102.94,62.17,1.053,0.1109,8,67.14,Aman,0,normal,107.8,113.62,0.323
2025-08-02T04:15:00,4,zone4,4,5,1,2,rain,27.56,79.08,810,5,0,0.035,105.39,105.6,110.55,11.74,1.223,0.1304,8,60.0,Aman,0,normal,83.56,111.14,1.532
2025-08-02T04:30:00,2,zone2,4,5,1,2,rain,27.14,75.55,680,4,0,0.177,47.73,13.0,49.47,42.99,1.325,0.0191,3,74.16,Aman,0,normal,20.17,47.48,1.517
2025-08-02T04:45:00,5,zone5,4,5,1,0,clear,33.29,71.24,360,2,0,0.101,30.37,23.55,32.27,52.73,0.995,0.0654,3,61.31,Aman,0,normal,9.93,27.35,0.968
2025-08-02T05:00:00,1,zone1,5,5,1,2,rain,24.43,74.79,520,3,0,0.04,138.66,95.65,102.15,50.31,1.225,0.1839,7,67.95,Aman,0,normal,113.08,123.53,0.581
2025-08-02T05:15:00,4,zone4,5,5,1,0,clear,32.39,63.17,810,5,0,0.037,57.93,88.74,64.77,54.39,1.207,0.1096,4,67.92,Aman,0,normal,90.09,59.83,1.681
2025-08-02T05:30:00,3,zone3,5,5,1,0,clear,33.47,64.05,430,2,0,0.157,107.2,115.46,94.55,53.28,0.891,0.2685,8,68.38,Aman,0,normal,129.82,113.77,0.892
2025-08-02T05:45:00,5,zone5,5,5,1,2,rain,26.76,80.97,360,2,0,0.007,46.1,27.17,32.73,44.37,1.354,0.0755,5,65.48,Aman,0,normal,8.09,44.49,2.023
2025-08-02T06:00:00,3,zone3,6,5,1,1,cloudy,31.95,81.83,430,2,1,0.493,56.73,81.31,112.85,114.25,1.313,0.1891,8,73.46,Waspada,0,normal,100.97,63.19,2.099
2025-08-02T06:15:00,5,zone5,6,5,1,2,rain,29.5,78.77,360,2,0,0.06,92.66,42.0,32.06,77.13,1.373,0.1167,4,63.08,Aman,1,density_spike,17.87,84.09,3.679
2025-08-02T06:30:00,3,zone3,6,5,1,2,rain,31.08,82.71,430,2,0,0.154,114.56,84.31,94.4,77.8,1.019,0.1961,3,72.8,Aman,0,normal,90.79,101.89,0.617
2025-08-02T06:45:00,5,zone5,6,5,1,1,cloudy,27.99,74.79,360,2,0,0.165,76.0,60.18,54.3,83.64,1.319,0.1672,5,66.61,Aman,0,normal,64.48,73.19,0.484
2025-08-02T07:00:00,4,zone4,7,5,1,1,cloudy,31.03,61.46,810,5,0,0.171,81.14,77.26,80.91,36.78,1.071,0.0954,2,68.5,Aman,0,normal,86.12,84.45,0.092
2025-08-02T07:15:00,4,zone4,7,5,1,1,cloudy,28.9,82.23,810,5,1,0.986,235.65,313.28,355.63,158.29,1.01,0.3868,3,82.18,Bahaya,0,normal,300.36,239.14,2.133
2025-08-02T07:30:00,3,zone3,7,5,1,0,clear,27.91,73.82,430,2,0,0.013,122.64,103.94,66.28,20.61,1.393,0.2417,7,63.64,Aman,0,normal,116.92,127.97,0.614
2025-08-02T07:45:00,4,zone4,7,5,1,0,clear,29.61,69.25,810,5,0,0.158,118.63,157.58,167.54,57.75,1.004,0.1945,2,78.31,Aman,0,normal,150.57,104.1,2.582
2025-08-02T08:00:00,5,zone5,8,5,1,3,storm,26.9,93.15,360,2,0,0.01,107.01,97.2,97.85,48.34,0.666,0.27,8,81.71,Aman,0,normal,87.36,118.99,1.758
2025-08-02T08:15:00,1,zone1,8,5,1,0,clear,29.55,69.88,520,3,0,0.052,199.88,224.52,216.72,67.83,0.942,0.4318,8,75.42,Waspada,0,normal,222.53,189.95,1.429
2025-08-02T08:30:00,2,zone2,8,5,1,0,clear,36.26,75.29,680,4,0,0.074,219.84,238.08,222.75,80.25,0.989,0.3501,4,62.08,Aman,0,normal,241.71,242.17,0.016
2025-08-02T08:45:00,3,zone3,8,5,1,0,clear,31.3,64.18,430,2,0,0.105,93.3,74.96,96.11,61.84,1.089,0.1743,4,62.75,Aman,0,normal,55.51,89.93,1.912
2025-08-02T09:00:00,4,zone4,9,5,1,0,clear,32.17,75.15,810,5,1,0.882,161.05,205.8,264.34,156.02,1.107,0.2541,6,86.33,Waspada,0,normal,225.34,180.23,2.086
2025-08-02T09:15:00,1,zone1,9,5,1,0,clear,31.28,67.4,520,3,0,0.126,187.77,182.91,196.03,75.65,1.144,0.3517,3,73.13,Aman,0,normal,217.37,187.41,1.332
2025-08-02T09:30:00,5,zone5,9,5,1,2,rain,23.31,83.58,360,2,0,0.03,66.18,31.3,44.4,22.78,0.968,0.087,2,56.26,Aman,1,density_spike,-20.11,57.22,4.296
2025-08-02T09:45:00,1,zone1,9,5,1,0,clear,29.1,82.27,520,3,0,0.068,126.67,158.04,162.82,66.54,0.953,0.3039,6,73.02,Aman,0,normal,184.25,135.04,2.734
2025-08-02T10:00:00,4,zone4,10,5,1,0,clear,30.32,67.43,810,5,0,0.142,139.04,156.07,205.69,61.26,1.275,0.1927,4,68.17,Aman,0,normal,129.5,129.88,0.021
2025-08-02T10:15:00,4,zone4,10,5,1,1,cloudy,30.8,74.84,810,5,0,0.054,102.43,70.12,48.35,36.49,1.237,0.0866,4,67.01,Aman,0,normal,70.43,108.34,2.106
2025-08-02T10:30:00,5,zone5,10,5,1,0,clear,34.37,71.62,360,2,0,0.138,57.94,47.92,53.18,23.16,1.373,0.1331,6,65.44,Aman,0,normal,19.82,54.35,1.918
2025-08-02T10:45:00,5,zone5,10,5,1,0,clear,30.9,79.83,360,2,0,0.123,181.08,235.41,263.02,54.04,0.403,0.6539,4,94.01,Waspada,1,density_spike,54.81,196.59,4.541
2025-08-02T11:00:00,5,zone5,11,5,1,0,clear,30.56,75.57,360,2,0,0.074,75.29,63.52,72.9,57.02,1.256,0.1765,7,70.03,Aman,0,normal,68.54,65.33,0.178
2025-08-02T11:15:00,2,zone2,11,5,1,0,clear,29.54,68.06,680,4,1,0.99,246.07,315.67,353.68,173.21,0.783,0.4642,7,88.84,Bahaya,0,normal,291.14,260.71,0.973
2025-08-02T11:30:00,5,zone5,11,5,1,0,clear,34.51,78.49,360,2,0,0.026,125.2,151.77,111.33,65.55,1.044,0.4216,2,64.95,Aman,0,normal,145.83,140.14,0.317
2025-08-02T11:45:00,5,zone5,11,5,1,1,cloudy,30.07,75.47,360,2,0,0.076,72.77,50.89,41.83,22.21,0.972,0.1414,5,65.64,Aman,0,normal,46.4,65.36,1.053
